[8352:10500:0625/111325.118:VERBOSE1:components\enterprise\browser\controller\chrome_browser_cloud_management_controller.cc:121] DM token = empty
[8352:10500:0625/111325.119:VERBOSE1:components\enterprise\browser\controller\chrome_browser_cloud_management_controller.cc:127] Enrollment token = 
[8352:10500:0625/111325.120:VERBOSE1:components\enterprise\browser\controller\chrome_browser_cloud_management_controller.cc:128] Client ID = bf6261b6-ce59-46fa-a88a-9bcd911896aa
[8352:10500:0625/111325.124:VERBOSE1:components\variations\service\variations_field_trial_creator.cc:76] VariationsSeedUsage:2
[8352:10500:0625/111325.125:VERBOSE1:components\variations\service\variations_field_trial_creator.cc:357] VariationsSetupComplete
[8352:10500:0625/111325.179:VERBOSE1:chrome\browser\media\webrtc\webrtc_event_log_manager.cc:121] WebRTC remote-bound event logging enabled.
[8352:10500:0625/111325.189:VERBOSE1:components\proxy_config\pref_proxy_config_tracker_impl.cc:462] 0x2cac00138340: set chrome proxy config service to 0x2cac001a01c0
[8352:10500:0625/111325.199:VERBOSE1:components\device_event_log\device_event_log_impl.cc:204] [11:13:25.192] Display: EVENT: screen_win.cc:1090 Displays updated, count: 1
[8352:10500:0625/111325.199:VERBOSE1:components\device_event_log\device_event_log_impl.cc:204] [11:13:25.200] Display: EVENT: screen_win.cc:1092 Display[1] bounds=[0,0 800x600], workarea=[0,0 800x600], scale=1, rotation=0, panel_rotation=0 external detected
[8352:10500:0625/111325.213:VERBOSE1:components\enterprise\browser\controller\chrome_browser_cloud_management_controller.cc:210] Starting CBCM Controller Initialization
[8352:10500:0625/111325.214:INFO:components\enterprise\browser\controller\chrome_browser_cloud_management_controller.cc:238] No machine level policy manager exists.
[8352:10500:0625/111325.214:VERBOSE1:chrome\installer\util\install_util.cc:218] Existing Chrome version found: 147.0.7727.138
[8352:10500:0625/111325.215:VERBOSE1:chrome\browser\enterprise\platform_auth\platform_auth_policy_observer.cc:99] PlatformAuthProviderManager enabled: 0
[8352:10500:0625/111325.219:VERBOSE1:components\policy\core\common\cloud\user_cloud_policy_store.cc:131] [policy_type=google/chrome/user] Initiating immediate policy load from disk
[8352:10500:0625/111325.221:VERBOSE1:components\policy\core\common\cloud\user_cloud_policy_store.cc:234] [policy_type=google/chrome/user] No policy found on disk
[8352:10500:0625/111325.249:VERBOSE1:components\proxy_config\pref_proxy_config_tracker_impl.cc:462] 0x2cac0013b740: set chrome proxy config service to 0x2cac001a2d80
[8352:10500:0625/111325.249:VERBOSE1:components\signin\internal\identity_manager\mutable_profile_oauth2_token_service_delegate.cc:338] MutablePO2TS::MutablePO2TS
[8352:10500:0625/111325.251:VERBOSE1:components\proxy_config\pref_proxy_config_tracker_impl.cc:462] 0x2cac0013cac0: set chrome proxy config service to 0x2cac001a3640
[8352:10500:0625/111325.252:VERBOSE1:components\device_event_log\device_event_log_impl.cc:204] [11:13:25.252] Bluetooth: EVENT: bluetooth_api.cc:82 BluetoothAPI: 0x2cac00168040
[8352:10500:0625/111325.254:VERBOSE1:components\signin\internal\identity_manager\mutable_profile_oauth2_token_service_delegate.cc:428] MutablePO2TS::RefreshTokenIsAvailable
[8352:10500:0625/111325.255:VERBOSE1:extensions\browser\api\bluetooth_low_energy\bluetooth_low_energy_event_router.cc:292] Initializing BluetoothLowEnergyEventRouter.
[8352:10500:0625/111325.256:VERBOSE1:google_apis\gaia\gaia_auth_util.cc:53] Canonicalized @gmail.com to @gmail.com
[8352:10500:0625/111325.256:VERBOSE1:google_apis\gaia\gaia_auth_util.cc:53] Canonicalized @gmail.com to @gmail.com
[8352:10500:0625/111325.256:VERBOSE1:components\signin\core\browser\account_reconcilor.cc:149] AccountReconcilor::AccountReconcilor
[8352:10500:0625/111325.257:VERBOSE1:components\signin\core\browser\account_reconcilor.cc:179] AccountReconcilor::Initialize
[8352:10500:0625/111325.258:VERBOSE1:components\signin\core\browser\account_reconcilor.cc:230] AccountReconcilor::RegisterWithContentSettings
[8352:10500:0625/111325.258:VERBOSE1:components\signin\core\browser\account_reconcilor.cc:253] AccountReconcilor::RegisterWithIdentityManager
[8352:10500:0625/111325.260:VERBOSE1:chrome\browser\permissions\prediction_service\prediction_model_handler_provider_factory.cc:58] [PermissionsAI]: PredictionModelHandlerProviderFactory::BuildServiceInstanceForBrowserContext
[8352:10500:0625/111325.260:VERBOSE1:chrome\browser\permissions\prediction_service\prediction_model_handler_provider_factory.cc:91] [PermissionsAI]: PredictionModelHandlerProviderFactory::BuildServiceInstanceForBrowserContext PermissionsAIv4 not enabled, passage embedder not setup.
[8352:10500:0625/111325.260:VERBOSE1:chrome\browser\permissions\prediction_service\prediction_model_handler_provider.cc:59] [PermissionsAI] PredictionModelHandlerProvider ctor passage_embedder available: false
[8352:10500:0625/111325.261:VERBOSE1:chrome\browser\permissions\prediction_service\prediction_model_handler_provider.cc:62] [PermissionsAI] PredictionModelHandlerProvider ctor optimization_guide available: true
[8352:10500:0625/111325.263:VERBOSE1:components\signin\internal\identity_manager\mutable_profile_oauth2_token_service_delegate.cc:428] MutablePO2TS::RefreshTokenIsAvailable
[8352:10500:0625/111325.269:VERBOSE1:extensions\browser\extension_registrar.cc:547] AddComponentExtension Web Store
[8352:10500:0625/111325.270:VERBOSE1:extensions\browser\extension_registrar.cc:549] Component extension Web Store (ahfgeienlihckogmohjhadlkjgocpleb) installing/upgrading from '' to 0.2
[8352:10500:0625/111325.270:VERBOSE1:extensions\browser\extension_registrar.cc:547] AddComponentExtension Chrome PDF Viewer
[8352:10500:0625/111325.271:VERBOSE1:extensions\browser\extension_registrar.cc:549] Component extension Chrome PDF Viewer (mhjfbmdgcfjbbpaeojofohoefgiehjai) installing/upgrading from '' to 1
[8352:10500:0625/111325.272:VERBOSE1:extensions\browser\extension_registrar.cc:547] AddComponentExtension Google Hangouts
[8352:10500:0625/111325.273:VERBOSE1:extensions\browser\extension_registrar.cc:549] Component extension Google Hangouts (nkeimhogjdpnpccoofpliimaahmaaome) installing/upgrading from '' to 1.3.26
[8352:10500:0625/111325.274:VERBOSE1:extensions\browser\extension_registrar.cc:547] AddComponentExtension Google Network Speech
[8352:10500:0625/111325.274:VERBOSE1:extensions\browser\extension_registrar.cc:549] Component extension Google Network Speech (fignfifoniblkonapihmkfakmlgkbkcf) installing/upgrading from '' to 1.0
[8352:10500:0625/111325.275:VERBOSE1:components\signin\internal\identity_manager\mutable_profile_oauth2_token_service_delegate.cc:428] MutablePO2TS::RefreshTokenIsAvailable
[8352:10500:0625/111325.276:VERBOSE1:components\signin\internal\identity_manager\mutable_profile_oauth2_token_service_delegate.cc:428] MutablePO2TS::RefreshTokenIsAvailable
[8352:10500:0625/111325.279:VERBOSE1:components\component_updater\installer_policies\on_device_head_suggest_component_installer.cc:59] On Device Head Component will fetch model for locale: ENUS500000
[8352:10500:0625/111325.280:VERBOSE1:chrome\browser\component_updater\trust_token_key_commitments_component_installer.cc:22] Registering Trust Token Key Commitments component.
[8352:10500:0625/111325.280:VERBOSE1:chrome\browser\component_updater\first_party_sets_component_installer.cc:37] Registering Related Website Sets component.
[8352:10500:0625/111325.280:VERBOSE1:chrome\browser\component_updater\privacy_sandbox_attestations_component_installer.cc:181] Registering Privacy Sandbox Attestations component
[8352:10500:0625/111325.280:VERBOSE1:chrome\browser\component_updater\file_type_policies_component_installer.cc:126] Registering File Type Policies component.
[8352:10500:0625/111325.280:VERBOSE1:chrome\browser\component_updater\hyphenation_component_installer.cc:148] Registering Hyphenation component.
[8352:10500:0625/111325.280:VERBOSE1:chrome\browser\component_updater\actor_safety_lists_component_installer.cc:139] Registering Actor Safety Lists Component.
[8352:10500:0625/111325.281:VERBOSE1:chrome\browser\component_updater\translate_kit_component_installer.cc:210] Registering TranslateKit component.
[8352:10500:0625/111325.282:VERBOSE1:chrome\browser\component_updater\wasm_tts_engine_component_installer.cc:286] Registering WASM TTS Engine component.
[8352:10500:0625/111325.283:VERBOSE1:chrome\browser\component_updater\captcha_provider_component_installer.cc:175] Registering Captcha Provider component.
[8352:10500:0625/111325.284:VERBOSE1:chrome\browser\profiles\profile_manager.cc:1376] AddKeepAlive(Default, kOffTheRecordProfile). keep_alives=[kWaitingForFirstBrowserWindow (1), kOffTheRecordProfile (1)]
[8352:10500:0625/111325.288:VERBOSE1:components\proxy_config\pref_proxy_config_tracker_impl.cc:462] 0x2cac0013e4c0: set chrome proxy config service to 0x2cac001a5b00
[8352:10500:0625/111325.289:VERBOSE1:chrome\browser\permissions\prediction_service\prediction_model_handler_provider_factory.cc:58] [PermissionsAI]: PredictionModelHandlerProviderFactory::BuildServiceInstanceForBrowserContext
[8352:10500:0625/111325.290:VERBOSE1:chrome\browser\permissions\prediction_service\prediction_model_handler_provider_factory.cc:91] [PermissionsAI]: PredictionModelHandlerProviderFactory::BuildServiceInstanceForBrowserContext PermissionsAIv4 not enabled, passage embedder not setup.
[8352:10500:0625/111325.290:VERBOSE1:chrome\browser\permissions\prediction_service\prediction_model_handler_provider.cc:59] [PermissionsAI] PredictionModelHandlerProvider ctor passage_embedder available: false
[8352:10500:0625/111325.290:VERBOSE1:chrome\browser\permissions\prediction_service\prediction_model_handler_provider.cc:62] [PermissionsAI] PredictionModelHandlerProvider ctor optimization_guide available: true
[8352:11852:0625/111325.303:VERBOSE1:components\component_updater\component_installer.cc:477] StartRegistration for Privacy Sandbox Attestations
[8352:11852:0625/111325.304:VERBOSE1:components\component_updater\component_installer.cc:312] Preinstalled component found for Privacy Sandbox Attestations at C:\Program Files\Google\Chrome\Application\147.0.7727.138\PrivacySandboxAttestationsPreloaded with version 2025.7.18.0.
[8352:10500:0625/111325.351:VERBOSE1:chrome\browser\ui\views\omnibox\omnibox_popup_closer.cc:65] Closing omnibox popup with reason: kRevertAll
[8352:10500:0625/111325.353:VERBOSE1:chrome\browser\ui\views\omnibox\omnibox_popup_closer.cc:65] Closing omnibox popup with reason: kBrowserWidgetMoved
[8352:10500:0625/111325.400:VERBOSE1:components\component_updater\component_installer.cc:556] FinishRegistration for Privacy Sandbox Attestations
[8352:10500:0625/111325.400:VERBOSE1:components\component_updater\component_updater_service.cc:169] CrxUpdateService starting up. First update attempt will take place in 60 s seconds. Next update attempt will take place in 18000 s seconds. 
[8352:10500:0625/111325.400:VERBOSE1:components\component_updater\component_installer.cc:597] Component ready, version 2025.7.18.0 in C:\Program Files\Google\Chrome\Application\147.0.7727.138\PrivacySandboxAttestationsPreloaded
[8352:10500:0625/111325.401:VERBOSE1:chrome\browser\component_updater\privacy_sandbox_attestations_component_installer.cc:111] Privacy Sandbox Attestations Component ready, version 2025.7.18.0 in C:\Program Files\Google\Chrome\Application\147.0.7727.138\PrivacySandboxAttestationsPreloaded
[8352:10500:0625/111325.401:VERBOSE1:chrome\browser\component_updater\privacy_sandbox_attestations_component_installer.cc:188] Received privacy sandbox attestations file
[8352:10500:0625/111325.411:VERBOSE1:components\signin\internal\identity_manager\mutable_profile_oauth2_token_service_delegate.cc:428] MutablePO2TS::RefreshTokenIsAvailable
[8352:10500:0625/111325.441:VERBOSE1:chrome\browser\web_applications\locks\partitioned_lock_manager.cc:262] Acquiring <PartitionedLockId>{id: 0x31, partition: 0} for Start@chrome\browser\web_applications\generated_icon_fix_manager.cc:61
[8352:10500:0625/111325.442:VERBOSE1:chrome\browser\web_applications\locks\partitioned_lock_manager.cc:243] All locks acquired for Start@chrome\browser\web_applications\generated_icon_fix_manager.cc:61
[8352:10500:0625/111325.445:VERBOSE1:chrome\browser\web_applications\locks\partitioned_lock_manager.cc:286] Releasing <PartitionedLockId>{id: 0x31, partition: 0} requested by Start@chrome\browser\web_applications\generated_icon_fix_manager.cc:61
[8352:10500:0625/111325.446:VERBOSE1:components\signin\internal\identity_manager\mutable_profile_oauth2_token_service_delegate.cc:428] MutablePO2TS::RefreshTokenIsAvailable
[8352:1740:0625/111325.485:VERBOSE1:components\component_updater\component_installer.cc:477] StartRegistration for Chrome Improved Recovery
[8352:11892:0625/111325.485:VERBOSE1:components\component_updater\component_installer.cc:477] StartRegistration for Widevine Content Decryption Module
[8352:1740:0625/111325.489:VERBOSE1:components\component_updater\component_installer.cc:477] StartRegistration for OnDeviceHeadSuggest
[8352:10500:0625/111325.489:VERBOSE1:components\component_updater\component_installer.cc:556] FinishRegistration for Chrome Improved Recovery
[8352:9252:0625/111325.485:VERBOSE1:components\component_updater\component_installer.cc:477] StartRegistration for Subresource Filter Rules
[8352:8720:0625/111325.489:VERBOSE1:components\component_updater\component_installer.cc:477] StartRegistration for Optimization Hints
[8352:3844:0625/111325.496:VERBOSE1:components\component_updater\component_installer.cc:477] StartRegistration for MEI Preload
[8352:10340:0625/111325.490:VERBOSE1:components\component_updater\component_installer.cc:477] StartRegistration for Trust Token Key Commitments
[8352:11904:0625/111325.493:VERBOSE1:components\component_updater\component_installer.cc:477] StartRegistration for Certificate Error Assistant
[8352:1740:0625/111325.493:VERBOSE1:components\component_updater\component_installer.cc:477] StartRegistration for File Type Policies
[8352:10500:0625/111325.493:VERBOSE1:components\component_updater\component_installer.cc:556] FinishRegistration for OnDeviceHeadSuggest
[8352:10500:0625/111325.503:VERBOSE1:components\component_updater\component_installer.cc:556] FinishRegistration for Subresource Filter Rules
[8352:10500:0625/111325.503:VERBOSE1:components\component_updater\component_installer.cc:556] FinishRegistration for Optimization Hints
[8352:10500:0625/111325.504:VERBOSE1:components\component_updater\component_installer.cc:556] FinishRegistration for Trust Token Key Commitments
[8352:10500:0625/111325.504:VERBOSE1:components\component_updater\component_installer.cc:556] FinishRegistration for Certificate Error Assistant
[8352:1740:0625/111325.505:VERBOSE1:components\component_updater\component_installer.cc:477] StartRegistration for Hyphenation
[8352:3844:0625/111325.496:VERBOSE1:components\component_updater\component_installer.cc:312] Preinstalled component found for MEI Preload at C:\Program Files\Google\Chrome\Application\147.0.7727.138\MEIPreload with version 1.0.7.1652906823.
[8352:1740:0625/111325.506:VERBOSE1:components\component_updater\component_installer.cc:477] StartRegistration for Zxcvbn Data Dictionaries
[8352:3224:0625/111325.509:VERBOSE1:components\component_updater\component_installer.cc:477] StartRegistration for Amount Extraction Heuristic Regexes
[8352:11904:0625/111325.501:VERBOSE1:components\component_updater\component_installer.cc:477] StartRegistration for Safety Tips
[8352:11848:0625/111325.501:VERBOSE1:components\component_updater\component_installer.cc:477] StartRegistration for Crowd Deny
[8352:11912:0625/111325.495:VERBOSE1:components\component_updater\component_installer.cc:477] StartRegistration for CRLSet
[8352:9252:0625/111325.495:VERBOSE1:components\component_updater\component_installer.cc:477] StartRegistration for Origin Trials
[8352:11892:0625/111325.489:VERBOSE1:components\component_updater\component_installer.cc:312] Preinstalled component found for Widevine Content Decryption Module at C:\Program Files\Google\Chrome\Application\147.0.7727.138\WidevineCdm with version 4.10.2934.0.
[8352:10500:0625/111325.505:VERBOSE1:components\component_updater\component_installer.cc:556] FinishRegistration for File Type Policies
[8352:10500:0625/111325.516:VERBOSE1:components\component_updater\component_installer.cc:556] FinishRegistration for Hyphenation
[8352:10500:0625/111325.517:VERBOSE1:components\component_updater\component_installer.cc:556] FinishRegistration for MEI Preload
[8352:10500:0625/111325.518:VERBOSE1:components\component_updater\component_installer.cc:597] Component ready, version 1.0.7.1652906823 in C:\Program Files\Google\Chrome\Application\147.0.7727.138\MEIPreload
[8352:10500:0625/111325.518:VERBOSE1:components\component_updater\component_installer.cc:556] FinishRegistration for Zxcvbn Data Dictionaries
[8352:10500:0625/111325.519:VERBOSE1:components\component_updater\component_installer.cc:556] FinishRegistration for Amount Extraction Heuristic Regexes
[8352:10500:0625/111325.519:VERBOSE1:components\component_updater\component_installer.cc:556] FinishRegistration for Crowd Deny
[8352:3224:0625/111325.510:VERBOSE1:components\component_updater\component_installer.cc:477] StartRegistration for Captcha Providers
[8352:10284:0625/111325.496:VERBOSE1:components\component_updater\component_installer.cc:477] StartRegistration for PKI Metadata
[8352:3844:0625/111325.506:VERBOSE1:components\component_updater\component_installer.cc:477] StartRegistration for Actor Safety Lists
[8352:8720:0625/111325.496:VERBOSE1:net\disk_cache\simple\simple_index_file.cc:609] Simple Cache Index is being restored from disk.
[8352:10340:0625/111325.499:VERBOSE1:net\disk_cache\simple\simple_index_file.cc:609] Simple Cache Index is being restored from disk.
[8352:1740:0625/111325.509:VERBOSE1:components\component_updater\component_installer.cc:477] StartRegistration for WASM TTS Engine
[8352:10500:0625/111325.519:VERBOSE1:components\component_updater\component_installer.cc:556] FinishRegistration for CRLSet
[8352:10500:0625/111325.524:VERBOSE1:components\privacy_sandbox\privacy_sandbox_attestations\privacy_sandbox_attestations.cc:480] Parsed Privacy Sandbox Attestation list version: 2025.7.18.0
[8352:10500:0625/111325.524:VERBOSE1:components\privacy_sandbox\privacy_sandbox_attestations\privacy_sandbox_attestations.cc:482] Number of attestation entries: 263
[8352:10500:0625/111325.524:VERBOSE1:components\component_updater\component_installer.cc:556] FinishRegistration for Safety Tips
[8352:10500:0625/111325.526:VERBOSE1:components\component_updater\component_installer.cc:556] FinishRegistration for Origin Trials
[8352:10500:0625/111325.526:VERBOSE1:components\component_updater\component_installer.cc:556] FinishRegistration for Widevine Content Decryption Module
[8352:10500:0625/111325.528:VERBOSE1:components\component_updater\component_installer.cc:597] Component ready, version 4.10.2934.0 in C:\Program Files\Google\Chrome\Application\147.0.7727.138\WidevineCdm
[8352:10500:0625/111325.528:VERBOSE1:components\component_updater\component_installer.cc:556] FinishRegistration for Captcha Providers
[8352:10500:0625/111325.529:VERBOSE1:components\component_updater\component_installer.cc:556] FinishRegistration for Actor Safety Lists
[8352:10500:0625/111325.530:VERBOSE1:components\component_updater\component_installer.cc:556] FinishRegistration for WASM TTS Engine
[8352:10500:0625/111325.530:VERBOSE1:chrome\browser\component_updater\widevine_cdm_component_installer.cc:94] Registering Widevine CDM 4.10.2934.0 with Chrome
[8352:10500:0625/111325.555:VERBOSE1:components\signin\internal\identity_manager\mutable_profile_oauth2_token_service_delegate.cc:428] MutablePO2TS::RefreshTokenIsAvailable
[8352:10500:0625/111325.595:VERBOSE1:chrome\browser\local_discovery\service_discovery_device_lister.cc:36] DeviceListerStart: service_type: _googlecast._tcp.local
[8352:10500:0625/111325.595:VERBOSE1:chrome\browser\local_discovery\service_discovery_device_lister.cc:42] DiscoverNewDevices: service_type: _googlecast._tcp.local
[8352:11852:0625/111325.652:WARNING:chrome\browser\extensions\external_pref_loader.cc:295] You are using an old-style extension deployment method (external_extensions.json), which will soon be deprecated. (see http://developer.chrome.com/docs/extensions/how-to/distribute/install-extensions)
[8352:10500:0625/111325.653:VERBOSE1:chrome\browser\profiles\profile_manager.cc:1376] AddKeepAlive(Default, kExtensionUpdater). keep_alives=[kWaitingForFirstBrowserWindow (1), kOffTheRecordProfile (1), kExtensionUpdater (1)]
[8352:11856:0625/111325.653:VERBOSE1:extensions\browser\content_verifier\content_verifier.cc:947] OnFetchComplete ahfgeienlihckogmohjhadlkjgocpleb success:0
[8352:11856:0625/111325.654:VERBOSE1:extensions\browser\content_verifier\content_verifier.cc:947] OnFetchComplete mhjfbmdgcfjbbpaeojofohoefgiehjai success:0
[8352:11856:0625/111325.654:VERBOSE1:extensions\browser\content_verifier\content_verifier.cc:947] OnFetchComplete nkeimhogjdpnpccoofpliimaahmaaome success:0
[8352:11856:0625/111325.654:VERBOSE1:extensions\browser\content_verifier\content_verifier.cc:947] OnFetchComplete fignfifoniblkonapihmkfakmlgkbkcf success:0
[8352:10500:0625/111325.665:VERBOSE1:components\component_updater\component_installer.cc:556] FinishRegistration for PKI Metadata
[8352:11904:0625/111325.671:VERBOSE1:net\disk_cache\simple\simple_index_file.cc:609] Simple Cache Index is being restored from disk.
[8352:10500:0625/111325.725:VERBOSE1:chrome\browser\profiles\profile_manager.cc:1376] AddKeepAlive(Default, kBrowserWindow). keep_alives=[kWaitingForFirstBrowserWindow (1), kBrowserWindow (1), kOffTheRecordProfile (1), kExtensionUpdater (1)]
[8352:10500:0625/111325.725:VERBOSE1:chrome\browser\profiles\profile_manager.cc:1458] ClearFirstBrowserWindowKeepAlive(Default). keep_alives=[kBrowserWindow (1), kOffTheRecordProfile (1), kExtensionUpdater (1)]
[8352:10500:0625/111325.785:VERBOSE1:chrome\browser\ui\views\omnibox\omnibox_popup_closer.cc:65] Closing omnibox popup with reason: kRevertAll
[8352:10500:0625/111325.789:VERBOSE1:chrome\browser\ui\views\omnibox\omnibox_popup_closer.cc:65] Closing omnibox popup with reason: kBrowserWidgetMoved
[8352:10500:0625/111325.834:VERBOSE1:chrome\browser\enterprise\data_protection\data_protection_navigation_observer.cc:221] enterprise.data_protection: same document navigation: 0
[8352:10500:0625/111325.836:VERBOSE1:chrome\browser\enterprise\data_protection\data_protection_navigation_observer.cc:223] enterprise.data_protection: URL to scan: about:blank
[8352:10500:0625/111325.850:VERBOSE1:chrome\browser\ui\views\omnibox\omnibox_popup_closer.cc:65] Closing omnibox popup with reason: kRevertAll
[8352:10500:0625/111325.856:VERBOSE1:components\signin\internal\identity_manager\mutable_profile_oauth2_token_service_delegate.cc:428] MutablePO2TS::RefreshTokenIsAvailable
[8352:10500:0625/111325.858:VERBOSE1:chrome\browser\ui\views\omnibox\omnibox_popup_closer.cc:65] Closing omnibox popup with reason: kBlur
[8352:1196:0625/111325.860:VERBOSE1:components\signin\public\webdata\token_service_table.cc:248] Loaded tokens: result = 3 ; number of tokens loaded = 0
[8352:10500:0625/111325.884:VERBOSE1:components\signin\internal\identity_manager\mutable_profile_oauth2_token_service_delegate.cc:575] MutablePO2TS::OnWebDataServiceRequestDone. Result type: 6
[8352:10500:0625/111325.884:VERBOSE1:components\signin\internal\identity_manager\mutable_profile_oauth2_token_service_delegate.cc:637] MutablePO2TS::LoadAllCredentialsIntoMemory; 0 credential(s).
[8352:10500:0625/111325.885:VERBOSE1:components\signin\internal\identity_manager\mutable_profile_oauth2_token_service_delegate.cc:428] MutablePO2TS::RefreshTokenIsAvailable
[8352:10500:0625/111325.885:VERBOSE1:components\signin\internal\identity_manager\mutable_profile_oauth2_token_service_delegate.cc:428] MutablePO2TS::RefreshTokenIsAvailable
[8352:10500:0625/111325.885:VERBOSE1:components\signin\internal\identity_manager\mutable_profile_oauth2_token_service_delegate.cc:428] MutablePO2TS::RefreshTokenIsAvailable
[8352:10500:0625/111325.886:VERBOSE1:google_apis\gaia\gaia_auth_util.cc:53] Canonicalized @gmail.com to @gmail.com
[8352:10500:0625/111325.886:VERBOSE1:google_apis\gaia\gaia_auth_util.cc:53] Canonicalized @gmail.com to @gmail.com
[8352:10500:0625/111325.888:VERBOSE1:components\signin\internal\identity_manager\mutable_profile_oauth2_token_service_delegate.cc:428] MutablePO2TS::RefreshTokenIsAvailable
[8352:10500:0625/111325.888:VERBOSE1:components\signin\internal\identity_manager\mutable_profile_oauth2_token_service_delegate.cc:428] MutablePO2TS::RefreshTokenIsAvailable
[8352:10500:0625/111325.888:VERBOSE1:components\signin\core\browser\account_reconcilor.cc:338] AccountReconcilor::OnEndBatchOfRefreshTokenStateChanges. Reconcilor state: 1
[8352:10500:0625/111325.899:VERBOSE1:components\segmentation_platform\internal\signals\signal_filter_processor.cc:61] Segmentation platform started observing Session.TotalDuration
[8352:10500:0625/111325.900:VERBOSE1:components\segmentation_platform\internal\signals\signal_filter_processor.cc:61] Segmentation platform started observing Commerce.PriceDrops.ActiveTabNavigationComplete.IsProductDetailPage
[8352:10500:0625/111325.900:VERBOSE1:components\segmentation_platform\internal\signals\signal_filter_processor.cc:54] Segmentation platform started observing Autofill_PolledCreditCardSuggestions
[8352:10500:0625/111325.900:VERBOSE1:components\segmentation_platform\internal\signals\signal_filter_processor.cc:61] Segmentation platform started observing IOS.ParcelTracking.Tracked.AutoTrack
[8352:10500:0625/111325.900:VERBOSE1:components\segmentation_platform\internal\signals\signal_filter_processor.cc:61] Segmentation platform started observing Omnibox.SuggestionUsed.ClientSummarizedResultType
[8352:10500:0625/111325.901:VERBOSE1:components\segmentation_platform\internal\signals\signal_filter_processor.cc:54] Segmentation platform started observing MetadataWriter
[8352:10500:0625/111325.901:VERBOSE1:components\segmentation_platform\internal\signals\signal_filter_processor.cc:61] Segmentation platform started observing Sync.DeviceCount2
[8352:10500:0625/111325.901:VERBOSE1:components\segmentation_platform\internal\signals\signal_filter_processor.cc:61] Segmentation platform started observing Sync.DeviceCount2.Phone
[8352:10500:0625/111325.903:VERBOSE1:components\segmentation_platform\internal\signals\signal_filter_processor.cc:61] Segmentation platform started observing Sync.DeviceCount2.Desktop
[8352:10500:0625/111325.903:VERBOSE1:components\segmentation_platform\internal\signals\signal_filter_processor.cc:61] Segmentation platform started observing Sync.DeviceCount2.Tablet
[8352:10500:0625/111325.903:VERBOSE1:components\segmentation_platform\internal\signals\signal_filter_processor.cc:54] Segmentation platform started observing MobileBookmarkManagerOpen
[8352:10500:0625/111325.904:VERBOSE1:components\segmentation_platform\internal\signals\signal_filter_processor.cc:54] Segmentation platform started observing NewTabPage.MostVisited.Clicked
[8352:10500:0625/111325.904:VERBOSE1:components\segmentation_platform\internal\signals\signal_filter_processor.cc:54] Segmentation platform started observing TabGroup.Created.OpenInNewTab
[8352:10500:0625/111325.904:VERBOSE1:components\segmentation_platform\internal\signals\signal_filter_processor.cc:54] Segmentation platform started observing Android.HistoryPage.OpenItem
[8352:10500:0625/111325.904:VERBOSE1:components\segmentation_platform\internal\signals\signal_filter_processor.cc:54] Segmentation platform started observing MobileMenuRecentTabs
[8352:10500:0625/111325.904:VERBOSE1:components\segmentation_platform\internal\signals\signal_filter_processor.cc:61] Segmentation platform started observing PasswordManager.ManagePasswordsReferrer
[8352:10500:0625/111325.904:VERBOSE1:components\segmentation_platform\internal\signals\signal_filter_processor.cc:61] Segmentation platform started observing PasswordManager.ProfileStore.TotalAccountsHiRes3.WithScheme.Https
[8352:10500:0625/111325.905:VERBOSE1:components\segmentation_platform\internal\signals\signal_filter_processor.cc:61] Segmentation platform started observing PasswordManager.FillingAssistance
[8352:10500:0625/111325.906:VERBOSE1:components\segmentation_platform\internal\signals\signal_filter_processor.cc:61] Segmentation platform started observing PasswordManager.SavedPasswordIsGenerated
[8352:10500:0625/111325.906:VERBOSE1:components\segmentation_platform\internal\signals\signal_filter_processor.cc:61] Segmentation platform started observing PasswordManager.SaveUIDismissalReason
[8352:10500:0625/111325.906:VERBOSE1:components\segmentation_platform\internal\signals\signal_filter_processor.cc:61] Segmentation platform started observing PasswordManager.SaveUIDismissalReason
[8352:10500:0625/111325.907:VERBOSE1:components\segmentation_platform\internal\signals\signal_filter_processor.cc:61] Segmentation platform started observing IOS.CredentialExtension.IsEnabled.Startup
[8352:10500:0625/111325.908:VERBOSE1:components\segmentation_platform\internal\signals\signal_filter_processor.cc:61] Segmentation platform started observing Session.TotalDuration
[8352:10500:0625/111326.071:VERBOSE1:chrome\browser\enterprise\data_protection\data_protection_navigation_observer.cc:221] enterprise.data_protection: same document navigation: 0
[8352:10500:0625/111326.073:VERBOSE1:chrome\browser\enterprise\data_protection\data_protection_navigation_observer.cc:223] enterprise.data_protection: URL to scan: https://bintarti.store/sandbox-tema/birthday_saka-mahendara-qup4
[8352:10500:0625/111326.075:VERBOSE1:components\signin\internal\identity_manager\mutable_profile_oauth2_token_service_delegate.cc:428] MutablePO2TS::RefreshTokenIsAvailable
[8352:10500:0625/111326.115:VERBOSE1:components\segmentation_platform\internal\selection\segment_result_provider.cc:136] GetSegmentResult: segment=OPTIMIZATION_TARGET_SEGMENTATION_DEVICE_SWITCHER ignoring DB score, executing model.
[8352:10500:0625/111326.115:VERBOSE1:components\segmentation_platform\internal\selection\segment_result_provider.cc:277] ExecuteModelAndGetScore: segment=OPTIMIZATION_TARGET_SEGMENTATION_DEVICE_SWITCHER server segment info not available
[8352:10500:0625/111326.115:VERBOSE1:components\segmentation_platform\internal\selection\segment_result_provider.cc:210] OnGotModelScore: segment=OPTIMIZATION_TARGET_SEGMENTATION_DEVICE_SWITCHER failed to get database model score, trying default model.
[8352:10500:0625/111326.389:VERBOSE1:components\signin\core\browser\account_reconcilor.cc:559] AccountReconcilor::OnAccountsInCookieUpdated: CookieJar 0 accounts, Reconcilor's state is 1, Error was 
[8352:10500:0625/111326.390:VERBOSE1:components\signin\core\browser\account_reconcilor.cc:653] AccountReconcilor::LoadValidAccountsFromTokenService: Chrome 0 accounts
[8352:10500:0625/111326.390:VERBOSE1:components\signin\core\browser\account_reconcilor.cc:783] AccountReconcilor::CalculateIfMultiloginReconcileIsDone: Error was 
[8352:10500:0625/111326.390:VERBOSE1:components\signin\core\browser\account_reconcilor.cc:689] AccountReconcilor::StartReconcileIfChromeAccountsChanged
[8352:10500:0625/111326.393:VERBOSE1:components\signin\core\browser\account_reconcilor.cc:559] AccountReconcilor::OnAccountsInCookieUpdated: CookieJar 0 accounts, Reconcilor's state is 1, Error was 
[8352:10500:0625/111326.394:VERBOSE1:components\signin\core\browser\account_reconcilor.cc:653] AccountReconcilor::LoadValidAccountsFromTokenService: Chrome 0 accounts
[8352:10500:0625/111326.394:VERBOSE1:components\signin\core\browser\account_reconcilor.cc:783] AccountReconcilor::CalculateIfMultiloginReconcileIsDone: Error was 
[8352:10500:0625/111326.394:VERBOSE1:components\signin\core\browser\account_reconcilor.cc:689] AccountReconcilor::StartReconcileIfChromeAccountsChanged
[8352:10500:0625/111326.510:VERBOSE1:content\browser\renderer_host\back_forward_cache_impl.cc:863] BackForwardCacheImpl::GetCurrentBackForwardCacheEligibility: about:blank : No: HTTP status is not OK, scheme is not HTTP or HTTPS, Browsing instance is not swapped
[8352:10500:0625/111326.510:VERBOSE1:content\browser\renderer_host\back_forward_cache_impl.cc:863] BackForwardCacheImpl::GetCompleteBackForwardCacheEligibilityForReporting: about:blank : No: HTTP status is not OK, scheme is not HTTP or HTTPS, Browsing instance is not swapped
[8352:10500:0625/111326.516:VERBOSE1:chrome\browser\ui\views\omnibox\omnibox_popup_closer.cc:65] Closing omnibox popup with reason: kRevertAll
[8352:10500:0625/111326.812:VERBOSE1:chrome\browser\profiles\profile_manager.cc:1376] AddKeepAlive(Default, kExtensionUpdater). keep_alives=[kBrowserWindow (1), kOffTheRecordProfile (1), kExtensionUpdater (2)]
[8352:10500:0625/111326.993:VERBOSE1:chrome\browser\profiles\profile_manager.cc:1376] AddKeepAlive(Default, kExtensionUpdater). keep_alives=[kBrowserWindow (1), kOffTheRecordProfile (1), kExtensionUpdater (3)]
[8352:10500:0625/111327.131:VERBOSE1:chrome\browser\enterprise\data_protection\data_protection_navigation_observer.cc:221] enterprise.data_protection: same document navigation: 1
[8352:10500:0625/111327.132:VERBOSE1:chrome\browser\enterprise\data_protection\data_protection_navigation_observer.cc:223] enterprise.data_protection: URL to scan: https://bintarti.store/sandbox-tema/birthday_saka-mahendara-qup4
[8352:10500:0625/111327.135:VERBOSE1:chrome\browser\enterprise\data_protection\data_protection_navigation_observer.cc:188] enterprise.watermark: verdict source: 0
[8352:10500:0625/111327.223:INFO:CONSOLE:1] "Uncaught Error: Minified React error #300; visit https://react.dev/errors/300 for the full message or use the non-minified dev environment for full errors and additional helpful warnings.", source: https://bintarti.store/_next/static/chunks/3peubv2924kx4.js (1)
[8352:10500:0625/111327.491:VERBOSE1:chrome\browser\profiles\profile_manager.cc:1376] AddKeepAlive(Default, kSessionDataDeleter). keep_alives=[kBrowserWindow (1), kOffTheRecordProfile (1), kSessionDataDeleter (1), kExtensionUpdater (3)]
[8352:10500:0625/111327.498:VERBOSE1:chrome\browser\profiles\profile_manager.cc:1437] RemoveKeepAlive(Default, kSessionDataDeleter). keep_alives=[kBrowserWindow (1), kOffTheRecordProfile (1), kExtensionUpdater (3)]
[8352:10500:0625/111327.515:VERBOSE1:chrome\browser\profiles\profile_manager.cc:1437] RemoveKeepAlive(Default, kBrowserWindow). keep_alives=[kOffTheRecordProfile (1), kExtensionUpdater (3)]
[8352:10500:0625/111327.550:VERBOSE1:chrome\browser\actor\aggregated_journal.cc:216] [ActorTool]: ActorKeyedService::Shutdown: 
[8352:10500:0625/111327.551:VERBOSE1:components\signin\core\browser\account_reconcilor.cc:216] AccountReconcilor::Shutdown
[8352:10500:0625/111327.551:VERBOSE1:components\signin\core\browser\account_reconcilor.cc:671] AccountReconcilor::AbortReconcile: try again later
[8352:10500:0625/111327.551:VERBOSE1:components\signin\core\browser\account_reconcilor.cc:783] AccountReconcilor::CalculateIfMultiloginReconcileIsDone: Error was 
[8352:10500:0625/111327.552:VERBOSE1:components\signin\core\browser\account_reconcilor.cc:266] AccountReconcilor::UnregisterWithIdentityManager
[8352:10500:0625/111327.553:VERBOSE1:components\signin\core\browser\account_reconcilor.cc:243] AccountReconcilor::UnregisterWithContentSettings
[8352:10500:0625/111327.553:VERBOSE1:components\signin\internal\identity_manager\mutable_profile_oauth2_token_service_delegate.cc:1001] MutablePO2TS::Shutdown
[8352:10500:0625/111327.553:VERBOSE1:components\signin\internal\identity_manager\mutable_profile_oauth2_token_service_delegate.cc:348] MutablePO2TS::~MutablePO2TS
[8352:10500:0625/111327.554:VERBOSE1:components\device_event_log\device_event_log_impl.cc:204] [11:13:27.554] Bluetooth: EVENT: bluetooth_api.cc:109 BluetoothAPI: Shutdown
[8352:10500:0625/111327.557:VERBOSE1:components\sync_user_events\user_event_sync_bridge.cc:77] UserEvents during destruction: 0
[8352:10500:0625/111327.562:VERBOSE1:components\signin\core\browser\account_reconcilor.cc:156] AccountReconcilor::~AccountReconcilor
[8352:10500:0625/111327.563:VERBOSE1:chrome\browser\security_events\security_event_sync_bridge_impl.cc:66] SecurityEvents during destruction: 0
[8352:10500:0625/111327.564:VERBOSE1:components\consent_auditor\consent_sync_bridge_impl.cc:77] UserConsents during destruction: 0
[8352:10500:0625/111327.565:VERBOSE1:components\device_event_log\device_event_log_impl.cc:204] [11:13:27.565] Bluetooth: EVENT: bluetooth_api.cc:95 ~BluetoothAPI: 0x2cac00168040
[8352:10500:0625/111329.951:VERBOSE1:components\component_updater\component_updater_service.cc:186] CrxUpdateService stopping
[8352:10500:0625/111329.969:VERBOSE1:base\metrics\statistics_recorder.cc:632] Collections of all histograms
Histogram: Accessibility.CaptionSettingsLoadedFromSystemSettings recorded 4 samples, mean = 0.0 (flags = 0x1)
0  ----O                                                                     (4 = 100.0%)
1  ... 

Histogram: Accessibility.ImageLabels2 recorded 1 samples, mean = 0.0 (flags = 0x1)
0  -O                                                                        (1 = 100.0%)
1  ... 

Histogram: Accessibility.InlineTextBoxes.PresentInUpdate recorded 161 samples, mean = 0.0 (flags = 0x1)
0  ------------------------------------------------------------------------O (161 = 100.0%)
1  ... 

Histogram: Accessibility.LiveCaption.FeatureEnabled2 recorded 1 samples, mean = 1.0 (flags = 0x1)
0  O                                                                         (0 = 0.0%)
1  -O                                                                        (1 = 100.0%) {0.0%}
2  O                                                                         (0 = 0.0%) {100.0%}

Histogram: Accessibility.LiveCaption2 recorded 1 samples, mean = 0.0 (flags = 0x1)
0  -O                                                                        (1 = 100.0%)
1  ... 

Histogram: Accessibility.ManuallyEnabled recorded 1 samples, mean = 0.0 (flags = 0x1)
0  -O                                                                        (1 = 100.0%)
1  ... 

Histogram: Accessibility.Performance.AXTree.Destroy2 recorded 161 samples, mean = 0.0 (flags = 0x1)
0  ------------------------------------------------------------------------O (161 = 100.0%)
1  ... 

Histogram: Accessibility.Performance.Tree.Unserialize2 recorded 161 samples, mean = 4.6 (flags = 0x1)
0    O                                                                         (0 = 0.0%)
1    -----------------------O                                                  (23 = 14.3%) {0.0%}
2    -------------------------------------------------------------O            (61 = 37.9%) {14.3%}
3    ------------------------O                                                 (24 = 14.9%) {52.2%}
4    -------O                                                                  (7 = 4.3%) {67.1%}
5    ----------------------O                                                   (22 = 13.7%) {71.4%}
7    -----------O                                                              (11 = 6.8%) {85.1%}
9    --------O                                                                 (8 = 5.0%) {91.9%}
12   --O                                                                       (2 = 1.2%) {96.9%}
16   --O                                                                       (2 = 1.2%) {98.1%}
21   ... 
113  -O                                                                        (1 = 0.6%) {99.4%}
149  ... 

Histogram: Accessibility.ScreenAI.DeviceCompatible recorded 1 samples, mean = 1.0 (flags = 0x1)
0  O                                                                         (0 = 0.0%)
1  -O                                                                        (1 = 100.0%) {0.0%}
2  O                                                                         (0 = 0.0%) {100.0%}

Histogram: Accessibility.WebSpeech.IsOnDeviceSpeechRecognitionSupported recorded 1 samples, mean = 1.0 (flags = 0x1)
0  O                                                                         (0 = 0.0%)
1  -O                                                                        (1 = 100.0%) {0.0%}
2  O                                                                         (0 = 0.0%) {100.0%}

Histogram: Accessibility.WinHighContrastTheme recorded 1 samples, mean = 0.0 (flags = 0x1)
0  -O                                                                        (1 = 100.0%)
1  ... 

Histogram: Actor.MayOriginGatePageTransition recorded 1 samples, mean = 0.0 (flags = 0x1)
0  -O                                                                        (1 = 100.0%)
1  ... 

Histogram: AppBanners.InstallableStatusCode recorded 1 samples (flags = 0x1)
6  -O                                                                        (1 = 100.0%)

Histogram: Autofill.Address.IsEnabled.Startup recorded 1 samples, mean = 1.0 (flags = 0x1)
0  O                                                                         (0 = 0.0%)
1  -O                                                                        (1 = 100.0%) {0.0%}
2  O                                                                         (0 = 0.0%) {100.0%}

Histogram: Autofill.Ai.Deduplication.NumberOfLocalEntitiesConsidered.AllEntities recorded 1 samples, mean = 0.0 (flags = 0x1)
0  -O                                                                        (1 = 100.0%)
1  ... 

Histogram: Autofill.Ai.Deduplication.NumberOfLocalEntitiesDeduped.AllEntities recorded 1 samples, mean = 0.0 (flags = 0x1)
0  -O                                                                        (1 = 100.0%)
1  ... 

Histogram: Autofill.Ai.OptIn.Status.Startup recorded 1 samples, mean = 0.0 (flags = 0x1)
0  -O                                                                        (1 = 100.0%)
1  ... 

Histogram: Autofill.Ai.StoredEntitiesCount.DriversLicense recorded 1 samples, mean = 0.0 (flags = 0x1)
0  -O                                                                        (1 = 100.0%)
1  ... 

Histogram: Autofill.Ai.StoredEntitiesCount.DriversLicense.AccessibilityAnnotator recorded 1 samples, mean = 0.0 (flags = 0x1)
0  -O                                                                        (1 = 100.0%)
1  ... 

Histogram: Autofill.Ai.StoredEntitiesCount.DriversLicense.Local recorded 1 samples, mean = 0.0 (flags = 0x1)
0  -O                                                                        (1 = 100.0%)
1  ... 

Histogram: Autofill.Ai.StoredEntitiesCount.DriversLicense.ServerWallet recorded 1 samples, mean = 0.0 (flags = 0x1)
0  -O                                                                        (1 = 100.0%)
1  ... 

Histogram: Autofill.Ai.StoredEntitiesCount.FlightReservation recorded 1 samples, mean = 0.0 (flags = 0x1)
0  -O                                                                        (1 = 100.0%)
1  ... 

Histogram: Autofill.Ai.StoredEntitiesCount.FlightReservation.AccessibilityAnnotator recorded 1 samples, mean = 0.0 (flags = 0x1)
0  -O                                                                        (1 = 100.0%)
1  ... 

Histogram: Autofill.Ai.StoredEntitiesCount.FlightReservation.Local recorded 1 samples, mean = 0.0 (flags = 0x1)
0  -O                                                                        (1 = 100.0%)
1  ... 

Histogram: Autofill.Ai.StoredEntitiesCount.FlightReservation.ServerWallet recorded 1 samples, mean = 0.0 (flags = 0x1)
0  -O                                                                        (1 = 100.0%)
1  ... 

Histogram: Autofill.Ai.StoredEntitiesCount.KnownTravelerNumber recorded 1 samples, mean = 0.0 (flags = 0x1)
0  -O                                                                        (1 = 100.0%)
1  ... 

Histogram: Autofill.Ai.StoredEntitiesCount.KnownTravelerNumber.AccessibilityAnnotator recorded 1 samples, mean = 0.0 (flags = 0x1)
0  -O                                                                        (1 = 100.0%)
1  ... 

Histogram: Autofill.Ai.StoredEntitiesCount.KnownTravelerNumber.Local recorded 1 samples, mean = 0.0 (flags = 0x1)
0  -O                                                                        (1 = 100.0%)
1  ... 

Histogram: Autofill.Ai.StoredEntitiesCount.KnownTravelerNumber.ServerWallet recorded 1 samples, mean = 0.0 (flags = 0x1)
0  -O                                                                        (1 = 100.0%)
1  ... 

Histogram: Autofill.Ai.StoredEntitiesCount.NationalIdCard recorded 1 samples, mean = 0.0 (flags = 0x1)
0  -O                                                                        (1 = 100.0%)
1  ... 

Histogram: Autofill.Ai.StoredEntitiesCount.NationalIdCard.AccessibilityAnnotator recorded 1 samples, mean = 0.0 (flags = 0x1)
0  -O                                                                        (1 = 100.0%)
1  ... 

Histogram: Autofill.Ai.StoredEntitiesCount.NationalIdCard.Local recorded 1 samples, mean = 0.0 (flags = 0x1)
0  -O                                                                        (1 = 100.0%)
1  ... 

Histogram: Autofill.Ai.StoredEntitiesCount.NationalIdCard.ServerWallet recorded 1 samples, mean = 0.0 (flags = 0x1)
0  -O                                                                        (1 = 100.0%)
1  ... 

Histogram: Autofill.Ai.StoredEntitiesCount.Order recorded 1 samples, mean = 0.0 (flags = 0x1)
0  -O                                                                        (1 = 100.0%)
1  ... 

Histogram: Autofill.Ai.StoredEntitiesCount.Order.AccessibilityAnnotator recorded 1 samples, mean = 0.0 (flags = 0x1)
0  -O                                                                        (1 = 100.0%)
1  ... 

Histogram: Autofill.Ai.StoredEntitiesCount.Order.Local recorded 1 samples, mean = 0.0 (flags = 0x1)
0  -O                                                                        (1 = 100.0%)
1  ... 

Histogram: Autofill.Ai.StoredEntitiesCount.Order.ServerWallet recorded 1 samples, mean = 0.0 (flags = 0x1)
0  -O                                                                        (1 = 100.0%)
1  ... 

Histogram: Autofill.Ai.StoredEntitiesCount.Passport recorded 1 samples, mean = 0.0 (flags = 0x1)
0  -O                                                                        (1 = 100.0%)
1  ... 

Histogram: Autofill.Ai.StoredEntitiesCount.Passport.AccessibilityAnnotator recorded 1 samples, mean = 0.0 (flags = 0x1)
0  -O                                                                        (1 = 100.0%)
1  ... 

Histogram: Autofill.Ai.StoredEntitiesCount.Passport.Local recorded 1 samples, mean = 0.0 (flags = 0x1)
0  -O                                                                        (1 = 100.0%)
1  ... 

Histogram: Autofill.Ai.StoredEntitiesCount.Passport.ServerWallet recorded 1 samples, mean = 0.0 (flags = 0x1)
0  -O                                                                        (1 = 100.0%)
1  ... 

Histogram: Autofill.Ai.StoredEntitiesCount.RedressNumber recorded 1 samples, mean = 0.0 (flags = 0x1)
0  -O                                                                        (1 = 100.0%)
1  ... 

Histogram: Autofill.Ai.StoredEntitiesCount.RedressNumber.AccessibilityAnnotator recorded 1 samples, mean = 0.0 (flags = 0x1)
0  -O                                                                        (1 = 100.0%)
1  ... 

Histogram: Autofill.Ai.StoredEntitiesCount.RedressNumber.Local recorded 1 samples, mean = 0.0 (flags = 0x1)
0  -O                                                                        (1 = 100.0%)
1  ... 

Histogram: Autofill.Ai.StoredEntitiesCount.RedressNumber.ServerWallet recorded 1 samples, mean = 0.0 (flags = 0x1)
0  -O                                                                        (1 = 100.0%)
1  ... 

Histogram: Autofill.Ai.StoredEntitiesCount.Vehicle recorded 1 samples, mean = 0.0 (flags = 0x1)
0  -O                                                                        (1 = 100.0%)
1  ... 

Histogram: Autofill.Ai.StoredEntitiesCount.Vehicle.AccessibilityAnnotator recorded 1 samples, mean = 0.0 (flags = 0x1)
0  -O                                                                        (1 = 100.0%)
1  ... 

Histogram: Autofill.Ai.StoredEntitiesCount.Vehicle.Local recorded 1 samples, mean = 0.0 (flags = 0x1)
0  -O                                                                        (1 = 100.0%)
1  ... 

Histogram: Autofill.Ai.StoredEntitiesCount.Vehicle.ServerWallet recorded 1 samples, mean = 0.0 (flags = 0x1)
0  -O                                                                        (1 = 100.0%)
1  ... 

Histogram: Autofill.Ai.WalletContextualSurfacingEnabled recorded 1 samples, mean = 0.0 (flags = 0x1)
0  -O                                                                        (1 = 100.0%)
1  ... 

Histogram: Autofill.Bnpl.IssuersSyncedCount.Startup recorded 1 samples, mean = 0.0 (flags = 0x1)
0  -O                                                                        (1 = 100.0%)
1  ... 

Histogram: Autofill.CreditCard.IsEnabled.Startup recorded 1 samples, mean = 1.0 (flags = 0x1)
0  O                                                                         (0 = 0.0%)
1  -O                                                                        (1 = 100.0%) {0.0%}
2  O                                                                         (0 = 0.0%) {100.0%}

Histogram: Autofill.Funnel.ParsedAsType.Address recorded 4 samples, mean = 0.0 (flags = 0x1)
0  ----O                                                                     (4 = 100.0%)
1  ... 

Histogram: Autofill.Funnel.ParsedAsType.CreditCard recorded 4 samples, mean = 0.0 (flags = 0x1)
0  ----O                                                                     (4 = 100.0%)
1  ... 

Histogram: Autofill.Funnel.ParsedAsType.EmailOnly recorded 4 samples, mean = 0.0 (flags = 0x1)
0  ----O                                                                     (4 = 100.0%)
1  ... 

Histogram: Autofill.Funnel.ParsedAsType.LoyaltyCard recorded 4 samples, mean = 0.0 (flags = 0x1)
0  ----O                                                                     (4 = 100.0%)
1  ... 

Histogram: Autofill.Funnel.ParsedAsType.OneTimePassword recorded 4 samples, mean = 0.0 (flags = 0x1)
0  ----O                                                                     (4 = 100.0%)
1  ... 

Histogram: Autofill.Funnel.ParsedAsType.PostalAddress recorded 4 samples, mean = 0.0 (flags = 0x1)
0  ----O                                                                     (4 = 100.0%)
1  ... 

Histogram: Autofill.Funnel.ParsedAsType.StandaloneCvc recorded 4 samples, mean = 0.0 (flags = 0x1)
0  ----O                                                                     (4 = 100.0%)
1  ... 

Histogram: Autofill.IsEnabled.Startup recorded 1 samples, mean = 1.0 (flags = 0x1)
0  O                                                                         (0 = 0.0%)
1  -O                                                                        (1 = 100.0%) {0.0%}
2  O                                                                         (0 = 0.0%) {100.0%}

Histogram: Autofill.LoyaltyCard.StoredCardsCount recorded 1 samples, mean = 0.0 (flags = 0x1)
0  -O                                                                        (1 = 100.0%)
1  ... 

Histogram: Autofill.NumberOfDriversPerFactory recorded 1 samples, mean = 2.0 (flags = 0x1)
0  ... 
2  -O                                                                        (1 = 100.0%) {0.0%}
3  ... 

Histogram: Autofill.NumberOfFramesPerFormForest recorded 1 samples, mean = 0.0 (flags = 0x1)
0  -O                                                                        (1 = 100.0%)
1  ... 

Histogram: Autofill.PaymentMethods.CardBenefitsIsEnabled.Startup recorded 1 samples, mean = 1.0 (flags = 0x1)
0  O                                                                         (0 = 0.0%)
1  -O                                                                        (1 = 100.0%) {0.0%}
2  O                                                                         (0 = 0.0%) {100.0%}

Histogram: Autofill.PaymentMethods.CvcStorageIsEnabled.Startup recorded 1 samples, mean = 1.0 (flags = 0x1)
0  O                                                                         (0 = 0.0%)
1  -O                                                                        (1 = 100.0%) {0.0%}
2  O                                                                         (0 = 0.0%) {100.0%}

Histogram: Autofill.StoredCreditCardCount recorded 1 samples, mean = 0.0 (flags = 0x1)
0  -O                                                                        (1 = 100.0%)
1  ... 

Histogram: Autofill.StoredCreditCardCount.Local recorded 1 samples, mean = 0.0 (flags = 0x1)
0  -O                                                                        (1 = 100.0%)
1  ... 

Histogram: Autofill.StoredCreditCardCount.Local.WithInvalidCardNumber recorded 1 samples, mean = 0.0 (flags = 0x1)
0  -O                                                                        (1 = 100.0%)
1  ... 

Histogram: Autofill.StoredCreditCardCount.Local.WithNickname recorded 1 samples, mean = 0.0 (flags = 0x1)
0  -O                                                                        (1 = 100.0%)
1  ... 

Histogram: Autofill.StoredCreditCardCount.Server recorded 1 samples, mean = 0.0 (flags = 0x1)
0  -O                                                                        (1 = 100.0%)
1  ... 

Histogram: Autofill.StoredCreditCardCount.Server.WithCardArtImage recorded 1 samples, mean = 0.0 (flags = 0x1)
0  -O                                                                        (1 = 100.0%)
1  ... 

Histogram: Autofill.StoredCreditCardCount.Server.WithNickname recorded 1 samples, mean = 0.0 (flags = 0x1)
0  -O                                                                        (1 = 100.0%)
1  ... 

Histogram: Autofill.StoredCreditCardCount.Server.WithVirtualCardMetadata recorded 1 samples, mean = 0.0 (flags = 0x1)
0  -O                                                                        (1 = 100.0%)
1  ... 

Histogram: Autofill.StoredIbanCount recorded 1 samples, mean = 0.0 (flags = 0x1)
0  -O                                                                        (1 = 100.0%)
1  ... 

Histogram: Autofill.StoredProfileCount.AccountChrome recorded 1 samples, mean = 0.0 (flags = 0x1)
0  -O                                                                        (1 = 100.0%)
1  ... 

Histogram: Autofill.StoredProfileCount.AccountHome recorded 1 samples, mean = 0.0 (flags = 0x1)
0  -O                                                                        (1 = 100.0%)
1  ... 

Histogram: Autofill.StoredProfileCount.AccountNameEmail recorded 1 samples, mean = 0.0 (flags = 0x1)
0  -O                                                                        (1 = 100.0%)
1  ... 

Histogram: Autofill.StoredProfileCount.AccountNonChrome recorded 1 samples, mean = 0.0 (flags = 0x1)
0  -O                                                                        (1 = 100.0%)
1  ... 

Histogram: Autofill.StoredProfileCount.AccountWork recorded 1 samples, mean = 0.0 (flags = 0x1)
0  -O                                                                        (1 = 100.0%)
1  ... 

Histogram: Autofill.StoredProfileCount.Legacy recorded 1 samples, mean = 0.0 (flags = 0x1)
0  -O                                                                        (1 = 100.0%)
1  ... 

Histogram: Autofill.StoredProfileCount.Total recorded 1 samples, mean = 0.0 (flags = 0x1)
0  -O                                                                        (1 = 100.0%)
1  ... 

Histogram: Autofill.StoredProfileCount.TotalPostalAddressProfiles recorded 1 samples, mean = 0.0 (flags = 0x1)
0  -O                                                                        (1 = 100.0%)
1  ... 

Histogram: Autofill.StoredProfileCount.WithAlternativeName recorded 1 samples, mean = 0.0 (flags = 0x1)
0  -O                                                                        (1 = 100.0%)
1  ... 

Histogram: Autofill.ValuableMetadata.OrphanEntriesRemovedCount recorded 1 samples, mean = 0.0 (flags = 0x1)
0  -O                                                                        (1 = 100.0%)
1  ... 

Histogram: Autofill.VirtualCardUsageData.StoredUsageDataCount recorded 1 samples, mean = 0.0 (flags = 0x1)
0  -O                                                                        (1 = 100.0%)
1  ... 

Histogram: BackForwardCache.History.EntryMatch recorded 6 samples, mean = 0.0 (flags = 0x1)
0  ------O                                                                   (6 = 100.0%)
1  ... 

Histogram: BackForwardCache.NewPageNavHasPotentialMatch recorded 5 samples, mean = 0.0 (flags = 0x1)
0  -----O                                                                    (5 = 100.0%)
1  ... 

Histogram: BackForwardCache.NewPageNavHasPotentialMatchWithNoSubframes recorded 5 samples, mean = 0.0 (flags = 0x1)
0  -----O                                                                    (5 = 100.0%)
1  ... 

Histogram: Blink.UseCounter.AnimatedCSSProperties recorded 5 samples, mean = 114.2 (flags = 0x1)
0    O                                                                         (0 = 0.0%)
1    -O                                                                        (1 = 20.0%) {0.0%}
2    -O                                                                        (1 = 20.0%) {20.0%}
3    ... 
24   -O                                                                        (1 = 20.0%) {40.0%}
25   ... 
98   -O                                                                        (1 = 20.0%) {60.0%}
99   ... 
446  -O                                                                        (1 = 20.0%) {80.0%}
447  ... 

Histogram: Blink.UseCounter.CSSProperties recorded 98 samples, mean = 242.9 (flags = 0x1)
0    O                                                                         (0 = 0.0%)
1    -O                                                                        (1 = 1.0%) {0.0%}
2    -O                                                                        (1 = 1.0%) {1.0%}
3    O                                                                         (0 = 0.0%) {2.0%}
4    -O                                                                        (1 = 1.0%) {2.0%}
5    -O                                                                        (1 = 1.0%) {3.1%}
6    -O                                                                        (1 = 1.0%) {4.1%}
7    -O                                                                        (1 = 1.0%) {5.1%}
8    -O                                                                        (1 = 1.0%) {6.1%}
9    O                                                                         (0 = 0.0%) {7.1%}
10   -O                                                                        (1 = 1.0%) {7.1%}
11   ... 
14   -O                                                                        (1 = 1.0%) {8.2%}
15   ... 
20   -O                                                                        (1 = 1.0%) {9.2%}
21   -O                                                                        (1 = 1.0%) {10.2%}
22   ... 
24   -O                                                                        (1 = 1.0%) {11.2%}
25   -O                                                                        (1 = 1.0%) {12.2%}
26   O                                                                         (0 = 0.0%) {13.3%}
27   -O                                                                        (1 = 1.0%) {13.3%}
28   ... 
30   -O                                                                        (1 = 1.0%) {14.3%}
31   ... 
33   -O                                                                        (1 = 1.0%) {15.3%}
34   -O                                                                        (1 = 1.0%) {16.3%}
35   ... 
39   -O                                                                        (1 = 1.0%) {17.3%}
40   -O                                                                        (1 = 1.0%) {18.4%}
41   O                                                                         (0 = 0.0%) {19.4%}
42   -O                                                                        (1 = 1.0%) {19.4%}
43   ... 
53   -O                                                                        (1 = 1.0%) {20.4%}
54   ... 
59   -O                                                                        (1 = 1.0%) {21.4%}
60   ... 
64   -O                                                                        (1 = 1.0%) {22.4%}
65   -O                                                                        (1 = 1.0%) {23.5%}
66   -O                                                                        (1 = 1.0%) {24.5%}
67   -O                                                                        (1 = 1.0%) {25.5%}
68   -O                                                                        (1 = 1.0%) {26.5%}
69   -O                                                                        (1 = 1.0%) {27.6%}
70   ... 
72   -O                                                                        (1 = 1.0%) {28.6%}
73   ... 
77   -O                                                                        (1 = 1.0%) {29.6%}
78   ... 
81   -O                                                                        (1 = 1.0%) {30.6%}
82   O                                                                         (0 = 0.0%) {31.6%}
83   -O                                                                        (1 = 1.0%) {31.6%}
84   -O                                                                        (1 = 1.0%) {32.7%}
85   ... 
89   -O                                                                        (1 = 1.0%) {33.7%}
90   -O                                                                        (1 = 1.0%) {34.7%}
91   ... 
93   -O                                                                        (1 = 1.0%) {35.7%}
94   O                                                                         (0 = 0.0%) {36.7%}
95   -O                                                                        (1 = 1.0%) {36.7%}
96   -O                                                                        (1 = 1.0%) {37.8%}
97   O                                                                         (0 = 0.0%) {38.8%}
98   -O                                                                        (1 = 1.0%) {38.8%}
99   ... 
105  -O                                                                        (1 = 1.0%) {39.8%}
106  O                                                                         (0 = 0.0%) {40.8%}
107  -O                                                                        (1 = 1.0%) {40.8%}
108  O                                                                         (0 = 0.0%) {41.8%}
109  -O                                                                        (1 = 1.0%) {41.8%}
110  -O                                                                        (1 = 1.0%) {42.9%}
111  ... 
113  -O                                                                        (1 = 1.0%) {43.9%}
114  ... 
119  -O                                                                        (1 = 1.0%) {44.9%}
120  ... 
122  -O                                                                        (1 = 1.0%) {45.9%}
123  O                                                                         (0 = 0.0%) {46.9%}
124  -O                                                                        (1 = 1.0%) {46.9%}
125  ... 
127  -O                                                                        (1 = 1.0%) {48.0%}
128  -O                                                                        (1 = 1.0%) {49.0%}
129  -O                                                                        (1 = 1.0%) {50.0%}
130  ... 
136  -O                                                                        (1 = 1.0%) {51.0%}
137  ... 
143  -O                                                                        (1 = 1.0%) {52.0%}
144  ... 
149  -O                                                                        (1 = 1.0%) {53.1%}
150  -O                                                                        (1 = 1.0%) {54.1%}
151  O                                                                         (0 = 0.0%) {55.1%}
152  -O                                                                        (1 = 1.0%) {55.1%}
153  -O                                                                        (1 = 1.0%) {56.1%}
154  -O                                                                        (1 = 1.0%) {57.1%}
155  O                                                                         (0 = 0.0%) {58.2%}
156  -O                                                                        (1 = 1.0%) {58.2%}
157  -O                                                                        (1 = 1.0%) {59.2%}
158  O                                                                         (0 = 0.0%) {60.2%}
159  -O                                                                        (1 = 1.0%) {60.2%}
160  O                                                                         (0 = 0.0%) {61.2%}
161  -O                                                                        (1 = 1.0%) {61.2%}
162  ... 
164  -O                                                                        (1 = 1.0%) {62.2%}
165  -O                                                                        (1 = 1.0%) {63.3%}
166  ... 
231  -O                                                                        (1 = 1.0%) {64.3%}
232  ... 
235  -O                                                                        (1 = 1.0%) {65.3%}
236  ... 
240  -O                                                                        (1 = 1.0%) {66.3%}
241  ... 
359  -O                                                                        (1 = 1.0%) {67.3%}
360  ... 
369  -O                                                                        (1 = 1.0%) {68.4%}
370  ... 
385  -O                                                                        (1 = 1.0%) {69.4%}
386  ... 
415  -O                                                                        (1 = 1.0%) {70.4%}
416  ... 
424  -O                                                                        (1 = 1.0%) {71.4%}
425  ... 
432  -O                                                                        (1 = 1.0%) {72.4%}
433  ... 
444  -O                                                                        (1 = 1.0%) {73.5%}
445  O                                                                         (0 = 0.0%) {74.5%}
446  -O                                                                        (1 = 1.0%) {74.5%}
447  ... 
514  -O                                                                        (1 = 1.0%) {75.5%}
515  -O                                                                        (1 = 1.0%) {76.5%}
516  -O                                                                        (1 = 1.0%) {77.6%}
517  ... 
537  -O                                                                        (1 = 1.0%) {78.6%}
538  O                                                                         (0 = 0.0%) {79.6%}
539  -O                                                                        (1 = 1.0%) {79.6%}
540  ... 
549  -O                                                                        (1 = 1.0%) {80.6%}
550  ... 
592  -O                                                                        (1 = 1.0%) {81.6%}
593  O                                                                         (0 = 0.0%) {82.7%}
594  -O                                                                        (1 = 1.0%) {82.7%}
595  -O                                                                        (1 = 1.0%) {83.7%}
596  ... 
618  -O                                                                        (1 = 1.0%) {84.7%}
619  -O                                                                        (1 = 1.0%) {85.7%}
620  -O                                                                        (1 = 1.0%) {86.7%}
621  -O                                                                        (1 = 1.0%) {87.8%}
622  ... 
636  -O                                                                        (1 = 1.0%) {88.8%}
637  ... 
641  -O                                                                        (1 = 1.0%) {89.8%}
642  -O                                                                        (1 = 1.0%) {90.8%}
643  -O                                                                        (1 = 1.0%) {91.8%}
644  ... 
651  -O                                                                        (1 = 1.0%) {92.9%}
652  ... 
657  -O                                                                        (1 = 1.0%) {93.9%}
658  -O                                                                        (1 = 1.0%) {94.9%}
659  ... 
672  -O                                                                        (1 = 1.0%) {95.9%}
673  -O                                                                        (1 = 1.0%) {96.9%}
674  O                                                                         (0 = 0.0%) {98.0%}
675  -O                                                                        (1 = 1.0%) {98.0%}
676  ... 
696  -O                                                                        (1 = 1.0%) {99.0%}
697  ... 

Histogram: Blink.UseCounter.Features recorded 115 samples, mean = 2319.3 (flags = 0x1)
0     ... 
15    -O                                                                        (1 = 0.9%) {0.0%}
16    ... 
52    -O                                                                        (1 = 0.9%) {0.9%}
53    ... 
69    -O                                                                        (1 = 0.9%) {1.7%}
70    ... 
84    -O                                                                        (1 = 0.9%) {2.6%}
85    ... 
132   -O                                                                        (1 = 0.9%) {3.5%}
133   ... 
138   -O                                                                        (1 = 0.9%) {4.3%}
139   ... 
250   -O                                                                        (1 = 0.9%) {5.2%}
251   ... 
429   -O                                                                        (1 = 0.9%) {6.1%}
430   -O                                                                        (1 = 0.9%) {7.0%}
431   -O                                                                        (1 = 0.9%) {7.8%}
432   -O                                                                        (1 = 0.9%) {8.7%}
433   ... 
469   -O                                                                        (1 = 0.9%) {9.6%}
470   ... 
582   -O                                                                        (1 = 0.9%) {10.4%}
583   O                                                                         (0 = 0.0%) {11.3%}
584   -O                                                                        (1 = 0.9%) {11.3%}
585   -O                                                                        (1 = 0.9%) {12.2%}
586   O                                                                         (0 = 0.0%) {13.0%}
587   -O                                                                        (1 = 0.9%) {13.0%}
588   -O                                                                        (1 = 0.9%) {13.9%}
589   O                                                                         (0 = 0.0%) {14.8%}
590   -O                                                                        (1 = 0.9%) {14.8%}
591   ... 
593   -O                                                                        (1 = 0.9%) {15.7%}
594   ... 
664   -O                                                                        (1 = 0.9%) {16.5%}
665   ... 
675   -O                                                                        (1 = 0.9%) {17.4%}
676   ... 
780   -O                                                                        (1 = 0.9%) {18.3%}
781   -O                                                                        (1 = 0.9%) {19.1%}
782   ... 
804   -O                                                                        (1 = 0.9%) {20.0%}
805   ... 
900   -O                                                                        (1 = 0.9%) {20.9%}
901   -O                                                                        (1 = 0.9%) {21.7%}
902   O                                                                         (0 = 0.0%) {22.6%}
903   -O                                                                        (1 = 0.9%) {22.6%}
904   ... 
907   -O                                                                        (1 = 0.9%) {23.5%}
908   ... 
970   -O                                                                        (1 = 0.9%) {24.3%}
971   -O                                                                        (1 = 0.9%) {25.2%}
972   -O                                                                        (1 = 0.9%) {26.1%}
973   -O                                                                        (1 = 0.9%) {27.0%}
974   ... 
976   -O                                                                        (1 = 0.9%) {27.8%}
977   ... 
1024  -O                                                                        (1 = 0.9%) {28.7%}
1025  ... 
1067  -O                                                                        (1 = 0.9%) {29.6%}
1068  ... 
1075  -O                                                                        (1 = 0.9%) {30.4%}
1076  -O                                                                        (1 = 0.9%) {31.3%}
1077  ... 
1124  -O                                                                        (1 = 0.9%) {32.2%}
1125  ... 
1307  -O                                                                        (1 = 0.9%) {33.0%}
1308  ... 
1347  -O                                                                        (1 = 0.9%) {33.9%}
1348  ... 
1354  -O                                                                        (1 = 0.9%) {34.8%}
1355  ... 
1368  -O                                                                        (1 = 0.9%) {35.7%}
1369  ... 
1417  -O                                                                        (1 = 0.9%) {36.5%}
1418  ... 
1441  -O                                                                        (1 = 0.9%) {37.4%}
1442  ... 
1447  -O                                                                        (1 = 0.9%) {38.3%}
1448  ... 
1467  -O                                                                        (1 = 0.9%) {39.1%}
1468  ... 
1502  -O                                                                        (1 = 0.9%) {40.0%}
1503  ... 
1692  -O                                                                        (1 = 0.9%) {40.9%}
1693  ... 
1753  -O                                                                        (1 = 0.9%) {41.7%}
1754  ... 
1827  -O                                                                        (1 = 0.9%) {42.6%}
1828  ... 
2010  -O                                                                        (1 = 0.9%) {43.5%}
2011  ... 
2096  -O                                                                        (1 = 0.9%) {44.3%}
2097  ... 
2195  -O                                                                        (1 = 0.9%) {45.2%}
2196  ... 
2204  -O                                                                        (1 = 0.9%) {46.1%}
2205  ... 
2226  -O                                                                        (1 = 0.9%) {47.0%}
2227  O                                                                         (0 = 0.0%) {47.8%}
2228  -O                                                                        (1 = 0.9%) {47.8%}
2229  ... 
2236  -O                                                                        (1 = 0.9%) {48.7%}
2237  ... 
2279  -O                                                                        (1 = 0.9%) {49.6%}
2280  ... 
2283  -O                                                                        (1 = 0.9%) {50.4%}
2284  -O                                                                        (1 = 0.9%) {51.3%}
2285  O                                                                         (0 = 0.0%) {52.2%}
2286  -O                                                                        (1 = 0.9%) {52.2%}
2287  -O                                                                        (1 = 0.9%) {53.0%}
2288  -O                                                                        (1 = 0.9%) {53.9%}
2289  -O                                                                        (1 = 0.9%) {54.8%}
2290  -O                                                                        (1 = 0.9%) {55.7%}
2291  -O                                                                        (1 = 0.9%) {56.5%}
2292  -O                                                                        (1 = 0.9%) {57.4%}
2293  ... 
2295  -O                                                                        (1 = 0.9%) {58.3%}
2296  ... 
2298  -O                                                                        (1 = 0.9%) {59.1%}
2299  ... 
2319  -O                                                                        (1 = 0.9%) {60.0%}
2320  ... 
2322  -O                                                                        (1 = 0.9%) {60.9%}
2323  ... 
2355  -O                                                                        (1 = 0.9%) {61.7%}
2356  ... 
2361  -O                                                                        (1 = 0.9%) {62.6%}
2362  ... 
2387  -O                                                                        (1 = 0.9%) {63.5%}
2388  ... 
2399  -O                                                                        (1 = 0.9%) {64.3%}
2400  ... 
2431  -O                                                                        (1 = 0.9%) {65.2%}
2432  ... 
2518  -O                                                                        (1 = 0.9%) {66.1%}
2519  ... 
2618  -O                                                                        (1 = 0.9%) {67.0%}
2619  ... 
2663  -O                                                                        (1 = 0.9%) {67.8%}
2664  ... 
2738  -O                                                                        (1 = 0.9%) {68.7%}
2739  ... 
2841  -O                                                                        (1 = 0.9%) {69.6%}
2842  ... 
2903  -O                                                                        (1 = 0.9%) {70.4%}
2904  -O                                                                        (1 = 0.9%) {71.3%}
2905  ... 
2940  -O                                                                        (1 = 0.9%) {72.2%}
2941  ... 
3019  -O                                                                        (1 = 0.9%) {73.0%}
3020  -O                                                                        (1 = 0.9%) {73.9%}
3021  ... 
3359  -O                                                                        (1 = 0.9%) {74.8%}
3360  ... 
3580  -O                                                                        (1 = 0.9%) {75.7%}
3581  -O                                                                        (1 = 0.9%) {76.5%}
3582  ... 
3850  -O                                                                        (1 = 0.9%) {77.4%}
3851  ... 
3868  -O                                                                        (1 = 0.9%) {78.3%}
3869  ... 
4007  -O                                                                        (1 = 0.9%) {79.1%}
4008  ... 
4113  -O                                                                        (1 = 0.9%) {80.0%}
4114  ... 
4240  -O                                                                        (1 = 0.9%) {80.9%}
4241  O                                                                         (0 = 0.0%) {81.7%}
4242  -O                                                                        (1 = 0.9%) {81.7%}
4243  ... 
4297  -O                                                                        (1 = 0.9%) {82.6%}
4298  ... 
4379  -O                                                                        (1 = 0.9%) {83.5%}
4380  ... 
4419  -O                                                                        (1 = 0.9%) {84.3%}
4420  ... 
4471  -O                                                                        (1 = 0.9%) {85.2%}
4472  ... 
4489  -O                                                                        (1 = 0.9%) {86.1%}
4490  ... 
4561  -O                                                                        (1 = 0.9%) {87.0%}
4562  ... 
4632  -O                                                                        (1 = 0.9%) {87.8%}
4633  ... 
4877  -O                                                                        (1 = 0.9%) {88.7%}
4878  ... 
4932  -O                                                                        (1 = 0.9%) {89.6%}
4933  ... 
4994  -O                                                                        (1 = 0.9%) {90.4%}
4995  ... 
5184  -O                                                                        (1 = 0.9%) {91.3%}
5185  ... 
5284  -O                                                                        (1 = 0.9%) {92.2%}
5285  ... 
5472  -O                                                                        (1 = 0.9%) {93.0%}
5473  ... 
5599  -O                                                                        (1 = 0.9%) {93.9%}
5600  ... 
5712  -O                                                                        (1 = 0.9%) {94.8%}
5713  -O                                                                        (1 = 0.9%) {95.7%}
5714  -O                                                                        (1 = 0.9%) {96.5%}
5715  -O                                                                        (1 = 0.9%) {97.4%}
5716  O                                                                         (0 = 0.0%) {98.3%}
5717  -O                                                                        (1 = 0.9%) {98.3%}
5718  ... 
5817  -O                                                                        (1 = 0.9%) {99.1%}
5818  ... 

Histogram: Blink.UseCounter.MainFrame.Features recorded 115 samples, mean = 2319.3 (flags = 0x1)
0     ... 
15    -O                                                                        (1 = 0.9%) {0.0%}
16    ... 
52    -O                                                                        (1 = 0.9%) {0.9%}
53    ... 
69    -O                                                                        (1 = 0.9%) {1.7%}
70    ... 
84    -O                                                                        (1 = 0.9%) {2.6%}
85    ... 
132   -O                                                                        (1 = 0.9%) {3.5%}
133   ... 
138   -O                                                                        (1 = 0.9%) {4.3%}
139   ... 
250   -O                                                                        (1 = 0.9%) {5.2%}
251   ... 
429   -O                                                                        (1 = 0.9%) {6.1%}
430   -O                                                                        (1 = 0.9%) {7.0%}
431   -O                                                                        (1 = 0.9%) {7.8%}
432   -O                                                                        (1 = 0.9%) {8.7%}
433   ... 
469   -O                                                                        (1 = 0.9%) {9.6%}
470   ... 
582   -O                                                                        (1 = 0.9%) {10.4%}
583   O                                                                         (0 = 0.0%) {11.3%}
584   -O                                                                        (1 = 0.9%) {11.3%}
585   -O                                                                        (1 = 0.9%) {12.2%}
586   O                                                                         (0 = 0.0%) {13.0%}
587   -O                                                                        (1 = 0.9%) {13.0%}
588   -O                                                                        (1 = 0.9%) {13.9%}
589   O                                                                         (0 = 0.0%) {14.8%}
590   -O                                                                        (1 = 0.9%) {14.8%}
591   ... 
593   -O                                                                        (1 = 0.9%) {15.7%}
594   ... 
664   -O                                                                        (1 = 0.9%) {16.5%}
665   ... 
675   -O                                                                        (1 = 0.9%) {17.4%}
676   ... 
780   -O                                                                        (1 = 0.9%) {18.3%}
781   -O                                                                        (1 = 0.9%) {19.1%}
782   ... 
804   -O                                                                        (1 = 0.9%) {20.0%}
805   ... 
900   -O                                                                        (1 = 0.9%) {20.9%}
901   -O                                                                        (1 = 0.9%) {21.7%}
902   O                                                                         (0 = 0.0%) {22.6%}
903   -O                                                                        (1 = 0.9%) {22.6%}
904   ... 
907   -O                                                                        (1 = 0.9%) {23.5%}
908   ... 
970   -O                                                                        (1 = 0.9%) {24.3%}
971   -O                                                                        (1 = 0.9%) {25.2%}
972   -O                                                                        (1 = 0.9%) {26.1%}
973   -O                                                                        (1 = 0.9%) {27.0%}
974   ... 
976   -O                                                                        (1 = 0.9%) {27.8%}
977   ... 
1024  -O                                                                        (1 = 0.9%) {28.7%}
1025  ... 
1067  -O                                                                        (1 = 0.9%) {29.6%}
1068  ... 
1075  -O                                                                        (1 = 0.9%) {30.4%}
1076  -O                                                                        (1 = 0.9%) {31.3%}
1077  ... 
1124  -O                                                                        (1 = 0.9%) {32.2%}
1125  ... 
1307  -O                                                                        (1 = 0.9%) {33.0%}
1308  ... 
1347  -O                                                                        (1 = 0.9%) {33.9%}
1348  ... 
1354  -O                                                                        (1 = 0.9%) {34.8%}
1355  ... 
1368  -O                                                                        (1 = 0.9%) {35.7%}
1369  ... 
1417  -O                                                                        (1 = 0.9%) {36.5%}
1418  ... 
1441  -O                                                                        (1 = 0.9%) {37.4%}
1442  ... 
1447  -O                                                                        (1 = 0.9%) {38.3%}
1448  ... 
1467  -O                                                                        (1 = 0.9%) {39.1%}
1468  ... 
1502  -O                                                                        (1 = 0.9%) {40.0%}
1503  ... 
1692  -O                                                                        (1 = 0.9%) {40.9%}
1693  ... 
1753  -O                                                                        (1 = 0.9%) {41.7%}
1754  ... 
1827  -O                                                                        (1 = 0.9%) {42.6%}
1828  ... 
2010  -O                                                                        (1 = 0.9%) {43.5%}
2011  ... 
2096  -O                                                                        (1 = 0.9%) {44.3%}
2097  ... 
2195  -O                                                                        (1 = 0.9%) {45.2%}
2196  ... 
2204  -O                                                                        (1 = 0.9%) {46.1%}
2205  ... 
2226  -O                                                                        (1 = 0.9%) {47.0%}
2227  O                                                                         (0 = 0.0%) {47.8%}
2228  -O                                                                        (1 = 0.9%) {47.8%}
2229  ... 
2236  -O                                                                        (1 = 0.9%) {48.7%}
2237  ... 
2279  -O                                                                        (1 = 0.9%) {49.6%}
2280  ... 
2283  -O                                                                        (1 = 0.9%) {50.4%}
2284  -O                                                                        (1 = 0.9%) {51.3%}
2285  O                                                                         (0 = 0.0%) {52.2%}
2286  -O                                                                        (1 = 0.9%) {52.2%}
2287  -O                                                                        (1 = 0.9%) {53.0%}
2288  -O                                                                        (1 = 0.9%) {53.9%}
2289  -O                                                                        (1 = 0.9%) {54.8%}
2290  -O                                                                        (1 = 0.9%) {55.7%}
2291  -O                                                                        (1 = 0.9%) {56.5%}
2292  -O                                                                        (1 = 0.9%) {57.4%}
2293  ... 
2295  -O                                                                        (1 = 0.9%) {58.3%}
2296  ... 
2298  -O                                                                        (1 = 0.9%) {59.1%}
2299  ... 
2319  -O                                                                        (1 = 0.9%) {60.0%}
2320  ... 
2322  -O                                                                        (1 = 0.9%) {60.9%}
2323  ... 
2355  -O                                                                        (1 = 0.9%) {61.7%}
2356  ... 
2361  -O                                                                        (1 = 0.9%) {62.6%}
2362  ... 
2387  -O                                                                        (1 = 0.9%) {63.5%}
2388  ... 
2399  -O                                                                        (1 = 0.9%) {64.3%}
2400  ... 
2431  -O                                                                        (1 = 0.9%) {65.2%}
2432  ... 
2518  -O                                                                        (1 = 0.9%) {66.1%}
2519  ... 
2618  -O                                                                        (1 = 0.9%) {67.0%}
2619  ... 
2663  -O                                                                        (1 = 0.9%) {67.8%}
2664  ... 
2738  -O                                                                        (1 = 0.9%) {68.7%}
2739  ... 
2841  -O                                                                        (1 = 0.9%) {69.6%}
2842  ... 
2903  -O                                                                        (1 = 0.9%) {70.4%}
2904  -O                                                                        (1 = 0.9%) {71.3%}
2905  ... 
2940  -O                                                                        (1 = 0.9%) {72.2%}
2941  ... 
3019  -O                                                                        (1 = 0.9%) {73.0%}
3020  -O                                                                        (1 = 0.9%) {73.9%}
3021  ... 
3359  -O                                                                        (1 = 0.9%) {74.8%}
3360  ... 
3580  -O                                                                        (1 = 0.9%) {75.7%}
3581  -O                                                                        (1 = 0.9%) {76.5%}
3582  ... 
3850  -O                                                                        (1 = 0.9%) {77.4%}
3851  ... 
3868  -O                                                                        (1 = 0.9%) {78.3%}
3869  ... 
4007  -O                                                                        (1 = 0.9%) {79.1%}
4008  ... 
4113  -O                                                                        (1 = 0.9%) {80.0%}
4114  ... 
4240  -O                                                                        (1 = 0.9%) {80.9%}
4241  O                                                                         (0 = 0.0%) {81.7%}
4242  -O                                                                        (1 = 0.9%) {81.7%}
4243  ... 
4297  -O                                                                        (1 = 0.9%) {82.6%}
4298  ... 
4379  -O                                                                        (1 = 0.9%) {83.5%}
4380  ... 
4419  -O                                                                        (1 = 0.9%) {84.3%}
4420  ... 
4471  -O                                                                        (1 = 0.9%) {85.2%}
4472  ... 
4489  -O                                                                        (1 = 0.9%) {86.1%}
4490  ... 
4561  -O                                                                        (1 = 0.9%) {87.0%}
4562  ... 
4632  -O                                                                        (1 = 0.9%) {87.8%}
4633  ... 
4877  -O                                                                        (1 = 0.9%) {88.7%}
4878  ... 
4932  -O                                                                        (1 = 0.9%) {89.6%}
4933  ... 
4994  -O                                                                        (1 = 0.9%) {90.4%}
4995  ... 
5184  -O                                                                        (1 = 0.9%) {91.3%}
5185  ... 
5284  -O                                                                        (1 = 0.9%) {92.2%}
5285  ... 
5472  -O                                                                        (1 = 0.9%) {93.0%}
5473  ... 
5599  -O                                                                        (1 = 0.9%) {93.9%}
5600  ... 
5712  -O                                                                        (1 = 0.9%) {94.8%}
5713  -O                                                                        (1 = 0.9%) {95.7%}
5714  -O                                                                        (1 = 0.9%) {96.5%}
5715  -O                                                                        (1 = 0.9%) {97.4%}
5716  O                                                                         (0 = 0.0%) {98.3%}
5717  -O                                                                        (1 = 0.9%) {98.3%}
5718  ... 
5817  -O                                                                        (1 = 0.9%) {99.1%}
5818  ... 

Histogram: Blink.UseCounter.PermissionsPolicy.Allow2 recorded 0 samples (flags = 0x1)
0 ... 

Histogram: Blink.UseCounter.PermissionsPolicy.Header2 recorded 3 samples, mean = 4.3 (flags = 0x1)
0  ... 
2  -O                                                                        (1 = 33.3%) {0.0%}
3  ... 
5  -O                                                                        (1 = 33.3%) {33.3%}
6  -O                                                                        (1 = 33.3%) {66.7%}
7  ... 

Histogram: Blink.UseCounter.PermissionsPolicy.PrivacySensitive.Enabled recorded 0 samples (flags = 0x1)
0 ... 

Histogram: Blink.UseCounter.PermissionsPolicy.Violation.Enforce recorded 0 samples (flags = 0x1)
0 ... 

Histogram: Blink.UseCounter.WebDXFeatures recorded 26 samples, mean = 135.1 (flags = 0x1)
0    -O                                                                        (1 = 3.8%)
1    ... 
5    -O                                                                        (1 = 3.8%) {3.8%}
6    ... 
8    -O                                                                        (1 = 3.8%) {7.7%}
9    -O                                                                        (1 = 3.8%) {11.5%}
10   ... 
14   -O                                                                        (1 = 3.8%) {15.4%}
15   ... 
21   -O                                                                        (1 = 3.8%) {19.2%}
22   ... 
28   -O                                                                        (1 = 3.8%) {23.1%}
29   ... 
45   -O                                                                        (1 = 3.8%) {26.9%}
46   -O                                                                        (1 = 3.8%) {30.8%}
47   ... 
53   -O                                                                        (1 = 3.8%) {34.6%}
54   ... 
58   -O                                                                        (1 = 3.8%) {38.5%}
59   ... 
83   -O                                                                        (1 = 3.8%) {42.3%}
84   ... 
95   -O                                                                        (1 = 3.8%) {46.2%}
96   -O                                                                        (1 = 3.8%) {50.0%}
97   ... 
124  -O                                                                        (1 = 3.8%) {53.8%}
125  ... 
146  -O                                                                        (1 = 3.8%) {57.7%}
147  ... 
168  -O                                                                        (1 = 3.8%) {61.5%}
169  O                                                                         (0 = 0.0%) {65.4%}
170  -O                                                                        (1 = 3.8%) {65.4%}
171  ... 
178  -O                                                                        (1 = 3.8%) {69.2%}
179  ... 
185  -O                                                                        (1 = 3.8%) {73.1%}
186  ... 
260  -O                                                                        (1 = 3.8%) {76.9%}
261  ... 
268  -O                                                                        (1 = 3.8%) {80.8%}
269  ... 
343  -O                                                                        (1 = 3.8%) {84.6%}
344  ... 
353  -O                                                                        (1 = 3.8%) {88.5%}
354  ... 
378  -O                                                                        (1 = 3.8%) {92.3%}
379  -O                                                                        (1 = 3.8%) {96.2%}
380  ... 

Histogram: Bookmarks.BookmarkBar.Shown recorded 1 samples, mean = 0.0 (flags = 0x1)
0  -O                                                                        (1 = 100.0%)
1  ... 

Histogram: Bookmarks.BookmarksFileLoadResult.Account.ClearText recorded 1 samples, mean = 1.0 (flags = 0x1)
0  O                                                                         (0 = 0.0%)
1  -O                                                                        (1 = 100.0%) {0.0%}
2  ... 

Histogram: Bookmarks.BookmarksFileLoadResult.LocalOrSyncable.ClearText recorded 1 samples, mean = 1.0 (flags = 0x1)
0  O                                                                         (0 = 0.0%)
1  -O                                                                        (1 = 100.0%) {0.0%}
2  ... 

Histogram: Bookmarks.Count.OnProfileLoad3 recorded 1 samples, mean = 0.0 (flags = 0x1)
0  -O                                                                        (1 = 100.0%)
1  ... 

Histogram: Bookmarks.Storage.TimeToLoadAtStartup2 recorded 1 samples, mean = 120.0 (flags = 0x1)
0    ... 
114  -O                                                                        (1 = 100.0%) {0.0%}
135  ... 

Histogram: Bookmarks.Times.OnProfileLoad.TimeSinceAdded3 recorded 1 samples, mean = 0.0 (flags = 0x1)
0  -O                                                                        (1 = 100.0%)
1  ... 

Histogram: Bookmarks.UserFolder.OnProfileLoad.BookmarkBarTopLevelItems recorded 1 samples, mean = 0.0 (flags = 0x1)
0  -O                                                                        (1 = 100.0%)
1  ... 

Histogram: Bookmarks.UserFolder.OnProfileLoad.Count recorded 1 samples, mean = 0.0 (flags = 0x1)
0  -O                                                                        (1 = 100.0%)
1  ... 

Histogram: Bookmarks.UserFolder.OnProfileLoad.TopLevelCount recorded 1 samples, mean = 0.0 (flags = 0x1)
0  -O                                                                        (1 = 100.0%)
1  ... 

Histogram: Bookmarks.Utilization.OnProfileLoad.PercentageUsed recorded 1 samples, mean = 0.0 (flags = 0x1)
0  -O                                                                        (1 = 100.0%)
1  ... 

Histogram: Bookmarks.Utilization.OnProfileLoad.TotalUnused recorded 1 samples, mean = 0.0 (flags = 0x1)
0  -O                                                                        (1 = 100.0%)
1  ... 

Histogram: Bookmarks.Utilization.OnProfileLoad.TotalUsed recorded 1 samples, mean = 0.0 (flags = 0x1)
0  -O                                                                        (1 = 100.0%)
1  ... 

Histogram: Browser.WindowCount.Incognito recorded 1 samples, mean = 0.0 (flags = 0x1)
0  -O                                                                        (1 = 100.0%)
1  ... 

Histogram: BrowserRenderProcessHost.Cleanup.DelayReason recorded 22 samples, mean = 3.7 (flags = 0x1)
0   -------------O                                                            (13 = 59.1%)
1   ... 
9   --------O                                                                 (8 = 36.4%) {59.1%}
10  -O                                                                        (1 = 4.5%) {95.5%}
11  ... 

Histogram: BrowserRenderProcessHost.Cleanup.Total recorded 22 samples, mean = 1.0 (flags = 0x1)
0  O                                                                         (0 = 0.0%)
1  ----------------------O                                                   (22 = 100.0%) {0.0%}
2  O                                                                         (0 = 0.0%) {100.0%}

Histogram: BrowserRenderProcessHost.ExistingRendererIsInitializedAndNotDead recorded 1 samples, mean = 1.0 (flags = 0x1)
0  O                                                                         (0 = 0.0%)
1  -O                                                                        (1 = 100.0%) {0.0%}
2  O                                                                         (0 = 0.0%) {100.0%}

Histogram: BrowserRenderProcessHost.FastShutdownIfPossible.DelayReason recorded 5 samples, mean = 4.2 (flags = 0x1)
0   ---O                                                                      (3 = 60.0%)
1   ... 
6   -O                                                                        (1 = 20.0%) {60.0%}
7   ... 
15  -O                                                                        (1 = 20.0%) {80.0%}
16  ... 

Histogram: BrowserRenderProcessHost.FastShutdownIfPossible.Total recorded 5 samples, mean = 1.0 (flags = 0x1)
0  O                                                                         (0 = 0.0%)
1  -----O                                                                    (5 = 100.0%) {0.0%}
2  O                                                                         (0 = 0.0%) {100.0%}

Histogram: BrowserRenderProcessHost.MaxOutermostMainFrames recorded 9 samples, mean = 0.7 (flags = 0x1)
0  ----O                                                                     (4 = 44.4%)
1  ----O                                                                     (4 = 44.4%) {44.4%}
2  -O                                                                        (1 = 11.1%) {88.9%}
3  ... 

Histogram: BrowserRenderProcessHost.NoSparePresentReason2 recorded 1 samples, mean = 8.0 (flags = 0x1)
0  ... 
8  -O                                                                        (1 = 100.0%) {0.0%}
9  ... 

Histogram: BrowserRenderProcessHost.NoSpareRenderer.AllocationSource.NotYetCreatedFirstLaunch recorded 1 samples, mean = 0.0 (flags = 0x1)
0  -O                                                                        (1 = 100.0%)
1  ... 

Histogram: BrowserRenderProcessHost.SiteInstanceRenderProcessAssignment recorded 7 samples, mean = 2.9 (flags = 0x1)
0  ... 
2  -O                                                                        (1 = 14.3%) {0.0%}
3  ------O                                                                   (6 = 85.7%) {14.3%}
4  O                                                                         (0 = 0.0%) {100.0%}

Histogram: BrowserRenderProcessHost.SpareProcessEvictedOtherSpare recorded 5 samples, mean = 0.6 (flags = 0x1)
0  --O                                                                       (2 = 40.0%)
1  ---O                                                                      (3 = 60.0%) {40.0%}
2  O                                                                         (0 = 0.0%) {100.0%}

Histogram: BrowserRenderProcessHost.SpareProcessMaybeTakeAction recorded 7 samples, mean = 1.6 (flags = 0x1)
0  -O                                                                        (1 = 14.3%)
1  ----O                                                                     (4 = 57.1%) {14.3%}
2  O                                                                         (0 = 0.0%) {71.4%}
3  -O                                                                        (1 = 14.3%) {71.4%}
4  -O                                                                        (1 = 14.3%) {85.7%}
5  ... 

Histogram: BrowserRenderProcessHost.SpareProcessMaybeTakeAction.NavigationRequest recorded 2 samples, mean = 2.0 (flags = 0x1)
0  O                                                                         (0 = 0.0%)
1  -O                                                                        (1 = 50.0%) {0.0%}
2  O                                                                         (0 = 0.0%) {50.0%}
3  -O                                                                        (1 = 50.0%) {50.0%}
4  ... 

Histogram: BrowserRenderProcessHost.SpareProcessMaybeTakeTime recorded 6 samples, mean = 66.0 (flags = 0x1)
0    ... 
3    -O                                                                        (1 = 16.7%) {0.0%}
4    ... 
14   --O                                                                       (2 = 33.3%) {16.7%}
19   -O                                                                        (1 = 16.7%) {50.0%}
26   ... 
87   -O                                                                        (1 = 16.7%) {66.7%}
118  ... 
217  -O                                                                        (1 = 16.7%) {83.3%}
294  ... 

Histogram: BrowserRenderProcessHost.SpareProcessMaybeTakeTime.MismatchedBrowserContext recorded 4 samples, mean = 93.2 (flags = 0x1)
0    ... 
14   --O                                                                       (2 = 50.0%) {0.0%}
19   ... 
87   -O                                                                        (1 = 25.0%) {50.0%}
118  ... 
217  -O                                                                        (1 = 25.0%) {75.0%}
294  ... 

Histogram: BrowserRenderProcessHost.SpareProcessMaybeTakeTime.RefusedByEmbedder recorded 1 samples, mean = 3.0 (flags = 0x1)
0  ... 
3  -O                                                                        (1 = 100.0%) {0.0%}
4  ... 

Histogram: BrowserRenderProcessHost.SpareProcessMaybeTakeTime.SpareTaken recorded 1 samples, mean = 20.0 (flags = 0x1)
0   ... 
19  -O                                                                        (1 = 100.0%) {0.0%}
26  ... 

Histogram: BrowserRenderProcessHost.SpareProcessRefusedByEmbedderReason recorded 1 samples, mean = 4.0 (flags = 0x1)
0  ... 
4  -O                                                                        (1 = 100.0%) {0.0%}
5  ... 

Histogram: BrowserRenderProcessHost.SpareRendererDispatchResult recorded 5 samples, mean = 2.2 (flags = 0x1)
0  -O                                                                        (1 = 20.0%)
1  O                                                                         (0 = 0.0%) {20.0%}
2  ---O                                                                      (3 = 60.0%) {20.0%}
3  ... 
5  -O                                                                        (1 = 20.0%) {80.0%}
6  ... 

Histogram: BrowserRenderProcessHost.SpareRendererTaken.IsReady recorded 1 samples, mean = 0.0 (flags = 0x1)
0  -O                                                                        (1 = 100.0%)
1  ... 

Histogram: BrowserRenderProcessHost.SpareRendererTaken.TimeSinceCreation recorded 1 samples, mean = 19.0 (flags = 0x1)
0   ... 
19  -O                                                                        (1 = 100.0%) {0.0%}
26  ... 

Histogram: BrowserRenderProcessHost.SuspendedChild.KernelExecutionRecorded recorded 10 samples, mean = 0.0 (flags = 0x1)
0  ----------O                                                               (10 = 100.0%)
1  ... 

Histogram: BrowserRenderProcessHost.SuspendedChild.UserExecutionRecorded recorded 10 samples, mean = 0.0 (flags = 0x1)
0  ----------O                                                               (10 = 100.0%)
1  ... 

Histogram: BrowserScheduler.UIThread.TaskOffCpuDuration recorded 8 samples, mean = 2.8 (flags = 0x1)
0  -O                                                                        (1 = 12.5%)
1  O                                                                         (0 = 0.0%) {12.5%}
2  ---O                                                                      (3 = 37.5%) {12.5%}
3  ---O                                                                      (3 = 37.5%) {50.0%}
4  ... 
6  -O                                                                        (1 = 12.5%) {87.5%}
8  ... 

Histogram: BrowserScheduler.UIThread.TaskOnCpuDuration recorded 8 samples, mean = 36.6 (flags = 0x1)
0    ... 
4    -O                                                                        (1 = 12.5%) {0.0%}
5    O                                                                         (0 = 0.0%) {12.5%}
6    -O                                                                        (1 = 12.5%) {12.5%}
8    -O                                                                        (1 = 12.5%) {25.0%}
10   -O                                                                        (1 = 12.5%) {37.5%}
13   O                                                                         (0 = 0.0%) {50.0%}
16   -O                                                                        (1 = 12.5%) {50.0%}
20   ... 
49   -O                                                                        (1 = 12.5%) {62.5%}
61   -O                                                                        (1 = 12.5%) {75.0%}
76   ... 
119  -O                                                                        (1 = 12.5%) {87.5%}
149  ... 

Histogram: BrowserScheduler.UIThread.TaskOnCpuPercentage recorded 8 samples, mean = 83.5 (flags = 0x1)
0    ... 
57   -O                                                                        (1 = 12.5%) {0.0%}
58   ... 
75   -O                                                                        (1 = 12.5%) {12.5%}
76   O                                                                         (0 = 0.0%) {25.0%}
77   -O                                                                        (1 = 12.5%) {25.0%}
78   ... 
84   -O                                                                        (1 = 12.5%) {37.5%}
85   ... 
90   -O                                                                        (1 = 12.5%) {50.0%}
91   -O                                                                        (1 = 12.5%) {62.5%}
92   ... 
94   -O                                                                        (1 = 12.5%) {75.0%}
95   ... 
100  -O                                                                        (1 = 12.5%) {87.5%}
101  O                                                                         (0 = 0.0%) {100.0%}

Histogram: BrowserSwitcher.ExternalGreylistSize recorded 1 samples, mean = 0.0 (flags = 0x1)
0  -O                                                                        (1 = 100.0%)
1  ... 

Histogram: BrowserSwitcher.ExternalSitelistSize recorded 1 samples, mean = 0.0 (flags = 0x1)
0  -O                                                                        (1 = 100.0%)
1  ... 

Histogram: BrowserSwitcher.IeemSitelistSize recorded 1 samples, mean = 0.0 (flags = 0x1)
0  -O                                                                        (1 = 100.0%)
1  ... 

Histogram: CertificateType2.BR.Intermediate.RSA recorded 4 samples, mean = 3072.0 (flags = 0x1)
0     ... 
2048  --O                                                                       (2 = 50.0%) {0.0%}
2049  ... 
4096  --O                                                                       (2 = 50.0%) {50.0%}
4097  ... 

Histogram: CertificateType2.BR.Leaf.ECDSA recorded 15 samples, mean = 256.0 (flags = 0x1)
0    ... 
256  ---------------O                                                          (15 = 100.0%) {0.0%}
257  ... 

Histogram: CertificateType2.BR.Leaf.RSA recorded 2 samples, mean = 2048.0 (flags = 0x1)
0     ... 
2048  --O                                                                       (2 = 100.0%) {0.0%}
2049  ... 

Histogram: CertificateType2.BR.Root.ECDSA recorded 1 samples, mean = 256.0 (flags = 0x1)
0    ... 
256  -O                                                                        (1 = 100.0%) {0.0%}
257  ... 

Histogram: CertificateType2.BR.Root.RSA recorded 16 samples, mean = 2304.0 (flags = 0x1)
0     ... 
2048  --------------O                                                           (14 = 87.5%) {0.0%}
2049  ... 
4096  --O                                                                       (2 = 12.5%) {87.5%}
4097  ... 

Histogram: ChildProcess.Launched.UtilityProcessHash recorded 3 samples (flags = 0x1)
-2043041185-O                                                                        (1 = 33.3%)
-1468742076-O                                                                        (1 = 33.3%)
331504207  -O                                                                        (1 = 33.3%)

Histogram: ChildProcess.ProcessLifetime.Utility recorded 3 samples, mean = 1815.0 (flags = 0x1)
0     ... 
989   -O                                                                        (1 = 33.3%) {0.0%}
1340  O                                                                         (0 = 0.0%) {33.3%}
1816  --O                                                                       (2 = 66.7%) {33.3%}
2460  ... 

Histogram: Chrome.FontDataService.CreateResult recorded 19 samples, mean = 1.7 (flags = 0x1)
0  --------O                                                                 (8 = 42.1%)
1  ... 
3  -----------O                                                              (11 = 57.9%) {42.1%}
4  ... 

Histogram: Chrome.FontDataService.EmptyPathOnGetFileHandle recorded 11 samples, mean = 0.0 (flags = 0x1)
0  -----------O                                                              (11 = 100.0%)
1  ... 

Histogram: Chrome.FontDataService.FileHandlePathReferencesParent recorded 11 samples, mean = 0.0 (flags = 0x1)
0  -----------O                                                              (11 = 100.0%)
1  ... 

Histogram: Chrome.FontDataService.InvokedIPC recorded 19 samples, mean = 0.2 (flags = 0x1)
0  ------------------O                                                       (18 = 94.7%)
1  ... 
3  -O                                                                        (1 = 5.3%) {94.7%}
4  O                                                                         (0 = 0.0%) {100.0%}

Histogram: Chrome.Headless.Action recorded 1 samples, mean = 3.0 (flags = 0x1)
0  ... 
3  -O                                                                        (1 = 100.0%) {0.0%}
4  ... 

Histogram: Chrome.ProcessSingleton.NotifyResult recorded 1 samples, mean = 0.0 (flags = 0x1)
0  -O                                                                        (1 = 100.0%)
1  ... 

Histogram: Chrome.ProcessSingleton.TimeToCreate recorded 1 samples, mean = 0.0 (flags = 0x1)
0  -O                                                                        (1 = 100.0%)
10 ... 

Histogram: Chrome.SystemNetworkContextManager.NetworkSandboxState recorded 5 samples, mean = 0.0 (flags = 0x1)
0  -----O                                                                    (5 = 100.0%)
1  ... 

Histogram: ChromeElf.Beacon.RetryAttemptsBeforeSuccess recorded 1 samples, mean = 0.0 (flags = 0x1)
0  -O                                                                        (1 = 100.0%)
1  ... 

Histogram: ChromeElf.Beacon.SetupStatus recorded 1 samples, mean = 1.0 (flags = 0x1)
0  O                                                                         (0 = 0.0%)
1  -O                                                                        (1 = 100.0%) {0.0%}
2  ... 

Histogram: ChromeElf.ExtensionPoint.EnableState recorded 1 samples, mean = 1.0 (flags = 0x1)
0  O                                                                         (0 = 0.0%)
1  -O                                                                        (1 = 100.0%) {0.0%}
2  O                                                                         (0 = 0.0%) {100.0%}

Histogram: ClientHints.CriticalCHRestart recorded 4 samples, mean = 0.0 (flags = 0x1)
0  ----O                                                                     (4 = 100.0%)
1  ... 

Histogram: ClientHints.FetchLatency_PrefRead recorded 8 samples, mean = 6.5 (flags = 0x1)
0   ... 
2   -O                                                                        (1 = 12.5%) {0.0%}
3   ---O                                                                      (3 = 37.5%) {12.5%}
4   --O                                                                       (2 = 25.0%) {50.0%}
6   ... 
11  -O                                                                        (1 = 12.5%) {75.0%}
15  -O                                                                        (1 = 12.5%) {87.5%}
21  ... 

Histogram: ClientHints.FetchLatency_PrerenderHost recorded 8 samples, mean = 0.0 (flags = 0x1)
0  --------O                                                                 (8 = 100.0%)
1  ... 

Histogram: ClientHints.FetchLatency_Total recorded 8 samples, mean = 6.5 (flags = 0x1)
0   ... 
2   -O                                                                        (1 = 12.5%) {0.0%}
3   ---O                                                                      (3 = 37.5%) {12.5%}
4   --O                                                                       (2 = 25.0%) {50.0%}
6   ... 
11  -O                                                                        (1 = 12.5%) {75.0%}
15  -O                                                                        (1 = 12.5%) {87.5%}
21  ... 

Histogram: Commerce.PriceTracking.DanglingUserSubscriptionCountAtStartup recorded 1 samples, mean = 0.0 (flags = 0x1)
0  -O                                                                        (1 = 100.0%)
1  ... 

Histogram: Compositing.Browser.CompositorFrame.Quads recorded 56 samples, mean = 20.6 (flags = 0x1)
0   ... 
2   -O                                                                        (1 = 1.8%) {0.0%}
3   ... 
16  -O                                                                        (1 = 1.8%) {1.8%}
18  ------------------------------------O                                     (36 = 64.3%) {3.6%}
20  O                                                                         (0 = 0.0%) {67.9%}
23  ------------------O                                                       (18 = 32.1%) {67.9%}
26  ... 

Histogram: Compositing.Browser.LayersUpdateTime recorded 58 samples, mean = 358.5 (flags = 0x1)
0     ... 
29    -O                                                                        (1 = 1.7%) {0.0%}
40    ... 
105   ----------------O                                                         (16 = 27.6%) {1.7%}
146   -----------------O                                                        (17 = 29.3%) {29.3%}
203   -------O                                                                  (7 = 12.1%) {58.6%}
282   -----O                                                                    (5 = 8.6%) {70.7%}
391   --O                                                                       (2 = 3.4%) {79.3%}
542   ---O                                                                      (3 = 5.2%) {82.8%}
752   ---O                                                                      (3 = 5.2%) {87.9%}
1043  --O                                                                       (2 = 3.4%) {93.1%}
1447  -O                                                                        (1 = 1.7%) {96.6%}
2008  -O                                                                        (1 = 1.7%) {98.3%}
2786  ... 

Histogram: Compositing.TileManager.EnoughMemory.Browser recorded 1 samples, mean = 1.0 (flags = 0x1)
0  O                                                                         (0 = 0.0%)
1  -O                                                                        (1 = 100.0%) {0.0%}
2  O                                                                         (0 = 0.0%) {100.0%}

Histogram: Compositing.TileManager.MemoryUsageWhenEnoughMemory recorded 1 samples, mean = 1.0 (flags = 0x1)
0  O                                                                         (0 = 0.0%)
1  -O                                                                        (1 = 100.0%) {0.0%}
2  ... 

Histogram: Content.SharedWorker.Service.LastClientCheckTime recorded 2 samples, mean = 0.0 (flags = 0x1)
0  --O                                                                       (2 = 100.0%)
1  ... 

Histogram: ContentSettings.GetCookieSettingInternal.Duration recorded 2 samples, mean = 10.0 (flags = 0x1)
0   ... 
7   -O                                                                        (1 = 50.0%) {0.0%}
9   O                                                                         (0 = 0.0%) {50.0%}
12  -O                                                                        (1 = 50.0%) {50.0%}
16  ... 

Histogram: ContentSettings.NumberOfExceptions recorded 1 samples, mean = 0.0 (flags = 0x1)
0  -O                                                                        (1 = 100.0%)
1  ... 

Histogram: ContentSettings.Popups.StrongBlockerActions recorded 2 samples, mean = 0.0 (flags = 0x1)
0  --O                                                                       (2 = 100.0%)
1  ... 

Histogram: ContentSettings.RegularProfile.DefaultAutoVerifySetting recorded 1 samples, mean = 1.0 (flags = 0x1)
0  O                                                                         (0 = 0.0%)
1  -O                                                                        (1 = 100.0%) {0.0%}
2  ... 

Histogram: ContentSettings.RegularProfile.DefaultAutoplaySetting recorded 1 samples, mean = 1.0 (flags = 0x1)
0  O                                                                         (0 = 0.0%)
1  -O                                                                        (1 = 100.0%) {0.0%}
2  ... 

Histogram: ContentSettings.RegularProfile.DefaultBackgroundSyncSetting recorded 1 samples, mean = 1.0 (flags = 0x1)
0  O                                                                         (0 = 0.0%)
1  -O                                                                        (1 = 100.0%) {0.0%}
2  ... 

Histogram: ContentSettings.RegularProfile.DefaultCookiesSetting recorded 1 samples, mean = 1.0 (flags = 0x1)
0  O                                                                         (0 = 0.0%)
1  -O                                                                        (1 = 100.0%) {0.0%}
2  ... 

Histogram: ContentSettings.RegularProfile.DefaultIdleDetectionSetting recorded 1 samples, mean = 3.0 (flags = 0x1)
0  ... 
3  -O                                                                        (1 = 100.0%) {0.0%}
4  ... 

Histogram: ContentSettings.RegularProfile.DefaultImagesSetting recorded 1 samples, mean = 1.0 (flags = 0x1)
0  O                                                                         (0 = 0.0%)
1  -O                                                                        (1 = 100.0%) {0.0%}
2  ... 

Histogram: ContentSettings.RegularProfile.DefaultJavaScriptOptimizationSetting recorded 1 samples, mean = 1.0 (flags = 0x1)
0  O                                                                         (0 = 0.0%)
1  -O                                                                        (1 = 100.0%) {0.0%}
2  ... 

Histogram: ContentSettings.RegularProfile.DefaultJavaScriptSetting recorded 1 samples, mean = 1.0 (flags = 0x1)
0  O                                                                         (0 = 0.0%)
1  -O                                                                        (1 = 100.0%) {0.0%}
2  ... 

Histogram: ContentSettings.RegularProfile.DefaultLocationSetting recorded 1 samples, mean = 3.0 (flags = 0x1)
0  ... 
3  -O                                                                        (1 = 100.0%) {0.0%}
4  ... 

Histogram: ContentSettings.RegularProfile.DefaultMIDISysExSetting recorded 1 samples, mean = 3.0 (flags = 0x1)
0  ... 
3  -O                                                                        (1 = 100.0%) {0.0%}
4  ... 

Histogram: ContentSettings.RegularProfile.DefaultMediaStreamCameraSetting recorded 1 samples, mean = 3.0 (flags = 0x1)
0  ... 
3  -O                                                                        (1 = 100.0%) {0.0%}
4  ... 

Histogram: ContentSettings.RegularProfile.DefaultMediaStreamMicSetting recorded 1 samples, mean = 3.0 (flags = 0x1)
0  ... 
3  -O                                                                        (1 = 100.0%) {0.0%}
4  ... 

Histogram: ContentSettings.RegularProfile.DefaultNotificationsSetting recorded 1 samples, mean = 3.0 (flags = 0x1)
0  ... 
3  -O                                                                        (1 = 100.0%) {0.0%}
4  ... 

Histogram: ContentSettings.RegularProfile.DefaultPopupsSetting recorded 1 samples, mean = 2.0 (flags = 0x1)
0  ... 
2  -O                                                                        (1 = 100.0%) {0.0%}
3  ... 

Histogram: ContentSettings.RegularProfile.DefaultSensorsSetting recorded 1 samples, mean = 1.0 (flags = 0x1)
0  O                                                                         (0 = 0.0%)
1  -O                                                                        (1 = 100.0%) {0.0%}
2  ... 

Histogram: ContentSettings.RegularProfile.DefaultSoundSetting recorded 1 samples, mean = 1.0 (flags = 0x1)
0  O                                                                         (0 = 0.0%)
1  -O                                                                        (1 = 100.0%) {0.0%}
2  ... 

Histogram: ContentSettings.RegularProfile.DefaultStorageAccessSetting recorded 1 samples, mean = 3.0 (flags = 0x1)
0  ... 
3  -O                                                                        (1 = 100.0%) {0.0%}
4  ... 

Histogram: ContentSettings.RegularProfile.DefaultSubresourceFilterSetting recorded 1 samples, mean = 2.0 (flags = 0x1)
0  ... 
2  -O                                                                        (1 = 100.0%) {0.0%}
3  ... 

Histogram: ContentSettings.RegularProfile.DefaultUsbGuardSetting recorded 1 samples, mean = 3.0 (flags = 0x1)
0  ... 
3  -O                                                                        (1 = 100.0%) {0.0%}
4  ... 

Histogram: ContentSettings.RegularProfile.DefaultWebBluetoothGuardSetting recorded 1 samples, mean = 3.0 (flags = 0x1)
0  ... 
3  -O                                                                        (1 = 100.0%) {0.0%}
4  ... 

Histogram: ContentSettings.RegularProfile.Exceptions.3pcd-heuristics-grants recorded 1 samples, mean = 0.0 (flags = 0x1)
0  -O                                                                        (1 = 100.0%)
1  ... 

Histogram: ContentSettings.RegularProfile.Exceptions.abusive-notification-permissions recorded 1 samples, mean = 0.0 (flags = 0x1)
0  -O                                                                        (1 = 100.0%)
1  ... 

Histogram: ContentSettings.RegularProfile.Exceptions.access-to-get-all-screens-media-in-session recorded 1 samples, mean = 0.0 (flags = 0x1)
0  -O                                                                        (1 = 100.0%)
1  ... 

Histogram: ContentSettings.RegularProfile.Exceptions.anti-abuse recorded 1 samples, mean = 0.0 (flags = 0x1)
0  -O                                                                        (1 = 100.0%)
1  ... 

Histogram: ContentSettings.RegularProfile.Exceptions.app-banner recorded 1 samples, mean = 0.0 (flags = 0x1)
0  -O                                                                        (1 = 100.0%)
1  ... 

Histogram: ContentSettings.RegularProfile.Exceptions.ar recorded 1 samples, mean = 0.0 (flags = 0x1)
0  -O                                                                        (1 = 100.0%)
1  ... 

Histogram: ContentSettings.RegularProfile.Exceptions.are-suspicious-notifications-allowlisted-by-user recorded 1 samples, mean = 0.0 (flags = 0x1)
0  -O                                                                        (1 = 100.0%)
1  ... 

Histogram: ContentSettings.RegularProfile.Exceptions.auto-picture-in-picture recorded 1 samples, mean = 0.0 (flags = 0x1)
0  -O                                                                        (1 = 100.0%)
1  ... 

Histogram: ContentSettings.RegularProfile.Exceptions.auto-select-certificate recorded 1 samples, mean = 0.0 (flags = 0x1)
0  -O                                                                        (1 = 100.0%)
1  ... 

Histogram: ContentSettings.RegularProfile.Exceptions.automatic-downloads recorded 1 samples, mean = 0.0 (flags = 0x1)
0  -O                                                                        (1 = 100.0%)
1  ... 

Histogram: ContentSettings.RegularProfile.Exceptions.automatic-fullscreen recorded 1 samples, mean = 0.0 (flags = 0x1)
0  -O                                                                        (1 = 100.0%)
1  ... 

Histogram: ContentSettings.RegularProfile.Exceptions.autoplay recorded 1 samples, mean = 0.0 (flags = 0x1)
0  -O                                                                        (1 = 100.0%)
1  ... 

Histogram: ContentSettings.RegularProfile.Exceptions.background-sync recorded 1 samples, mean = 0.0 (flags = 0x1)
0  -O                                                                        (1 = 100.0%)
1  ... 

Histogram: ContentSettings.RegularProfile.Exceptions.bluetooth-chooser-data recorded 1 samples, mean = 0.0 (flags = 0x1)
0  -O                                                                        (1 = 100.0%)
1  ... 

Histogram: ContentSettings.RegularProfile.Exceptions.bluetooth-guard recorded 1 samples, mean = 0.0 (flags = 0x1)
0  -O                                                                        (1 = 100.0%)
1  ... 

Histogram: ContentSettings.RegularProfile.Exceptions.bluetooth-scanning recorded 1 samples, mean = 0.0 (flags = 0x1)
0  -O                                                                        (1 = 100.0%)
1  ... 

Histogram: ContentSettings.RegularProfile.Exceptions.camera-pan-tilt-zoom recorded 1 samples, mean = 0.0 (flags = 0x1)
0  -O                                                                        (1 = 100.0%)
1  ... 

Histogram: ContentSettings.RegularProfile.Exceptions.captured-surface-control recorded 1 samples, mean = 0.0 (flags = 0x1)
0  -O                                                                        (1 = 100.0%)
1  ... 

Histogram: ContentSettings.RegularProfile.Exceptions.client-hints recorded 1 samples, mean = 0.0 (flags = 0x1)
0  -O                                                                        (1 = 100.0%)
1  ... 

Histogram: ContentSettings.RegularProfile.Exceptions.clipboard recorded 1 samples, mean = 0.0 (flags = 0x1)
0  -O                                                                        (1 = 100.0%)
1  ... 

Histogram: ContentSettings.RegularProfile.Exceptions.controlled-frame recorded 1 samples, mean = 0.0 (flags = 0x1)
0  -O                                                                        (1 = 100.0%)
1  ... 

Histogram: ContentSettings.RegularProfile.Exceptions.cookie-controls-metadata recorded 1 samples, mean = 0.0 (flags = 0x1)
0  -O                                                                        (1 = 100.0%)
1  ... 

Histogram: ContentSettings.RegularProfile.Exceptions.cookies recorded 1 samples, mean = 0.0 (flags = 0x1)
0  -O                                                                        (1 = 100.0%)
1  ... 

Histogram: ContentSettings.RegularProfile.Exceptions.cookies.Allow recorded 1 samples, mean = 0.0 (flags = 0x1)
0  -O                                                                        (1 = 100.0%)
1  ... 

Histogram: ContentSettings.RegularProfile.Exceptions.cookies.AllowThirdParty recorded 1 samples, mean = 0.0 (flags = 0x1)
0  -O                                                                        (1 = 100.0%)
1  ... 

Histogram: ContentSettings.RegularProfile.Exceptions.cookies.Block recorded 1 samples, mean = 0.0 (flags = 0x1)
0  -O                                                                        (1 = 100.0%)
1  ... 

Histogram: ContentSettings.RegularProfile.Exceptions.cookies.DomainWildcardAllowThirdParty recorded 1 samples, mean = 0.0 (flags = 0x1)
0  -O                                                                        (1 = 100.0%)
1  ... 

Histogram: ContentSettings.RegularProfile.Exceptions.cookies.SessionOnly recorded 1 samples, mean = 0.0 (flags = 0x1)
0  -O                                                                        (1 = 100.0%)
1  ... 

Histogram: ContentSettings.RegularProfile.Exceptions.cookies.TemporaryAllowThirdParty recorded 1 samples, mean = 0.0 (flags = 0x1)
0  -O                                                                        (1 = 100.0%)
1  ... 

Histogram: ContentSettings.RegularProfile.Exceptions.direct-sockets recorded 1 samples, mean = 0.0 (flags = 0x1)
0  -O                                                                        (1 = 100.0%)
1  ... 

Histogram: ContentSettings.RegularProfile.Exceptions.direct-sockets-private-network-access recorded 1 samples, mean = 0.0 (flags = 0x1)
0  -O                                                                        (1 = 100.0%)
1  ... 

Histogram: ContentSettings.RegularProfile.Exceptions.display-media-system-audio recorded 1 samples, mean = 0.0 (flags = 0x1)
0  -O                                                                        (1 = 100.0%)
1  ... 

Histogram: ContentSettings.RegularProfile.Exceptions.disruptive-notification-permissions recorded 1 samples, mean = 0.0 (flags = 0x1)
0  -O                                                                        (1 = 100.0%)
1  ... 

Histogram: ContentSettings.RegularProfile.Exceptions.durable-storage recorded 1 samples, mean = 0.0 (flags = 0x1)
0  -O                                                                        (1 = 100.0%)
1  ... 

Histogram: ContentSettings.RegularProfile.Exceptions.fedcm-idp-registration recorded 1 samples, mean = 0.0 (flags = 0x1)
0  -O                                                                        (1 = 100.0%)
1  ... 

Histogram: ContentSettings.RegularProfile.Exceptions.fedcm-idp-signin recorded 1 samples, mean = 0.0 (flags = 0x1)
0  -O                                                                        (1 = 100.0%)
1  ... 

Histogram: ContentSettings.RegularProfile.Exceptions.fedcm-share recorded 1 samples, mean = 0.0 (flags = 0x1)
0  -O                                                                        (1 = 100.0%)
1  ... 

Histogram: ContentSettings.RegularProfile.Exceptions.file-system-access-chooser-data recorded 1 samples, mean = 0.0 (flags = 0x1)
0  -O                                                                        (1 = 100.0%)
1  ... 

Histogram: ContentSettings.RegularProfile.Exceptions.file-system-access-extended-permission recorded 1 samples, mean = 0.0 (flags = 0x1)
0  -O                                                                        (1 = 100.0%)
1  ... 

Histogram: ContentSettings.RegularProfile.Exceptions.file-system-access-restore-permission recorded 1 samples, mean = 0.0 (flags = 0x1)
0  -O                                                                        (1 = 100.0%)
1  ... 

Histogram: ContentSettings.RegularProfile.Exceptions.file-system-last-picked-directory recorded 1 samples, mean = 0.0 (flags = 0x1)
0  -O                                                                        (1 = 100.0%)
1  ... 

Histogram: ContentSettings.RegularProfile.Exceptions.file-system-read-guard recorded 1 samples, mean = 0.0 (flags = 0x1)
0  -O                                                                        (1 = 100.0%)
1  ... 

Histogram: ContentSettings.RegularProfile.Exceptions.file-system-write-guard recorded 1 samples, mean = 0.0 (flags = 0x1)
0  -O                                                                        (1 = 100.0%)
1  ... 

Histogram: ContentSettings.RegularProfile.Exceptions.formfill-metadata recorded 1 samples, mean = 0.0 (flags = 0x1)
0  -O                                                                        (1 = 100.0%)
1  ... 

Histogram: ContentSettings.RegularProfile.Exceptions.geolocation recorded 1 samples, mean = 0.0 (flags = 0x1)
0  -O                                                                        (1 = 100.0%)
1  ... 

Histogram: ContentSettings.RegularProfile.Exceptions.geolocation-with-options recorded 1 samples, mean = 0.0 (flags = 0x1)
0  -O                                                                        (1 = 100.0%)
1  ... 

Histogram: ContentSettings.RegularProfile.Exceptions.hand-tracking recorded 1 samples, mean = 0.0 (flags = 0x1)
0  -O                                                                        (1 = 100.0%)
1  ... 

Histogram: ContentSettings.RegularProfile.Exceptions.hid-chooser-data recorded 1 samples, mean = 0.0 (flags = 0x1)
0  -O                                                                        (1 = 100.0%)
1  ... 

Histogram: ContentSettings.RegularProfile.Exceptions.hid-guard recorded 1 samples, mean = 0.0 (flags = 0x1)
0  -O                                                                        (1 = 100.0%)
1  ... 

Histogram: ContentSettings.RegularProfile.Exceptions.http-allowed recorded 1 samples, mean = 0.0 (flags = 0x1)
0  -O                                                                        (1 = 100.0%)
1  ... 

Histogram: ContentSettings.RegularProfile.Exceptions.https-enforced recorded 1 samples, mean = 0.0 (flags = 0x1)
0  -O                                                                        (1 = 100.0%)
1  ... 

Histogram: ContentSettings.RegularProfile.Exceptions.idle-detection recorded 1 samples, mean = 0.0 (flags = 0x1)
0  -O                                                                        (1 = 100.0%)
1  ... 

Histogram: ContentSettings.RegularProfile.Exceptions.images recorded 1 samples, mean = 0.0 (flags = 0x1)
0  -O                                                                        (1 = 100.0%)
1  ... 

Histogram: ContentSettings.RegularProfile.Exceptions.important-site-info recorded 1 samples, mean = 0.0 (flags = 0x1)
0  -O                                                                        (1 = 100.0%)
1  ... 

Histogram: ContentSettings.RegularProfile.Exceptions.initialized-translations recorded 1 samples, mean = 0.0 (flags = 0x1)
0  -O                                                                        (1 = 100.0%)
1  ... 

Histogram: ContentSettings.RegularProfile.Exceptions.intent-picker-auto-display recorded 1 samples, mean = 0.0 (flags = 0x1)
0  -O                                                                        (1 = 100.0%)
1  ... 

Histogram: ContentSettings.RegularProfile.Exceptions.javascript recorded 1 samples, mean = 0.0 (flags = 0x1)
0  -O                                                                        (1 = 100.0%)
1  ... 

Histogram: ContentSettings.RegularProfile.Exceptions.javascript-jit recorded 1 samples, mean = 0.0 (flags = 0x1)
0  -O                                                                        (1 = 100.0%)
1  ... 

Histogram: ContentSettings.RegularProfile.Exceptions.javascript-jit.Allow recorded 1 samples, mean = 0.0 (flags = 0x1)
0  -O                                                                        (1 = 100.0%)
1  ... 

Histogram: ContentSettings.RegularProfile.Exceptions.javascript-jit.Block recorded 1 samples, mean = 0.0 (flags = 0x1)
0  -O                                                                        (1 = 100.0%)
1  ... 

Histogram: ContentSettings.RegularProfile.Exceptions.javascript-optimizer recorded 1 samples, mean = 0.0 (flags = 0x1)
0  -O                                                                        (1 = 100.0%)
1  ... 

Histogram: ContentSettings.RegularProfile.Exceptions.javascript-optimizer.Allow recorded 1 samples, mean = 0.0 (flags = 0x1)
0  -O                                                                        (1 = 100.0%)
1  ... 

Histogram: ContentSettings.RegularProfile.Exceptions.javascript-optimizer.Block recorded 1 samples, mean = 0.0 (flags = 0x1)
0  -O                                                                        (1 = 100.0%)
1  ... 

Histogram: ContentSettings.RegularProfile.Exceptions.keyboard-lock recorded 1 samples, mean = 0.0 (flags = 0x1)
0  -O                                                                        (1 = 100.0%)
1  ... 

Histogram: ContentSettings.RegularProfile.Exceptions.legacy-cookie-access recorded 1 samples, mean = 0.0 (flags = 0x1)
0  -O                                                                        (1 = 100.0%)
1  ... 

Histogram: ContentSettings.RegularProfile.Exceptions.legacy-cookie-scope recorded 1 samples, mean = 0.0 (flags = 0x1)
0  -O                                                                        (1 = 100.0%)
1  ... 

Histogram: ContentSettings.RegularProfile.Exceptions.local-fonts recorded 1 samples, mean = 0.0 (flags = 0x1)
0  -O                                                                        (1 = 100.0%)
1  ... 

Histogram: ContentSettings.RegularProfile.Exceptions.local-network recorded 1 samples, mean = 0.0 (flags = 0x1)
0  -O                                                                        (1 = 100.0%)
1  ... 

Histogram: ContentSettings.RegularProfile.Exceptions.local-network-access recorded 1 samples, mean = 0.0 (flags = 0x1)
0  -O                                                                        (1 = 100.0%)
1  ... 

Histogram: ContentSettings.RegularProfile.Exceptions.loopback-network recorded 1 samples, mean = 0.0 (flags = 0x1)
0  -O                                                                        (1 = 100.0%)
1  ... 

Histogram: ContentSettings.RegularProfile.Exceptions.media-engagement recorded 1 samples, mean = 0.0 (flags = 0x1)
0  -O                                                                        (1 = 100.0%)
1  ... 

Histogram: ContentSettings.RegularProfile.Exceptions.media-stream-camera recorded 1 samples, mean = 0.0 (flags = 0x1)
0  -O                                                                        (1 = 100.0%)
1  ... 

Histogram: ContentSettings.RegularProfile.Exceptions.media-stream-mic recorded 1 samples, mean = 0.0 (flags = 0x1)
0  -O                                                                        (1 = 100.0%)
1  ... 

Histogram: ContentSettings.RegularProfile.Exceptions.midi-sysex recorded 1 samples, mean = 0.0 (flags = 0x1)
0  -O                                                                        (1 = 100.0%)
1  ... 

Histogram: ContentSettings.RegularProfile.Exceptions.mixed-script recorded 1 samples, mean = 0.0 (flags = 0x1)
0  -O                                                                        (1 = 100.0%)
1  ... 

Histogram: ContentSettings.RegularProfile.Exceptions.nfc-devices recorded 1 samples, mean = 0.0 (flags = 0x1)
0  -O                                                                        (1 = 100.0%)
1  ... 

Histogram: ContentSettings.RegularProfile.Exceptions.notification-interactions recorded 1 samples, mean = 0.0 (flags = 0x1)
0  -O                                                                        (1 = 100.0%)
1  ... 

Histogram: ContentSettings.RegularProfile.Exceptions.notification-permission-review recorded 1 samples, mean = 0.0 (flags = 0x1)
0  -O                                                                        (1 = 100.0%)
1  ... 

Histogram: ContentSettings.RegularProfile.Exceptions.notifications recorded 1 samples, mean = 0.0 (flags = 0x1)
0  -O                                                                        (1 = 100.0%)
1  ... 

Histogram: ContentSettings.RegularProfile.Exceptions.ondevice-languages-downloaded recorded 1 samples, mean = 0.0 (flags = 0x1)
0  -O                                                                        (1 = 100.0%)
1  ... 

Histogram: ContentSettings.RegularProfile.Exceptions.password-protection recorded 1 samples, mean = 0.0 (flags = 0x1)
0  -O                                                                        (1 = 100.0%)
1  ... 

Histogram: ContentSettings.RegularProfile.Exceptions.payment-handler recorded 1 samples, mean = 0.0 (flags = 0x1)
0  -O                                                                        (1 = 100.0%)
1  ... 

Histogram: ContentSettings.RegularProfile.Exceptions.permission-actions-history recorded 1 samples, mean = 0.0 (flags = 0x1)
0  -O                                                                        (1 = 100.0%)
1  ... 

Histogram: ContentSettings.RegularProfile.Exceptions.permission-autoblocking-data recorded 1 samples, mean = 0.0 (flags = 0x1)
0  -O                                                                        (1 = 100.0%)
1  ... 

Histogram: ContentSettings.RegularProfile.Exceptions.permission-autorevocation-data recorded 1 samples, mean = 0.0 (flags = 0x1)
0  -O                                                                        (1 = 100.0%)
1  ... 

Histogram: ContentSettings.RegularProfile.Exceptions.pointer-lock recorded 1 samples, mean = 0.0 (flags = 0x1)
0  -O                                                                        (1 = 100.0%)
1  ... 

Histogram: ContentSettings.RegularProfile.Exceptions.popups recorded 1 samples, mean = 0.0 (flags = 0x1)
0  -O                                                                        (1 = 100.0%)
1  ... 

Histogram: ContentSettings.RegularProfile.Exceptions.popups.Allow recorded 1 samples, mean = 0.0 (flags = 0x1)
0  -O                                                                        (1 = 100.0%)
1  ... 

Histogram: ContentSettings.RegularProfile.Exceptions.popups.Block recorded 1 samples, mean = 0.0 (flags = 0x1)
0  -O                                                                        (1 = 100.0%)
1  ... 

Histogram: ContentSettings.RegularProfile.Exceptions.protected-media-identifier recorded 1 samples, mean = 0.0 (flags = 0x1)
0  -O                                                                        (1 = 100.0%)
1  ... 

Histogram: ContentSettings.RegularProfile.Exceptions.protocol-handler recorded 1 samples, mean = 0.0 (flags = 0x1)
0  -O                                                                        (1 = 100.0%)
1  ... 

Histogram: ContentSettings.RegularProfile.Exceptions.reduced-accept-language recorded 1 samples, mean = 0.0 (flags = 0x1)
0  -O                                                                        (1 = 100.0%)
1  ... 

Histogram: ContentSettings.RegularProfile.Exceptions.safe-browsing-url-check-data recorded 1 samples, mean = 0.0 (flags = 0x1)
0  -O                                                                        (1 = 100.0%)
1  ... 

Histogram: ContentSettings.RegularProfile.Exceptions.sensors recorded 1 samples, mean = 0.0 (flags = 0x1)
0  -O                                                                        (1 = 100.0%)
1  ... 

Histogram: ContentSettings.RegularProfile.Exceptions.serial-chooser-data recorded 1 samples, mean = 0.0 (flags = 0x1)
0  -O                                                                        (1 = 100.0%)
1  ... 

Histogram: ContentSettings.RegularProfile.Exceptions.serial-guard recorded 1 samples, mean = 0.0 (flags = 0x1)
0  -O                                                                        (1 = 100.0%)
1  ... 

Histogram: ContentSettings.RegularProfile.Exceptions.site-engagement recorded 1 samples, mean = 0.0 (flags = 0x1)
0  -O                                                                        (1 = 100.0%)
1  ... 

Histogram: ContentSettings.RegularProfile.Exceptions.sound recorded 1 samples, mean = 0.0 (flags = 0x1)
0  -O                                                                        (1 = 100.0%)
1  ... 

Histogram: ContentSettings.RegularProfile.Exceptions.speaker-selection recorded 1 samples, mean = 0.0 (flags = 0x1)
0  -O                                                                        (1 = 100.0%)
1  ... 

Histogram: ContentSettings.RegularProfile.Exceptions.ssl-cert-decisions recorded 1 samples, mean = 0.0 (flags = 0x1)
0  -O                                                                        (1 = 100.0%)
1  ... 

Histogram: ContentSettings.RegularProfile.Exceptions.storage-access recorded 1 samples, mean = 0.0 (flags = 0x1)
0  -O                                                                        (1 = 100.0%)
1  ... 

Histogram: ContentSettings.RegularProfile.Exceptions.storage-access-header-origin-trial recorded 1 samples, mean = 0.0 (flags = 0x1)
0  -O                                                                        (1 = 100.0%)
1  ... 

Histogram: ContentSettings.RegularProfile.Exceptions.storage-access.Allow recorded 1 samples, mean = 0.0 (flags = 0x1)
0  -O                                                                        (1 = 100.0%)
1  ... 

Histogram: ContentSettings.RegularProfile.Exceptions.storage-access.Ask recorded 1 samples, mean = 0.0 (flags = 0x1)
0  -O                                                                        (1 = 100.0%)
1  ... 

Histogram: ContentSettings.RegularProfile.Exceptions.storage-access.Block recorded 1 samples, mean = 0.0 (flags = 0x1)
0  -O                                                                        (1 = 100.0%)
1  ... 

Histogram: ContentSettings.RegularProfile.Exceptions.storage-access.MaxRequester recorded 1 samples, mean = 0.0 (flags = 0x1)
0  -O                                                                        (1 = 100.0%)
1  ... 

Histogram: ContentSettings.RegularProfile.Exceptions.storage-access.MaxTopLevel recorded 1 samples, mean = 0.0 (flags = 0x1)
0  -O                                                                        (1 = 100.0%)
1  ... 

Histogram: ContentSettings.RegularProfile.Exceptions.subresource-filter recorded 1 samples, mean = 0.0 (flags = 0x1)
0  -O                                                                        (1 = 100.0%)
1  ... 

Histogram: ContentSettings.RegularProfile.Exceptions.subresource-filter-data recorded 1 samples, mean = 0.0 (flags = 0x1)
0  -O                                                                        (1 = 100.0%)
1  ... 

Histogram: ContentSettings.RegularProfile.Exceptions.subresource-filter.Allow recorded 1 samples, mean = 0.0 (flags = 0x1)
0  -O                                                                        (1 = 100.0%)
1  ... 

Histogram: ContentSettings.RegularProfile.Exceptions.subresource-filter.Block recorded 1 samples, mean = 0.0 (flags = 0x1)
0  -O                                                                        (1 = 100.0%)
1  ... 

Histogram: ContentSettings.RegularProfile.Exceptions.suspicious-notification-ids recorded 1 samples, mean = 0.0 (flags = 0x1)
0  -O                                                                        (1 = 100.0%)
1  ... 

Histogram: ContentSettings.RegularProfile.Exceptions.suspicious-notification-show-original recorded 1 samples, mean = 0.0 (flags = 0x1)
0  -O                                                                        (1 = 100.0%)
1  ... 

Histogram: ContentSettings.RegularProfile.Exceptions.top-level-storage-access recorded 1 samples, mean = 0.0 (flags = 0x1)
0  -O                                                                        (1 = 100.0%)
1  ... 

Histogram: ContentSettings.RegularProfile.Exceptions.unused-site-permissions recorded 1 samples, mean = 0.0 (flags = 0x1)
0  -O                                                                        (1 = 100.0%)
1  ... 

Histogram: ContentSettings.RegularProfile.Exceptions.usb-chooser-data recorded 1 samples, mean = 0.0 (flags = 0x1)
0  -O                                                                        (1 = 100.0%)
1  ... 

Histogram: ContentSettings.RegularProfile.Exceptions.usb-guard recorded 1 samples, mean = 0.0 (flags = 0x1)
0  -O                                                                        (1 = 100.0%)
1  ... 

Histogram: ContentSettings.RegularProfile.Exceptions.vr recorded 1 samples, mean = 0.0 (flags = 0x1)
0  -O                                                                        (1 = 100.0%)
1  ... 

Histogram: ContentSettings.RegularProfile.Exceptions.web-app-installation recorded 1 samples, mean = 0.0 (flags = 0x1)
0  -O                                                                        (1 = 100.0%)
1  ... 

Histogram: ContentSettings.RegularProfile.Exceptions.webid-api recorded 1 samples, mean = 0.0 (flags = 0x1)
0  -O                                                                        (1 = 100.0%)
1  ... 

Histogram: ContentSettings.RegularProfile.Exceptions.webid-auto-reauthn recorded 1 samples, mean = 0.0 (flags = 0x1)
0  -O                                                                        (1 = 100.0%)
1  ... 

Histogram: ContentSettings.RegularProfile.Exceptions.window-placement recorded 1 samples, mean = 0.0 (flags = 0x1)
0  -O                                                                        (1 = 100.0%)
1  ... 

Histogram: Cookie.FirstPartySets.InitializationDuration.ReadCommandLineSet2 recorded 1 samples, mean = 171.0 (flags = 0x1)
0    ... 
160  -O                                                                        (1 = 100.0%) {0.0%}
190  ... 

Histogram: DevTools.CDPCommandFromDevTools recorded 4 samples (flags = 0x1)
-1357267098 -O                                                                        (1 = 25.0%)
-1173653183 -O                                                                        (1 = 25.0%)
-275022964  -O                                                                        (1 = 25.0%)
1510866078  -O                                                                        (1 = 25.0%)

Histogram: DevTools.CDPCommandFromOther recorded 39 samples (flags = 0x1)
-1455930618 -O                                                                        (1 = 2.6%)
-1357267098 ------------------------------O                                           (30 = 76.9%)
-1079235489 -O                                                                        (1 = 2.6%)
-986068555  -O                                                                        (1 = 2.6%)
-603976241  -O                                                                        (1 = 2.6%)
-275022964  -O                                                                        (1 = 2.6%)
23568337    -O                                                                        (1 = 2.6%)
834356206   -O                                                                        (1 = 2.6%)
916698928   -O                                                                        (1 = 2.6%)
1818737395  -O                                                                        (1 = 2.6%)

Histogram: Download.Database.IsAvailable recorded 1 samples, mean = 1.0 (flags = 0x1)
0  O                                                                         (0 = 0.0%)
1  -O                                                                        (1 = 100.0%) {0.0%}
2  O                                                                         (0 = 0.0%) {100.0%}

Histogram: Enterprise.CacheEncryptionPolicyEnabled recorded 3 samples, mean = 0.0 (flags = 0x1)
0  ---O                                                                      (3 = 100.0%)
1  ... 

Histogram: Enterprise.CertificateStore.LevelDB.InitStatus.NoRetry recorded 1 samples (flags = 0x1)
1  -O                                                                        (1 = 100.0%)

Histogram: Enterprise.DataProtection.URLVerdictSource recorded 1 samples, mean = 0.0 (flags = 0x1)
0  -O                                                                        (1 = 100.0%)
1  ... 

Histogram: Enterprise.RefreshTokenLoadResult recorded 1 samples, mean = 1.0 (flags = 0x1)
0  O                                                                         (0 = 0.0%)
1  -O                                                                        (1 = 100.0%) {0.0%}
2  O                                                                         (0 = 0.0%) {100.0%}

Histogram: EnterpriseCheck.AzureADJoinStatusCheckTime recorded 1 samples, mean = 5.0 (flags = 0x1)
0  ... 
5  -O                                                                        (1 = 100.0%) {0.0%}
6  ... 

Histogram: EnterpriseCheck.InvalidPoliciesDetected recorded 4 samples, mean = 0.0 (flags = 0x1)
0  ----O                                                                     (4 = 100.0%)
1  ... 

Histogram: Extension.Toolbar.BrowserActionsCount2 recorded 1 samples, mean = 0.0 (flags = 0x1)
0  -O                                                                        (1 = 100.0%)
1  ... 

Histogram: ExtensionToolbarModel.BrowserActionsCount recorded 1 samples, mean = 0.0 (flags = 0x1)
0  -O                                                                        (1 = 100.0%)
1  ... 

Histogram: Extensions.AppLocation2 recorded 1 samples, mean = 5.0 (flags = 0x1)
0  ... 
5  -O                                                                        (1 = 100.0%) {0.0%}
6  ... 

Histogram: Extensions.BackgroundHostCreatedForExtension recorded 1 samples, mean = 0.0 (flags = 0x1)
0  -O                                                                        (1 = 100.0%)
1  ... 

Histogram: Extensions.CorruptExtensionTotalDisables2 recorded 1 samples, mean = 0.0 (flags = 0x1)
0  -O                                                                        (1 = 100.0%)
1  ... 

Histogram: Extensions.CrxFetchSuccessRetryCountOtherUrl recorded 2 samples, mean = 0.0 (flags = 0x1)
0  --O                                                                       (2 = 100.0%)
1  ... 

Histogram: Extensions.Database.Open.Rules recorded 1 samples, mean = 0.0 (flags = 0x1)
0  -O                                                                        (1 = 100.0%)
1  ... 

Histogram: Extensions.Database.Open.Scripts recorded 1 samples, mean = 0.0 (flags = 0x1)
0  -O                                                                        (1 = 100.0%)
1  ... 

Histogram: Extensions.Database.Open.State recorded 1 samples, mean = 0.0 (flags = 0x1)
0  -O                                                                        (1 = 100.0%)
1  ... 

Histogram: Extensions.DaysSinceInstall recorded 3 samples, mean = 0.0 (flags = 0x1)
0  ---O                                                                      (3 = 100.0%)
1  ... 

Histogram: Extensions.DaysSinceLastUpdate recorded 3 samples, mean = 0.0 (flags = 0x1)
0  ---O                                                                      (3 = 100.0%)
1  ... 

Histogram: Extensions.DeveloperModeEnabled recorded 4 samples, mean = 0.0 (flags = 0x1)
0  ----O                                                                     (4 = 100.0%)
1  ... 

Histogram: Extensions.Disabled2 recorded 1 samples, mean = 0.0 (flags = 0x1)
0  -O                                                                        (1 = 100.0%)
1  ... 

Histogram: Extensions.DisabledForPermissions2 recorded 1 samples, mean = 0.0 (flags = 0x1)
0  -O                                                                        (1 = 100.0%)
1  ... 

Histogram: Extensions.EventPageActiveTime2 recorded 2 samples, mean = 2137.5 (flags = 0x1)
0     ... 
1816  --O                                                                       (2 = 100.0%) {0.0%}
2460  ... 

Histogram: Extensions.EventPageLoadTime2 recorded 2 samples, mean = 476.5 (flags = 0x1)
0    ... 
389  -O                                                                        (1 = 50.0%) {0.0%}
477  -O                                                                        (1 = 50.0%) {50.0%}
585  ... 

Histogram: Extensions.EventlessEventPages2 recorded 1 samples, mean = 0.0 (flags = 0x1)
0  -O                                                                        (1 = 100.0%)
1  ... 

Histogram: Extensions.Events.DidDispatchToAckSucceed.ExtensionPage recorded 2 samples, mean = 1.0 (flags = 0x1)
0  O                                                                         (0 = 0.0%)
1  --O                                                                       (2 = 100.0%) {0.0%}
2  O                                                                         (0 = 0.0%) {100.0%}

Histogram: Extensions.Events.Dispatch recorded 2 samples, mean = 221.0 (flags = 0x1)
0    ... 
221  --O                                                                       (2 = 100.0%) {0.0%}
222  ... 

Histogram: Extensions.Events.DispatchToComponent recorded 2 samples, mean = 221.0 (flags = 0x1)
0    ... 
221  --O                                                                       (2 = 100.0%) {0.0%}
222  ... 

Histogram: Extensions.Events.DispatchWithSuspendedEventPage recorded 2 samples, mean = 221.0 (flags = 0x1)
0    ... 
221  --O                                                                       (2 = 100.0%) {0.0%}
222  ... 

Histogram: Extensions.ExtensionLocation2 recorded 3 samples, mean = 5.0 (flags = 0x1)
0  ... 
5  ---O                                                                      (3 = 100.0%) {0.0%}
6  ... 

Histogram: Extensions.ExternalRegistryLoaderWin recorded 1 samples, mean = 0.0
0  -O                                                                        (1 = 100.0%)
1  ... 

Histogram: Extensions.HomepageOverrides2 recorded 1 samples, mean = 0.0 (flags = 0x1)
0  -O                                                                        (1 = 100.0%)
1  ... 

Histogram: Extensions.LoadAll2 recorded 1 samples, mean = 4.0 (flags = 0x1)
0  ... 
4  -O                                                                        (1 = 100.0%) {0.0%}
5  ... 

Histogram: Extensions.LoadAllComponentTime recorded 1 samples, mean = 5.0 (flags = 0x1)
0  ... 
5  -O                                                                        (1 = 100.0%) {0.0%}
6  ... 

Histogram: Extensions.LoadAllComponentTime.User recorded 1 samples, mean = 5.0 (flags = 0x1)
0  ... 
5  -O                                                                        (1 = 100.0%) {0.0%}
6  ... 

Histogram: Extensions.LoadAllTime2.User recorded 1 samples, mean = 0.0 (flags = 0x1)
0  -O                                                                        (1 = 100.0%)
1  ... 

Histogram: Extensions.LoadApp2 recorded 1 samples, mean = 0.0 (flags = 0x1)
0  -O                                                                        (1 = 100.0%)
1  ... 

Histogram: Extensions.LoadAppExternal2 recorded 1 samples, mean = 0.0 (flags = 0x1)
0  -O                                                                        (1 = 100.0%)
1  ... 

Histogram: Extensions.LoadAppUser2 recorded 1 samples, mean = 0.0 (flags = 0x1)
0  -O                                                                        (1 = 100.0%)
1  ... 

Histogram: Extensions.LoadBrowserAction2 recorded 1 samples, mean = 0.0 (flags = 0x1)
0  -O                                                                        (1 = 100.0%)
1  ... 

Histogram: Extensions.LoadExtension2 recorded 1 samples, mean = 0.0 (flags = 0x1)
0  -O                                                                        (1 = 100.0%)
1  ... 

Histogram: Extensions.LoadExtensionExternal2 recorded 1 samples, mean = 0.0 (flags = 0x1)
0  -O                                                                        (1 = 100.0%)
1  ... 

Histogram: Extensions.LoadExtensionUser2 recorded 1 samples, mean = 0.0 (flags = 0x1)
0  -O                                                                        (1 = 100.0%)
1  ... 

Histogram: Extensions.LoadHostedApp2 recorded 1 samples, mean = 0.0 (flags = 0x1)
0  -O                                                                        (1 = 100.0%)
1  ... 

Histogram: Extensions.LoadNoExtensionAction2 recorded 1 samples, mean = 0.0 (flags = 0x1)
0  -O                                                                        (1 = 100.0%)
1  ... 

Histogram: Extensions.LoadOffStoreItems2 recorded 1 samples, mean = 0.0 (flags = 0x1)
0  -O                                                                        (1 = 100.0%)
1  ... 

Histogram: Extensions.LoadPackagedApp2 recorded 1 samples, mean = 0.0 (flags = 0x1)
0  -O                                                                        (1 = 100.0%)
1  ... 

Histogram: Extensions.LoadPlatformApp2 recorded 1 samples, mean = 0.0 (flags = 0x1)
0  -O                                                                        (1 = 100.0%)
1  ... 

Histogram: Extensions.LoadTheme2 recorded 1 samples, mean = 0.0 (flags = 0x1)
0  -O                                                                        (1 = 100.0%)
1  ... 

Histogram: Extensions.Management_Refresh recorded 1 samples, mean = 0.0 (flags = 0x1)
0  -O                                                                        (1 = 100.0%)
1  ... 

Histogram: Extensions.ManifestFetchSuccessRetryCountGoogleUrl recorded 1 samples, mean = 0.0 (flags = 0x1)
0  -O                                                                        (1 = 100.0%)
1  ... 

Histogram: Extensions.ManifestVersion2Count.Component recorded 1 samples, mean = 2.0 (flags = 0x1)
0  ... 
2  -O                                                                        (1 = 100.0%) {0.0%}
3  ... 

Histogram: Extensions.ManifestVersion2Count.External recorded 1 samples, mean = 0.0 (flags = 0x1)
0  -O                                                                        (1 = 100.0%)
1  ... 

Histogram: Extensions.ManifestVersion2Count.Internal recorded 1 samples, mean = 0.0 (flags = 0x1)
0  -O                                                                        (1 = 100.0%)
1  ... 

Histogram: Extensions.ManifestVersion2Count.Policy recorded 1 samples, mean = 0.0 (flags = 0x1)
0  -O                                                                        (1 = 100.0%)
1  ... 

Histogram: Extensions.ManifestVersion2Count.Unpacked recorded 1 samples, mean = 0.0 (flags = 0x1)
0  -O                                                                        (1 = 100.0%)
1  ... 

Histogram: Extensions.ManifestVersion3Count.Component recorded 1 samples, mean = 1.0 (flags = 0x1)
0  O                                                                         (0 = 0.0%)
1  -O                                                                        (1 = 100.0%) {0.0%}
2  ... 

Histogram: Extensions.ManifestVersion3Count.External recorded 1 samples, mean = 0.0 (flags = 0x1)
0  -O                                                                        (1 = 100.0%)
1  ... 

Histogram: Extensions.ManifestVersion3Count.Internal recorded 1 samples, mean = 0.0 (flags = 0x1)
0  -O                                                                        (1 = 100.0%)
1  ... 

Histogram: Extensions.ManifestVersion3Count.Policy recorded 1 samples, mean = 0.0 (flags = 0x1)
0  -O                                                                        (1 = 100.0%)
1  ... 

Histogram: Extensions.ManifestVersion3Count.Unpacked recorded 1 samples, mean = 0.0 (flags = 0x1)
0  -O                                                                        (1 = 100.0%)
1  ... 

Histogram: Extensions.ManifestVersionByLocation.Component recorded 3 samples, mean = 2.3 (flags = 0x1)
0  ... 
2  --O                                                                       (2 = 66.7%) {0.0%}
3  -O                                                                        (1 = 33.3%) {66.7%}
4  ... 

Histogram: Extensions.ManifestVersionPopulationSplit.Component recorded 1 samples, mean = 2.0 (flags = 0x1)
0  ... 
2  -O                                                                        (1 = 100.0%) {0.0%}
3  ... 

Histogram: Extensions.ManifestVersionPopulationSplit.External recorded 1 samples, mean = 0.0 (flags = 0x1)
0  -O                                                                        (1 = 100.0%)
1  ... 

Histogram: Extensions.ManifestVersionPopulationSplit.Internal recorded 1 samples, mean = 0.0 (flags = 0x1)
0  -O                                                                        (1 = 100.0%)
1  ... 

Histogram: Extensions.ManifestVersionPopulationSplit.InternalAndExternal recorded 1 samples, mean = 0.0 (flags = 0x1)
0  -O                                                                        (1 = 100.0%)
1  ... 

Histogram: Extensions.ManifestVersionPopulationSplit.Unpacked recorded 1 samples, mean = 0.0 (flags = 0x1)
0  -O                                                                        (1 = 100.0%)
1  ... 

Histogram: Extensions.Messaging.NativeMessagingCount recorded 1 samples, mean = 0.0 (flags = 0x1)
0  -O                                                                        (1 = 100.0%)
1  ... 

Histogram: Extensions.NewTabPageOverrides2 recorded 1 samples, mean = 0.0 (flags = 0x1)
0  -O                                                                        (1 = 100.0%)
1  ... 

Histogram: Extensions.NonWebStoreNewTabPageOverrides2 recorded 1 samples, mean = 0.0 (flags = 0x1)
0  -O                                                                        (1 = 100.0%)
1  ... 

Histogram: Extensions.NonWebstoreLocation2 recorded 4 samples, mean = 5.0 (flags = 0x1)
0  ... 
5  ----O                                                                     (4 = 100.0%) {0.0%}
6  ... 

Histogram: Extensions.NonWebstoreLocationWithDeveloperModeOff.Enabled3 recorded 4 samples, mean = 5.0 (flags = 0x1)
0  ... 
5  ----O                                                                     (4 = 100.0%) {0.0%}
6  ... 

Histogram: Extensions.NotAllowlistedDisabled2 recorded 1 samples, mean = 0.0 (flags = 0x1)
0  -O                                                                        (1 = 100.0%)
1  ... 

Histogram: Extensions.NotAllowlistedEnabled2 recorded 1 samples, mean = 0.0 (flags = 0x1)
0  -O                                                                        (1 = 100.0%)
1  ... 

Histogram: Extensions.SearchEngineOverrides2 recorded 1 samples, mean = 0.0 (flags = 0x1)
0  -O                                                                        (1 = 100.0%)
1  ... 

Histogram: Extensions.ServiceWorkerBackground.AddPendingTaskForRunningWorker3 recorded 2 samples, mean = 0.0 (flags = 0x1)
0  --O                                                                       (2 = 100.0%)
1  ... 

Histogram: Extensions.ServiceWorkerBackground.Registration_FailStatus recorded 1 samples, mean = 2.0 (flags = 0x1)
0  ... 
2  -O                                                                        (1 = 100.0%) {0.0%}
3  ... 

Histogram: Extensions.ServiceWorkerBackground.WorkerRegistrationState recorded 1 samples, mean = 0.0 (flags = 0x1)
0  -O                                                                        (1 = 100.0%)
1  ... 

Histogram: Extensions.ServiceWorkerBackground.WorkerRegistrationState2 recorded 1 samples, mean = 0.0 (flags = 0x1)
0  -O                                                                        (1 = 100.0%)
1  ... 

Histogram: Extensions.StartupPagesOverrides2 recorded 1 samples, mean = 0.0 (flags = 0x1)
0  -O                                                                        (1 = 100.0%)
1  ... 

Histogram: Extensions.WebRequest.DeclarativeRequestDependentExtensionCount recorded 36 samples, mean = 0.0 (flags = 0x1)
0  ------------------------------------O                                     (36 = 100.0%)
1  ... 

Histogram: Extensions.WebRequest.ProxyDecision2 recorded 36 samples, mean = 0.0 (flags = 0x1)
0  ------------------------------------O                                     (36 = 100.0%)
1  ... 

Histogram: Extensions.WebRequest.WebRequestDependentExtensionCount recorded 36 samples, mean = 0.0 (flags = 0x1)
0  ------------------------------------O                                     (36 = 100.0%)
1  ... 

Histogram: Extensions.WebRequest.WebViewDependentExtensionCount recorded 36 samples, mean = 0.0 (flags = 0x1)
0  ------------------------------------O                                     (36 = 100.0%)
1  ... 

Histogram: Extensions.WebRequestBlockingCount2 recorded 1 samples, mean = 0.0 (flags = 0x1)
0  -O                                                                        (1 = 100.0%)
1  ... 

Histogram: Extensions.WebRequestCount2 recorded 1 samples, mean = 0.0 (flags = 0x1)
0  -O                                                                        (1 = 100.0%)
1  ... 

Histogram: Favicons.IconSuccess.16px recorded 2 samples, mean = 0.0 (flags = 0x1)
0  --O                                                                       (2 = 100.0%)
1  ... 

Histogram: GCM.ClientStartDelay recorded 4 samples, mean = 0.0 (flags = 0x1)
0  ----O                                                                     (4 = 100.0%)
1  ... 

Histogram: GPU.BlocklistEntriesApplied recorded 1 samples (flags = 0x1)
0  -O                                                                        (1 = 100.0%)

Histogram: GPU.BlocklistFeatureTestResults.Accelerated2dCanvas recorded 1 samples, mean = 3.0 (flags = 0x1)
0  ... 
3  -O                                                                        (1 = 100.0%) {0.0%}
4  ... 

Histogram: GPU.BlocklistFeatureTestResults.GpuCompositing recorded 1 samples, mean = 2.0 (flags = 0x1)
0  ... 
2  -O                                                                        (1 = 100.0%) {0.0%}
3  ... 

Histogram: GPU.BlocklistFeatureTestResults.GpuRasterization recorded 1 samples, mean = 2.0 (flags = 0x1)
0  ... 
2  -O                                                                        (1 = 100.0%) {0.0%}
3  ... 

Histogram: GPU.BlocklistFeatureTestResults.Webgl recorded 1 samples, mean = 3.0 (flags = 0x1)
0  ... 
3  -O                                                                        (1 = 100.0%) {0.0%}
4  ... 

Histogram: GPU.BlocklistFeatureTestResults.Webgl2 recorded 1 samples, mean = 3.0 (flags = 0x1)
0  ... 
3  -O                                                                        (1 = 100.0%) {0.0%}
4  ... 

Histogram: GPU.BlocklistFeatureTestResults.Webgpu recorded 1 samples, mean = 3.0 (flags = 0x1)
0  ... 
3  -O                                                                        (1 = 100.0%) {0.0%}
4  ... 

Histogram: GPU.CanvasOopRaster.OopRasterAndGpuAcceleration recorded 1 samples, mean = 3.0 (flags = 0x1)
0  ... 
3  -O                                                                        (1 = 100.0%) {0.0%}
4  O                                                                         (0 = 0.0%) {100.0%}

Histogram: GPU.DriverBugTestResultsPerEntry recorded 1 samples (flags = 0x1)
0  -O                                                                        (1 = 100.0%)

Histogram: GPU.GPUProcessLaunchTime recorded 1 samples, mean = 181.0 (flags = 0x1)
0    ... 
160  -O                                                                        (1 = 100.0%) {0.0%}
190  ... 

Histogram: GPU.GPUProcessTerminationStatus2 recorded 1 samples, mean = 4.0 (flags = 0x1)
0  ... 
4  -O                                                                        (1 = 100.0%) {0.0%}
5  ... 

Histogram: GPU.HardwareAccelerationModeEnabled recorded 1 samples, mean = 1.0 (flags = 0x1)
0  O                                                                         (0 = 0.0%)
1  -O                                                                        (1 = 100.0%) {0.0%}
2  O                                                                         (0 = 0.0%) {100.0%}

Histogram: GPU.ProcessLifetime2 recorded 1 samples, mean = 4.0 (flags = 0x1)
0  ... 
4  -O                                                                        (1 = 100.0%) {0.0%}
5  ... 

Histogram: GPU.ProcessLifetimeEvents.SwiftShader recorded 1 samples, mean = 0.0 (flags = 0x1)
0  -O                                                                        (1 = 100.0%)
1  ... 

Histogram: Gaia.AuthFetcher.ListAccounts.NetErrorCodes recorded 1 samples (flags = 0x1)
0  -O                                                                        (1 = 100.0%)

Histogram: Geolocation.SystemGeolocationSourceWin.InitialPermissionStatus recorded 1 samples, mean = 2.0 (flags = 0x1)
0  ... 
2  -O                                                                        (1 = 100.0%) {0.0%}
3  O                                                                         (0 = 0.0%) {100.0%}

Histogram: Geolocation.SystemGeolocationSourceWin.PermissionStatusChanged recorded 1 samples, mean = 2.0 (flags = 0x1)
0  ... 
2  -O                                                                        (1 = 100.0%) {0.0%}
3  O                                                                         (0 = 0.0%) {100.0%}

Histogram: Glic.CountryFilteringResult recorded 1 samples, mean = 4.0 (flags = 0x1)
0  ... 
4  -O                                                                        (1 = 100.0%) {0.0%}
5  O                                                                         (0 = 0.0%) {100.0%}

Histogram: Glic.LocaleFilteringResult recorded 1 samples, mean = 3.0 (flags = 0x1)
0  ... 
3  -O                                                                        (1 = 100.0%) {0.0%}
4  ... 

Histogram: Graphics.Paint.UI.NormalizedInvalidatedArea recorded 48 samples, mean = 11785.6 (flags = 0x1)
0       ... 
78      -O                                                                        (1 = 2.1%) {0.0%}
101     -------------------------------------O                                    (37 = 77.1%) {2.1%}
131     O                                                                         (0 = 0.0%) {79.2%}
170     -O                                                                        (1 = 2.1%) {79.2%}
221     ... 
2370    --O                                                                       (2 = 4.2%) {81.2%}
3085    -O                                                                        (1 = 2.1%) {85.4%}
4015    -O                                                                        (1 = 2.1%) {87.5%}
5226    O                                                                         (0 = 0.0%) {89.6%}
6802    --O                                                                       (2 = 4.2%) {89.6%}
8853    ... 
123452  -O                                                                        (1 = 2.1%) {93.8%}
160672  --O                                                                       (2 = 4.2%) {95.8%}
209114  ... 

Histogram: Hardware.Display.Count.OnStartup recorded 1 samples, mean = 1.0 (flags = 0x1)
0  O                                                                         (0 = 0.0%)
1  -O                                                                        (1 = 100.0%) {0.0%}
2  ... 

Histogram: Hardware.Display.SupportsHDR recorded 1 samples, mean = 0.0 (flags = 0x1)
0  -O                                                                        (1 = 100.0%)
1  ... 

Histogram: HeapProfiling.InProcess.Enabled recorded 1 samples, mean = 0.0 (flags = 0x1)
0  -O                                                                        (1 = 100.0%)
1  ... 

Histogram: HeapProfiling.InProcess.Enabled.Browser recorded 1 samples, mean = 0.0 (flags = 0x1)
0  -O                                                                        (1 = 100.0%)
1  ... 

Histogram: Histogram.TooManyBuckets.1000 recorded 2 samples (flags = 0x1)
-2140283801 -O                                                                        (1 = 50.0%)
1721222685  -O                                                                        (1 = 50.0%)

Histogram: History.ClearBrowsingData.TaskQueueAtShutdown recorded 2 samples, mean = 0.0 (flags = 0x1)
0  --O                                                                       (2 = 100.0%)
1  ... 

Histogram: History.Clusters.ContextClusterer.VisitProcessingLatency.UrlVisited recorded 2 samples, mean = 0.0 (flags = 0x1)
0  --O                                                                       (2 = 100.0%)
1  ... 

Histogram: History.Clusters.JourneysEligibleAndEnabledAtSessionStart recorded 2 samples, mean = 1.0 (flags = 0x1)
0  O                                                                         (0 = 0.0%)
1  --O                                                                       (2 = 100.0%) {0.0%}
2  O                                                                         (0 = 0.0%) {100.0%}

Histogram: History.Clusters.KeywordCache.LoadCachesFromPrefs.Latency recorded 2 samples, mean = 0.0 (flags = 0x1)
0  --O                                                                       (2 = 100.0%)
1  ... 

Histogram: History.DomainCount1Day_V3 recorded 7 samples, mean = 0.0 (flags = 0x1)
0  -------O                                                                  (7 = 100.0%)
1  ... 

Histogram: History.DomainCount1Day_V4 recorded 7 samples, mean = 0.0 (flags = 0x1)
0  -------O                                                                  (7 = 100.0%)
1  ... 

Histogram: History.DomainCount28Day_V3 recorded 7 samples, mean = 0.0 (flags = 0x1)
0  -------O                                                                  (7 = 100.0%)
1  ... 

Histogram: History.DomainCount28Day_V4 recorded 7 samples, mean = 0.0 (flags = 0x1)
0  -------O                                                                  (7 = 100.0%)
1  ... 

Histogram: History.DomainCount7Day_V3 recorded 7 samples, mean = 0.0 (flags = 0x1)
0  -------O                                                                  (7 = 100.0%)
1  ... 

Histogram: History.DomainCount7Day_V4 recorded 7 samples, mean = 0.0 (flags = 0x1)
0  -------O                                                                  (7 = 100.0%)
1  ... 

Histogram: History.InMemoryDBItemCount recorded 1 samples, mean = 0.0 (flags = 0x1)
0  -O                                                                        (1 = 100.0%)
1  ... 

Histogram: History.InMemoryURLHistoryItems recorded 1 samples, mean = 0.0 (flags = 0x1)
0  -O                                                                        (1 = 100.0%)
1  ... 

Histogram: History.Is4XXOr5XXStatusCode recorded 3 samples, mean = 0.0 (flags = 0x1)
0  ---O                                                                      (3 = 100.0%)
1  ... 

Histogram: History.QueryHistory recorded 1 samples, mean = 0.0 (flags = 0x1)
0  -O                                                                        (1 = 100.0%)
1  ... 

Histogram: History.ShouldUpdateHistory recorded 3 samples, mean = 0.7 (flags = 0x1)
0  -O                                                                        (1 = 33.3%)
1  --O                                                                       (2 = 66.7%) {33.3%}
2  O                                                                         (0 = 0.0%) {100.0%}

Histogram: History.URLRowAddedAsHidden recorded 1 samples, mean = 0.0 (flags = 0x1)
0  -O                                                                        (1 = 100.0%)
1  ... 

Histogram: History.VisitAddedDueTo404 recorded 1 samples, mean = 0.0 (flags = 0x1)
0  -O                                                                        (1 = 100.0%)
1  ... 

Histogram: History.VisitedLinks.HashTableSizeOnTableCreate recorded 2 samples, mean = 0.0 (flags = 0x1)
0  --O                                                                       (2 = 100.0%)
1  ... 

Histogram: History.VisitedLinks.VisitLoggedFromMainFrame recorded 1 samples, mean = 1.0 (flags = 0x1)
0  O                                                                         (0 = 0.0%)
1  -O                                                                        (1 = 100.0%) {0.0%}
2  O                                                                         (0 = 0.0%) {100.0%}

Histogram: History.VisitedLinks.VisitLoggedFromTransition recorded 1 samples, mean = 2.0 (flags = 0x1)
0  ... 
2  -O                                                                        (1 = 100.0%) {0.0%}
3  ... 

Histogram: ImageDecoder.Png.UiGfxIntoSkBitmap recorded 4 samples, mean = 100.5 (flags = 0x1)
0    ... 
65   --O                                                                       (2 = 50.0%) {0.0%}
86   -O                                                                        (1 = 25.0%) {50.0%}
113  O                                                                         (0 = 0.0%) {75.0%}
149  -O                                                                        (1 = 25.0%) {75.0%}
196  ... 

Histogram: ImportantFile.FileReplaceResult recorded 1 samples, mean = 0.0 (flags = 0x1)
0  -O                                                                        (1 = 100.0%)
1  ... 

Histogram: ImportantFile.FileReplaceResult.All recorded 8 samples, mean = 0.0 (flags = 0x1)
0  --------O                                                                 (8 = 100.0%)
1  ... 

Histogram: ImportantFile.FileReplaceResult.BookmarkMergedSurfaceOrderingStorage recorded 1 samples, mean = 0.0 (flags = 0x1)
0  -O                                                                        (1 = 100.0%)
1  ... 

Histogram: ImportantFile.FileReplaceResult.Local_State recorded 3 samples, mean = 0.0 (flags = 0x1)
0  ---O                                                                      (3 = 100.0%)
1  ... 

Histogram: ImportantFile.FileReplaceResult.Preferences recorded 1 samples, mean = 0.0 (flags = 0x1)
0  -O                                                                        (1 = 100.0%)
1  ... 

Histogram: ImportantFile.FileReplaceResult.Secure_Preferences recorded 1 samples, mean = 0.0 (flags = 0x1)
0  -O                                                                        (1 = 100.0%)
1  ... 

Histogram: ImportantFile.FileReplaceResult.TrustedVault recorded 1 samples, mean = 0.0 (flags = 0x1)
0  -O                                                                        (1 = 100.0%)
1  ... 

Histogram: ImportantFile.FileReplaceRetryCount recorded 8 samples, mean = 0.0 (flags = 0x1)
0  --------O                                                                 (8 = 100.0%)
1  ... 

Histogram: ImportantFile.SerializationDuration recorded 1 samples, mean = 0.0 (flags = 0x1)
0  -O                                                                        (1 = 100.0%)
1  ... 

Histogram: ImportantFile.SerializationDuration.All recorded 7 samples, mean = 0.1 (flags = 0x1)
0  ------O                                                                   (6 = 85.7%)
1  -O                                                                        (1 = 14.3%) {85.7%}
2  ... 

Histogram: ImportantFile.SerializationDuration.BookmarkMergedSurfaceOrderingStorage recorded 1 samples, mean = 0.0 (flags = 0x1)
0  -O                                                                        (1 = 100.0%)
1  ... 

Histogram: ImportantFile.SerializationDuration.Local_State recorded 3 samples, mean = 0.0 (flags = 0x1)
0  ---O                                                                      (3 = 100.0%)
1  ... 

Histogram: ImportantFile.SerializationDuration.Preferences recorded 1 samples, mean = 0.0 (flags = 0x1)
0  -O                                                                        (1 = 100.0%)
1  ... 

Histogram: ImportantFile.SerializationDuration.Secure_Preferences recorded 1 samples, mean = 1.0 (flags = 0x1)
0  O                                                                         (0 = 0.0%)
1  -O                                                                        (1 = 100.0%) {0.0%}
2  ... 

Histogram: ImportantFile.SerializationSize.All recorded 3 samples, mean = 4701.3 (flags = 0x1)
0     ... 
752   -O                                                                        (1 = 33.3%) {0.0%}
1043  ... 
2786  -O                                                                        (1 = 33.3%) {33.3%}
3865  ... 
7439  -O                                                                        (1 = 33.3%) {66.7%}
10321 ... 

Histogram: ImportantFile.SerializationSize.Local_State recorded 2 samples, mean = 2144.0 (flags = 0x1)
0     ... 
752   -O                                                                        (1 = 50.0%) {0.0%}
1043  ... 
2786  -O                                                                        (1 = 50.0%) {50.0%}
3865  ... 

Histogram: ImportantFile.SerializationSize.Preferences recorded 1 samples, mean = 9816.0 (flags = 0x1)
0     ... 
7439  -O                                                                        (1 = 100.0%) {0.0%}
10321 ... 

Histogram: ImportantFile.WriteDuration recorded 1 samples, mean = 9.0 (flags = 0x1)
0  ... 
8  -O                                                                        (1 = 100.0%) {0.0%}
10 ... 

Histogram: ImportantFile.WriteDuration.All recorded 8 samples, mean = 8.9 (flags = 0x1)
0   ... 
5   --O                                                                       (2 = 25.0%) {0.0%}
6   O                                                                         (0 = 0.0%) {25.0%}
7   -O                                                                        (1 = 12.5%) {25.0%}
8   ---O                                                                      (3 = 37.5%) {37.5%}
10  ... 
14  --O                                                                       (2 = 25.0%) {75.0%}
17  ... 

Histogram: ImportantFile.WriteDuration.BookmarkMergedSurfaceOrderingStorage recorded 1 samples, mean = 5.0 (flags = 0x1)
0  ... 
5  -O                                                                        (1 = 100.0%) {0.0%}
6  ... 

Histogram: ImportantFile.WriteDuration.Local_State recorded 3 samples, mean = 10.0 (flags = 0x1)
0   ... 
7   -O                                                                        (1 = 33.3%) {0.0%}
8   -O                                                                        (1 = 33.3%) {33.3%}
10  ... 
14  -O                                                                        (1 = 33.3%) {66.7%}
17  ... 

Histogram: ImportantFile.WriteDuration.Preferences recorded 1 samples, mean = 5.0 (flags = 0x1)
0  ... 
5  -O                                                                        (1 = 100.0%) {0.0%}
6  ... 

Histogram: ImportantFile.WriteDuration.Secure_Preferences recorded 1 samples, mean = 8.0 (flags = 0x1)
0  ... 
8  -O                                                                        (1 = 100.0%) {0.0%}
10 ... 

Histogram: ImportantFile.WriteDuration.TrustedVault recorded 1 samples, mean = 14.0 (flags = 0x1)
0   ... 
14  -O                                                                        (1 = 100.0%) {0.0%}
17  ... 

Histogram: InProductHelp.Config.ParsingEvent recorded 121 samples, mean = 4.0 (flags = 0x1)
0   ------------------------------------------------------------------------O (77 = 63.6%)
1   O                                                                         (0 = 0.0%) {63.6%}
2   ----------O                                                               (11 = 9.1%) {63.6%}
3   ... 
14  -------------------------------O                                          (33 = 27.3%) {72.7%}
15  ... 

Histogram: IndexedDB.ContextShutdownDuration recorded 1 samples, mean = 0.0 (flags = 0x1)
0  -O                                                                        (1 = 100.0%)
1  ... 

Histogram: InitialWebUI.ReloadButton.ChangeVisibleModeToNextPaintInStop recorded 2 samples, mean = 327.5 (flags = 0x1)
0    ... 
121  -O                                                                        (1 = 50.0%) {0.0%}
135  ... 
512  -O                                                                        (1 = 50.0%) {50.0%}
572  ... 

Histogram: InitialWebUI.Startup.BrowserWindow.FirstPaint recorded 1 samples, mean = 939.0 (flags = 0x1)
0    ... 
878  -O                                                                        (1 = 100.0%) {0.0%}
1013 ... 

Histogram: InitialWebUI.Startup.BrowserWindow.FirstPaint.Temperature.WarmStartup recorded 1 samples, mean = 939.0 (flags = 0x1)
0    ... 
878  -O                                                                        (1 = 100.0%) {0.0%}
1013 ... 

Histogram: InitialWebUI.Startup.BrowserWindow.ShowRequestedToFirstPaint recorded 1 samples, mean = 537.0 (flags = 0x1)
0    ... 
495  -O                                                                        (1 = 100.0%) {0.0%}
571  ... 

Histogram: InitialWebUI.Startup.BrowserWindow.ShowRequestedToFirstPaint.Temperature.WarmStartup recorded 1 samples, mean = 537.0 (flags = 0x1)
0    ... 
495  -O                                                                        (1 = 100.0%) {0.0%}
571  ... 

Histogram: InitialWebUI.Startup.BrowserWindowToReloadButton.FirstPaintGap recorded 1 samples, mean = 0.0 (flags = 0x1)
0  -O                                                                        (1 = 100.0%)
1  ... 

Histogram: InitialWebUI.Startup.BrowserWindowToReloadButton.FirstPaintGap.Temperature.WarmStartup recorded 1 samples, mean = 0.0 (flags = 0x1)
0  -O                                                                        (1 = 100.0%)
1  ... 

Histogram: InitialWebUI.Startup.ReloadButton.FirstContentfulPaint recorded 1 samples, mean = 939.0 (flags = 0x1)
0    ... 
878  -O                                                                        (1 = 100.0%) {0.0%}
1013 ... 

Histogram: InitialWebUI.Startup.ReloadButton.FirstContentfulPaint.Temperature.WarmStartup recorded 1 samples, mean = 939.0 (flags = 0x1)
0    ... 
878  -O                                                                        (1 = 100.0%) {0.0%}
1013 ... 

Histogram: InitialWebUI.Startup.ReloadButton.FirstPaint recorded 1 samples, mean = 939.0 (flags = 0x1)
0    ... 
878  -O                                                                        (1 = 100.0%) {0.0%}
1013 ... 

Histogram: InitialWebUI.Startup.ReloadButton.FirstPaint.Temperature.WarmStartup recorded 1 samples, mean = 939.0 (flags = 0x1)
0    ... 
878  -O                                                                        (1 = 100.0%) {0.0%}
1013 ... 

Histogram: InitialWebUI.View.Creation recorded 4 samples, mean = 0.5 (flags = 0x1)
0  --O                                                                       (2 = 50.0%)
1  --O                                                                       (2 = 50.0%) {50.0%}
2  O                                                                         (0 = 0.0%) {100.0%}

Histogram: Input.Digitizer.MaxTouchPointsSupportedBySystemAtStartup recorded 1 samples, mean = 0.0 (flags = 0x1)
0  -O                                                                        (1 = 100.0%)
1  ... 

Histogram: Input.PointerTypePrimary recorded 1 samples, mean = 2.0 (flags = 0x1)
0  ... 
2  -O                                                                        (1 = 100.0%) {0.0%}
3  O                                                                         (0 = 0.0%) {100.0%}

Histogram: Input.PointerTypesAll recorded 1 samples, mean = 2.0 (flags = 0x1)
0  ... 
2  -O                                                                        (1 = 100.0%) {0.0%}
3  ... 

Histogram: LanguageUsage.AcceptLanguage recorded 1 samples (flags = 0x1)
25966  -O                                                                        (1 = 100.0%)

Histogram: LanguageUsage.AcceptLanguage.Count recorded 1 samples, mean = 1.0 (flags = 0x1)
0  O                                                                         (0 = 0.0%)
1  -O                                                                        (1 = 100.0%) {0.0%}
2  ... 

Histogram: LanguageUsage.AcceptLanguage.Count2 recorded 5 samples, mean = 2.0 (flags = 0x1)
0  ... 
2  -----O                                                                    (5 = 100.0%) {0.0%}
3  ... 

Histogram: LanguageUsage.AcceptLanguage.FirstAcceptLanguage recorded 1 samples (flags = 0x1)
25966  -O                                                                        (1 = 100.0%)

Histogram: LevelDB.ApproximateMemTableMemoryUse.CartDatabase recorded 0 samples (flags = 0x1)
0 ... 

Histogram: LevelDB.ApproximateMemTableMemoryUse.ClientCertificatesDatabase recorded 0 samples (flags = 0x1)
0 ... 

Histogram: LevelDB.ApproximateMemTableMemoryUse.CommerceParcelTrackingDatabase recorded 0 samples (flags = 0x1)
0 ... 

Histogram: LevelDB.ApproximateMemTableMemoryUse.CommerceSubscriptionDatabase recorded 0 samples (flags = 0x1)
0 ... 

Histogram: LevelDB.ApproximateMemTableMemoryUse.DiscountInfosDatabase recorded 0 samples (flags = 0x1)
0 ... 

Histogram: LevelDB.ApproximateMemTableMemoryUse.DiscountsDatabase recorded 0 samples (flags = 0x1)
0 ... 

Histogram: LevelDB.ApproximateMemTableMemoryUse.DownloadDB recorded 0 samples (flags = 0x1)
0 ... 

Histogram: LevelDB.ApproximateMemTableMemoryUse.Metadata recorded 1 samples, mean = 4104.0 (flags = 0x1)
0  O                                                                         (0 = 0.0%)
1  -O                                                                        (1 = 100.0%) {0.0%}
270601... 

Histogram: LevelDB.ApproximateMemTableMemoryUse.PersistentOriginTrials recorded 0 samples (flags = 0x1)
0 ... 

Histogram: LevelDB.ApproximateMemTableMemoryUse.SegmentInfoDatabase recorded 0 samples (flags = 0x1)
0 ... 

Histogram: LevelDB.ApproximateMemTableMemoryUse.SharedProtoDB recorded 1 samples, mean = 4104.0 (flags = 0x1)
0  O                                                                         (0 = 0.0%)
1  -O                                                                        (1 = 100.0%) {0.0%}
270601... 

Histogram: LevelDB.ApproximateMemTableMemoryUse.SignalDatabase recorded 0 samples (flags = 0x1)
0 ... 

Histogram: LevelDB.ApproximateMemTableMemoryUse.SignalStorageConfigDatabase recorded 0 samples (flags = 0x1)
0 ... 

Histogram: LevelDBEnv.DeleteTableBackupFile recorded 0 samples (flags = 0x1)
0 ... 

Histogram: LevelDBEnv.SyncResult recorded 16 samples, mean = 0.0 (flags = 0x1)
0  ----------------O                                                         (16 = 100.0%)
1  ... 

Histogram: LoadingPredictor.OptimizationHintsReceiveStatus recorded 1 samples, mean = 1.0 (flags = 0x1)
0  O                                                                         (0 = 0.0%)
1  -O                                                                        (1 = 100.0%) {0.0%}
2  ... 

Histogram: LoadingPredictor.SetLCPPNavigationHint.Status recorded 2 samples, mean = 2.0 (flags = 0x1)
0  O                                                                         (0 = 0.0%)
1  -O                                                                        (1 = 50.0%) {0.0%}
2  O                                                                         (0 = 0.0%) {50.0%}
3  -O                                                                        (1 = 50.0%) {50.0%}
4  O                                                                         (0 = 0.0%) {100.0%}

Histogram: LocalStorage.DatabaseOnDiskSizeKB recorded 1 samples, mean = 0.0 (flags = 0x1)
0  -O                                                                        (1 = 100.0%)
1000... 

Histogram: Login.PageLoad.DetectionType recorded 1 samples, mean = 0.0 (flags = 0x1)
0  -O                                                                        (1 = 100.0%)
1  ... 

Histogram: MPArch.ChildProcessLaunchFirst recorded 1 samples, mean = 18.0 (flags = 0x1)
0   ... 
17  -O                                                                        (1 = 100.0%) {0.0%}
20  ... 

Histogram: MPArch.ChildProcessLaunchSubsequent recorded 13 samples, mean = 17.6 (flags = 0x1)
0   ... 
3   -O                                                                        (1 = 7.7%) {0.0%}
4   --O                                                                       (2 = 15.4%) {7.7%}
5   -O                                                                        (1 = 7.7%) {23.1%}
6   -O                                                                        (1 = 7.7%) {30.8%}
7   ... 
12  -O                                                                        (1 = 7.7%) {38.5%}
14  O                                                                         (0 = 0.0%) {46.2%}
17  -O                                                                        (1 = 7.7%) {46.2%}
20  --O                                                                       (2 = 15.4%) {53.8%}
24  -O                                                                        (1 = 7.7%) {69.2%}
29  -O                                                                        (1 = 7.7%) {76.9%}
34  -O                                                                        (1 = 7.7%) {84.6%}
40  -O                                                                        (1 = 7.7%) {92.3%}
48  ... 

Histogram: MPArch.ChildProcessLauncher.Notify recorded 12 samples, mean = 65.4 (flags = 0x1)
0    ... 
6    -O                                                                        (1 = 8.3%) {0.0%}
7    -O                                                                        (1 = 8.3%) {8.3%}
8    ... 
17   -O                                                                        (1 = 8.3%) {16.7%}
20   -O                                                                        (1 = 8.3%) {25.0%}
24   -O                                                                        (1 = 8.3%) {33.3%}
29   ... 
40   -O                                                                        (1 = 8.3%) {41.7%}
48   -O                                                                        (1 = 8.3%) {50.0%}
57   --O                                                                       (2 = 16.7%) {58.3%}
68   ... 
135  -O                                                                        (1 = 8.3%) {75.0%}
160  --O                                                                       (2 = 16.7%) {83.3%}
190  ... 

Histogram: MPArch.ChildProcessLauncher.PreLaunchDelay recorded 14 samples, mean = 4.4 (flags = 0x1)
0   ------O                                                                   (6 = 42.9%)
1   ---O                                                                      (3 = 21.4%) {42.9%}
2   O                                                                         (0 = 0.0%) {64.3%}
3   -O                                                                        (1 = 7.1%) {64.3%}
4   ... 
10  -O                                                                        (1 = 7.1%) {71.4%}
12  O                                                                         (0 = 0.0%) {78.6%}
14  ---O                                                                      (3 = 21.4%) {78.6%}
17  ... 

Histogram: ManagedUsers.BlockedIframeCount recorded 2 samples, mean = 0.0 (flags = 0x1)
0  --O                                                                       (2 = 100.0%)
1  ... 

Histogram: Memory.GPU.PeakMemoryAllocationSource2.PageLoad.SharedImageStub recorded 3 samples, mean = 3.7 (flags = 0x1)
0  ... 
2  -O                                                                        (1 = 33.3%) {0.0%}
3  -O                                                                        (1 = 33.3%) {33.3%}
4  ... 
6  -O                                                                        (1 = 33.3%) {66.7%}
7  ... 

Histogram: Memory.GPU.PeakMemoryUsage2.PageLoad recorded 5 samples, mean = 2.2 (flags = 0x1)
0  --O                                                                       (2 = 40.0%)
1  O                                                                         (0 = 0.0%) {40.0%}
2  -O                                                                        (1 = 20.0%) {40.0%}
3  -O                                                                        (1 = 20.0%) {60.0%}
4  ... 
6  -O                                                                        (1 = 20.0%) {80.0%}
7  ... 

Histogram: Memory.PartitionAlloc.PartitionRoot.ExtrasSize recorded 1 samples, mean = 4.0 (flags = 0x1)
0  ... 
4  -O                                                                        (1 = 100.0%) {0.0%}
5  ... 

Histogram: Memory.PressureLevel2 recorded 2 samples, mean = 0.0 (flags = 0x1)
0  --O                                                                       (2 = 100.0%)
1  ... 

Histogram: Mojo.Channel.ChannelInitPauseToFlushTime recorded 8 samples, mean = 35.0 (flags = 0x1)
0   ... 
6   --O                                                                       (2 = 25.0%) {0.0%}
8   ... 
20  --O                                                                       (2 = 25.0%) {25.0%}
25  ... 
41  -O                                                                        (1 = 12.5%) {50.0%}
52  ---O                                                                      (3 = 37.5%) {62.5%}
66  ... 

Histogram: Mojo.Channel.ChannelInitPauseToUnpauseTime recorded 8 samples, mean = 34.8 (flags = 0x1)
0   ... 
6   --O                                                                       (2 = 25.0%) {0.0%}
8   ... 
20  --O                                                                       (2 = 25.0%) {25.0%}
25  ... 
41  -O                                                                        (1 = 12.5%) {50.0%}
52  ---O                                                                      (3 = 37.5%) {62.5%}
66  ... 

Histogram: Mojo.Channel.ProcessLaunchPauseToFlushTime recorded 8 samples, mean = 32.6 (flags = 0x1)
0   ... 
6   --O                                                                       (2 = 25.0%) {0.0%}
8   ... 
20  --O                                                                       (2 = 25.0%) {25.0%}
25  O                                                                         (0 = 0.0%) {50.0%}
32  -O                                                                        (1 = 12.5%) {50.0%}
41  -O                                                                        (1 = 12.5%) {62.5%}
52  --O                                                                       (2 = 25.0%) {75.0%}
66  ... 

Histogram: Mojo.Channel.ProcessLaunchPauseToUnpauseTime recorded 8 samples, mean = 32.5 (flags = 0x1)
0   ... 
6   --O                                                                       (2 = 25.0%) {0.0%}
8   ... 
20  --O                                                                       (2 = 25.0%) {25.0%}
25  O                                                                         (0 = 0.0%) {50.0%}
32  -O                                                                        (1 = 12.5%) {50.0%}
41  -O                                                                        (1 = 12.5%) {62.5%}
52  --O                                                                       (2 = 25.0%) {75.0%}
66  ... 

Histogram: Mojo.Channel.WriteMessageSize recorded 1 samples, mean = 112.0 (flags = 0x1)
0   ... 
95  -O                                                                        (1 = 100.0%) {0.0%}
119 ... 

Histogram: Mojo.Channel.WriteReceiveMessageProcessType recorded 1 samples, mean = 1.0 (flags = 0x1)
0  O                                                                         (0 = 0.0%)
1  -O                                                                        (1 = 100.0%) {0.0%}
2  ... 

Histogram: Mojo.Channel.WriteSendMessageProcessType recorded 1 samples, mean = 1.0 (flags = 0x1)
0  O                                                                         (0 = 0.0%)
1  -O                                                                        (1 = 100.0%) {0.0%}
2  ... 

Histogram: Mojo.EndToEndLatencyUs.BrowserIO recorded 0 samples (flags = 0x1)
0 ... 

Histogram: Mojo.EndToEndLatencyUs.BrowserMain recorded 2 samples, mean = 88.5 (flags = 0x1)
0    ... 
47   -O                                                                        (1 = 50.0%) {0.0%}
53   ... 
130  -O                                                                        (1 = 50.0%) {50.0%}
148  ... 

Histogram: NQE.ContentObserver.NetworkQualityMeaningfullyChanged recorded 7 samples, mean = 0.6
0  ---O                                                                      (3 = 42.9%)
1  ----O                                                                     (4 = 57.1%) {42.9%}
2  O                                                                         (0 = 0.0%) {100.0%}

Histogram: Navigation.AgentSchedulingGroupHost.RemoveRoute recorded 14 samples, mean = 0.0 (flags = 0x1)
0  --------------O                                                           (14 = 100.0%)
1  ... 

Histogram: Navigation.All.WastedSpeculativeRFHCase recorded 11 samples, mean = 0.9 (flags = 0x1)
0  -----O                                                                    (5 = 45.5%)
1  ----O                                                                     (4 = 36.4%) {45.5%}
2  O                                                                         (0 = 0.0%) {81.8%}
3  --O                                                                       (2 = 18.2%) {81.8%}
4  ... 

Histogram: Navigation.BeginNavigationImpl.MainFrame recorded 4 samples, mean = 1.0 (flags = 0x1)
0  ---O                                                                      (3 = 75.0%)
1  ... 
4  -O                                                                        (1 = 25.0%) {75.0%}
5  ... 

Histogram: Navigation.BrowserInitiated.IsDuplicateWithoutThresholdCheck2 recorded 5 samples, mean = 0.0 (flags = 0x1)
0  -----O                                                                    (5 = 100.0%)
1  ... 

Histogram: Navigation.BrowserInitiated.ShouldDispatchBeforeUnload recorded 5 samples, mean = 0.2 (flags = 0x1)
0  ----O                                                                     (4 = 80.0%)
1  -O                                                                        (1 = 20.0%) {80.0%}
2  O                                                                         (0 = 0.0%) {100.0%}

Histogram: Navigation.CommitToCompositorCreation recorded 1 samples, mean = 21.0 (flags = 0x1)
0   ... 
21  -O                                                                        (1 = 100.0%) {0.0%}
27  ... 

Histogram: Navigation.CompositorRequestedBeforeCommit2 recorded 1 samples, mean = 0.0 (flags = 0x1)
0  -O                                                                        (1 = 100.0%)
1  ... 

Histogram: Navigation.CompositorRequestedBeforeSwapRFH2 recorded 1 samples, mean = 0.0 (flags = 0x1)
0  -O                                                                        (1 = 100.0%)
1  ... 

Histogram: Navigation.CreateSpeculativeRFH recorded 3 samples, mean = 2.7 (flags = 0x1)
0  O                                                                         (0 = 0.0%)
1  --O                                                                       (2 = 66.7%) {0.0%}
2  ... 
6  -O                                                                        (1 = 33.3%) {66.7%}
7  ... 

Histogram: Navigation.DeferSpeculativeRFHAction recorded 5 samples, mean = 0.0 (flags = 0x1)
0  -----O                                                                    (5 = 100.0%)
1  ... 

Histogram: Navigation.DelayedCurrentProcessInitByLaunchingSpareFirst recorded 11 samples, mean = 0.1 (flags = 0x1)
0  ----------O                                                               (10 = 90.9%)
1  -O                                                                        (1 = 9.1%) {90.9%}
2  O                                                                         (0 = 0.0%) {100.0%}

Histogram: Navigation.DidCommitSameDocumentNavigation.Duration recorded 1 samples, mean = 5.0 (flags = 0x1)
0  ... 
5  -O                                                                        (1 = 100.0%) {0.0%}
6  ... 

Histogram: Navigation.DidStartLoading.MainFrame recorded 5 samples, mean = 0.6 (flags = 0x1)
0  ----O                                                                     (4 = 80.0%)
1  ... 
3  -O                                                                        (1 = 20.0%) {80.0%}
4  ... 

Histogram: Navigation.DocumentAssociatedDataDestructor recorded 9 samples, mean = 0.0 (flags = 0x1)
0  ---------O                                                                (9 = 100.0%)
1  ... 

Histogram: Navigation.EarlyHints.EarlyHintsToResponseStartTime recorded 1 samples, mean = 269.0 (flags = 0x1)
0    ... 
268  -O                                                                        (1 = 100.0%) {0.0%}
318  ... 

Histogram: Navigation.EarlyHints.WillStartRequestToEarlyHintsTime recorded 1 samples, mean = 156.0 (flags = 0x1)
0    ... 
135  -O                                                                        (1 = 100.0%) {0.0%}
160  ... 

Histogram: Navigation.EarlyRenderFrameHostSwap.HasCommitted recorded 2 samples, mean = 1.0 (flags = 0x1)
0  O                                                                         (0 = 0.0%)
1  --O                                                                       (2 = 100.0%) {0.0%}
2  O                                                                         (0 = 0.0%) {100.0%}

Histogram: Navigation.EarlyRenderFrameHostSwap.IsInOutermostMainFrame recorded 2 samples, mean = 1.0 (flags = 0x1)
0  O                                                                         (0 = 0.0%)
1  --O                                                                       (2 = 100.0%) {0.0%}
2  O                                                                         (0 = 0.0%) {100.0%}

Histogram: Navigation.EarlyRenderFrameHostSwapType recorded 6 samples, mean = 0.3 (flags = 0x1)
0  ----O                                                                     (4 = 66.7%)
1  --O                                                                       (2 = 33.3%) {66.7%}
2  ... 

Histogram: Navigation.EngagementTime.HTTPS recorded 1 samples, mean = 1415.0 (flags = 0x1)
0     ... 
1349  -O                                                                        (1 = 100.0%) {0.0%}
1557  ... 

Histogram: Navigation.GetFrameHostForNavigation recorded 11 samples, mean = 4.1 (flags = 0x1)
0   -----O                                                                    (5 = 45.5%)
1   -O                                                                        (1 = 9.1%) {45.5%}
2   --O                                                                       (2 = 18.2%) {54.5%}
3   ... 
5   -O                                                                        (1 = 9.1%) {72.7%}
6   -O                                                                        (1 = 9.1%) {81.8%}
7   ... 
29  -O                                                                        (1 = 9.1%) {90.9%}
34  ... 

Histogram: Navigation.GetFrameHostForNavigationTime.InDidCreateNavigationRequest.IsHTTPOrHTTPS recorded 1 samples, mean = 6428.0 (flags = 0x1)
0     ... 
5362  -O                                                                        (1 = 100.0%) {0.0%}
7439  ... 

Histogram: Navigation.IsGuest recorded 5 samples, mean = 0.0 (flags = 0x1)
0  -----O                                                                    (5 = 100.0%)
1  ... 

Histogram: Navigation.IsLockedProcess recorded 5 samples, mean = 0.8 (flags = 0x1)
0  -O                                                                        (1 = 20.0%)
1  ----O                                                                     (4 = 80.0%) {20.0%}
2  O                                                                         (0 = 0.0%) {100.0%}

Histogram: Navigation.IsLockedProcess.HTTPOrHTTPS recorded 1 samples, mean = 1.0 (flags = 0x1)
0  O                                                                         (0 = 0.0%)
1  -O                                                                        (1 = 100.0%) {0.0%}
2  O                                                                         (0 = 0.0%) {100.0%}

Histogram: Navigation.IsProcessBackgrounded2.OnCommit recorded 1 samples, mean = 0.0 (flags = 0x1)
0  -O                                                                        (1 = 100.0%)
1  ... 

Histogram: Navigation.IsProcessBackgrounded2.OnDOMContentLoaded recorded 1 samples, mean = 0.0 (flags = 0x1)
0  -O                                                                        (1 = 100.0%)
1  ... 

Histogram: Navigation.IsSameBrowsingInstance recorded 5 samples, mean = 1.0 (flags = 0x1)
0  O                                                                         (0 = 0.0%)
1  -----O                                                                    (5 = 100.0%) {0.0%}
2  O                                                                         (0 = 0.0%) {100.0%}

Histogram: Navigation.IsSameSiteInstance recorded 5 samples, mean = 1.0 (flags = 0x1)
0  O                                                                         (0 = 0.0%)
1  -----O                                                                    (5 = 100.0%) {0.0%}
2  O                                                                         (0 = 0.0%) {100.0%}

Histogram: Navigation.IsSameSiteInstance.MainFrame recorded 5 samples, mean = 1.0 (flags = 0x1)
0  O                                                                         (0 = 0.0%)
1  -----O                                                                    (5 = 100.0%) {0.0%}
2  O                                                                         (0 = 0.0%) {100.0%}

Histogram: Navigation.LoaderCreateToRequestStart.MainFrame recorded 4 samples, mean = 12.2 (flags = 0x1)
0   --O                                                                       (2 = 50.0%)
1   -O                                                                        (1 = 25.0%) {50.0%}
2   ... 
48  -O                                                                        (1 = 25.0%) {75.0%}
57  ... 

Histogram: Navigation.MainFrame.FrameCount recorded 5 samples, mean = 1.0 (flags = 0x1)
0  O                                                                         (0 = 0.0%)
1  -----O                                                                    (5 = 100.0%) {0.0%}
2  ... 

Histogram: Navigation.MainFrame.MaxFrameCount recorded 6 samples, mean = 1.0 (flags = 0x1)
0  O                                                                         (0 = 0.0%)
1  ------O                                                                   (6 = 100.0%) {0.0%}
2  ... 

Histogram: Navigation.MainFrame.NewNavigation.IgnoreRestore.IsHTTPOrHTTPS.BeginNavigationToLoaderStart.Time2 recorded 2 samples, mean = 3.0 (flags = 0x1)
0  -O                                                                        (1 = 50.0%)
1  ... 
6  -O                                                                        (1 = 50.0%) {50.0%}
7  ... 

Histogram: Navigation.MainFrame.NewNavigation.IgnoreRestore.IsHTTPOrHTTPS.FetchStart.Time2 recorded 1 samples, mean = 108.0 (flags = 0x1)
0   ... 
96  -O                                                                        (1 = 100.0%) {0.0%}
114 ... 

Histogram: Navigation.MainFrame.NewNavigation.IgnoreRestore.IsHTTPOrHTTPS.LoaderStartToFetchStart.Time2 recorded 2 samples, mean = 15.5 (flags = 0x1)
0   ... 
4   -O                                                                        (1 = 50.0%) {0.0%}
5   ... 
24  -O                                                                        (1 = 50.0%) {50.0%}
29  ... 

Histogram: Navigation.MainFrame.NewNavigation.IgnoreRestore.IsHTTPOrHTTPS.LoaderStartToReceiveResponse.Time2 recorded 2 samples, mean = 245.0 (flags = 0x1)
0    ... 
57   -O                                                                        (1 = 50.0%) {0.0%}
68   ... 
378  -O                                                                        (1 = 50.0%) {50.0%}
449  ... 

Histogram: Navigation.MainFrame.NewNavigation.IgnoreRestore.IsHTTPOrHTTPS.NavigationStartToBeginNavigation.Time2 recorded 2 samples, mean = 5.5 (flags = 0x1)
0   -O                                                                        (1 = 50.0%)
1   ... 
10  -O                                                                        (1 = 50.0%) {50.0%}
12  ... 

Histogram: Navigation.MainFrame.NewNavigation.IgnoreRestore.IsHTTPOrHTTPS.ReceiveHeaders.Time2 recorded 1 samples, mean = 310.0 (flags = 0x1)
0    ... 
268  -O                                                                        (1 = 100.0%) {0.0%}
318  ... 

Histogram: Navigation.MainFrame.NewNavigation.IgnoreRestore.IsHTTPOrHTTPS.ReceiveHeadersToReceiveResponse.Time2 recorded 2 samples, mean = 1.0 (flags = 0x1)
0  -O                                                                        (1 = 50.0%)
1  O                                                                         (0 = 0.0%) {50.0%}
2  -O                                                                        (1 = 50.0%) {50.0%}
3  ... 

Histogram: Navigation.MainFrame.NewNavigation.IgnoreRestore.IsHTTPOrHTTPS.ReceiveResponseToCommitNavigation.Time2 recorded 2 samples, mean = 3.5 (flags = 0x1)
0  ... 
3  -O                                                                        (1 = 50.0%) {0.0%}
4  -O                                                                        (1 = 50.0%) {50.0%}
5  ... 

Histogram: Navigation.MainFrame.RendererInitiated.InitiatorFramePresentAtStart recorded 1 samples, mean = 0.0 (flags = 0x1)
0  -O                                                                        (1 = 100.0%)
1  ... 

Histogram: Navigation.MainFrame.SiteEngagementLevel recorded 1 samples, mean = 0.0 (flags = 0x1)
0  -O                                                                        (1 = 100.0%)
1  ... 

Histogram: Navigation.MainFrame.ThirdPartyCookieBlockingEnabled recorded 2 samples, mean = 0.0 (flags = 0x1)
0  --O                                                                       (2 = 100.0%)
1  ... 

Histogram: Navigation.MainFrameHasRTLDomain2 recorded 3 samples, mean = 0.0 (flags = 0x1)
0  ---O                                                                      (3 = 100.0%)
1  ... 

Histogram: Navigation.MainFrameHasRTLDomainDifferentPage2 recorded 2 samples, mean = 0.0 (flags = 0x1)
0  --O                                                                       (2 = 100.0%)
1  ... 

Histogram: Navigation.MainFrameProfileType2 recorded 3 samples, mean = 0.0 (flags = 0x1)
0  ---O                                                                      (3 = 100.0%)
1  ... 

Histogram: Navigation.MainFrameProfileTypeDifferentPage2 recorded 2 samples, mean = 0.0 (flags = 0x1)
0  --O                                                                       (2 = 100.0%)
1  ... 

Histogram: Navigation.MainFrameScheme2 recorded 3 samples, mean = 3.7 (flags = 0x1)
0  ... 
2  --O                                                                       (2 = 66.7%) {0.0%}
3  ... 
7  -O                                                                        (1 = 33.3%) {66.7%}
8  ... 

Histogram: Navigation.MainFrameSchemeDifferentPage2 recorded 2 samples, mean = 4.5 (flags = 0x1)
0  ... 
2  -O                                                                        (1 = 50.0%) {0.0%}
3  ... 
7  -O                                                                        (1 = 50.0%) {50.0%}
8  ... 

Histogram: Navigation.NotFromAd.WastedSpeculativeRFHCase recorded 11 samples, mean = 0.9 (flags = 0x1)
0  -----O                                                                    (5 = 45.5%)
1  ----O                                                                     (4 = 36.4%) {45.5%}
2  O                                                                         (0 = 0.0%) {81.8%}
3  --O                                                                       (2 = 18.2%) {81.8%}
4  ... 

Histogram: Navigation.OnBeforeUnloadOverheadTime recorded 1 samples, mean = 0.0 (flags = 0x1)
0  -O                                                                        (1 = 100.0%)
1  ... 

Histogram: Navigation.OnBeforeUnloadOverheadTime.NoBeforeUnloadHandlerRegistered recorded 1 samples, mean = 0.0 (flags = 0x1)
0  -O                                                                        (1 = 100.0%)
1  ... 

Histogram: Navigation.OriginAgentCluster.Result recorded 5 samples, mean = 8.2 (flags = 0x1)
0  ... 
8  ----O                                                                     (4 = 80.0%) {0.0%}
9  -O                                                                        (1 = 20.0%) {80.0%}
10 O                                                                         (0 = 0.0%) {100.0%}

Histogram: Navigation.PendingCommit.DidBlockGetFrameHostForNavigation.Regular recorded 1 samples, mean = 0.0 (flags = 0x1)
0  -O                                                                        (1 = 100.0%)
1  ... 

Histogram: Navigation.PendingCommit.Duration.Regular recorded 1 samples, mean = 18.0 (flags = 0x1)
0   ... 
17  -O                                                                        (1 = 100.0%) {0.0%}
20  ... 

Histogram: Navigation.PendingDeletionCheckCompletedOnSubtree recorded 1 samples, mean = 2.0 (flags = 0x1)
0  ... 
2  -O                                                                        (1 = 100.0%) {0.0%}
3  ... 

Histogram: Navigation.Preconnect.PreresolveJobQueueLength recorded 16 samples, mean = 0.5 (flags = 0x1)
0  --------O                                                                 (8 = 50.0%)
1  --------O                                                                 (8 = 50.0%) {50.0%}
2  ... 

Histogram: Navigation.Preconnect.PreresolveJobQueueingTime recorded 8 samples, mean = 0.0 (flags = 0x1)
0  --------O                                                                 (8 = 100.0%)
1  ... 

Histogram: Navigation.Preconnect.ResolveHostCallbackQueueingTime recorded 8 samples, mean = 3.4 (flags = 0x1)
0   ----O                                                                     (4 = 50.0%)
1   -O                                                                        (1 = 12.5%) {50.0%}
2   -O                                                                        (1 = 12.5%) {62.5%}
3   O                                                                         (0 = 0.0%) {75.0%}
4   -O                                                                        (1 = 12.5%) {75.0%}
5   ... 
20  -O                                                                        (1 = 12.5%) {87.5%}
24  ... 

Histogram: Navigation.Preconnect.ResolveHostLatency recorded 8 samples, mean = 9.1 (flags = 0x1)
0   O                                                                         (0 = 0.0%)
1   -O                                                                        (1 = 12.5%) {0.0%}
2   -O                                                                        (1 = 12.5%) {12.5%}
3   -O                                                                        (1 = 12.5%) {25.0%}
4   --O                                                                       (2 = 25.0%) {37.5%}
5   ... 
17  -O                                                                        (1 = 12.5%) {62.5%}
20  --O                                                                       (2 = 25.0%) {75.0%}
24  ... 

Histogram: Navigation.ProcessNavigationThrottlesTime.WillStartRequest.MainFrame recorded 4 samples, mean = 0.8 (flags = 0x1)
0  --O                                                                       (2 = 50.0%)
1  -O                                                                        (1 = 25.0%) {50.0%}
2  -O                                                                        (1 = 25.0%) {75.0%}
3  ... 

Histogram: Navigation.QueueTime.OnReceiveResponse.MainFrame recorded 4 samples, mean = 0.2 (flags = 0x1)
0  ---O                                                                      (3 = 75.0%)
1  -O                                                                        (1 = 25.0%) {75.0%}
2  ... 

Histogram: Navigation.ReadyToCommitUntilCommit2 recorded 5 samples, mean = 187.4 (flags = 0x1)
0    ... 
16   -O                                                                        (1 = 20.0%) {0.0%}
20   ... 
136  -O                                                                        (1 = 20.0%) {20.0%}
173  -O                                                                        (1 = 20.0%) {40.0%}
220  -O                                                                        (1 = 20.0%) {60.0%}
280  -O                                                                        (1 = 20.0%) {80.0%}
356  ... 

Histogram: Navigation.ReadyToCommitUntilCommit2.ForegroundProcessPriority recorded 5 samples, mean = 187.4 (flags = 0x1)
0    ... 
16   -O                                                                        (1 = 20.0%) {0.0%}
20   ... 
136  -O                                                                        (1 = 20.0%) {20.0%}
173  -O                                                                        (1 = 20.0%) {40.0%}
220  -O                                                                        (1 = 20.0%) {60.0%}
280  -O                                                                        (1 = 20.0%) {80.0%}
356  ... 

Histogram: Navigation.ReadyToCommitUntilCommit2.NewNavigation recorded 5 samples, mean = 187.4 (flags = 0x1)
0    ... 
16   -O                                                                        (1 = 20.0%) {0.0%}
20   ... 
136  -O                                                                        (1 = 20.0%) {20.0%}
173  -O                                                                        (1 = 20.0%) {40.0%}
220  -O                                                                        (1 = 20.0%) {60.0%}
280  -O                                                                        (1 = 20.0%) {80.0%}
356  ... 

Histogram: Navigation.RegisterNavigationThrottlesTime.MainFrame recorded 4 samples, mean = 0.0 (flags = 0x1)
0  ----O                                                                     (4 = 100.0%)
1  ... 

Histogram: Navigation.RenderFrameHostConstructor recorded 7 samples, mean = 0.0 (flags = 0x1)
0  -------O                                                                  (7 = 100.0%)
1  ... 

Histogram: Navigation.RenderFrameHostDestructor recorded 7 samples, mean = 0.6 (flags = 0x1)
0  -----O                                                                    (5 = 71.4%)
1  O                                                                         (0 = 0.0%) {71.4%}
2  --O                                                                       (2 = 28.6%) {71.4%}
3  ... 

Histogram: Navigation.RenderViewHostConstructor recorded 7 samples, mean = 0.0 (flags = 0x1)
0  -------O                                                                  (7 = 100.0%)
1  ... 

Histogram: Navigation.RenderViewHostDestructor recorded 7 samples, mean = 0.6 (flags = 0x1)
0  -----O                                                                    (5 = 71.4%)
1  O                                                                         (0 = 0.0%) {71.4%}
2  --O                                                                       (2 = 28.6%) {71.4%}
3  ... 

Histogram: Navigation.RenderWidgetHostConstructor recorded 7 samples, mean = 0.0 (flags = 0x1)
0  -------O                                                                  (7 = 100.0%)
1  ... 

Histogram: Navigation.RenderWidgetHostDestructor recorded 7 samples, mean = 0.0 (flags = 0x1)
0  -------O                                                                  (7 = 100.0%)
1  ... 

Histogram: Navigation.RendererDidNavigateTime.MainFrame recorded 5 samples, mean = 1.2 (flags = 0x1)
0  ---O                                                                      (3 = 60.0%)
1  -O                                                                        (1 = 20.0%) {60.0%}
2  ... 
5  -O                                                                        (1 = 20.0%) {80.0%}
6  ... 

Histogram: Navigation.RequiresDedicatedProcess recorded 5 samples, mean = 0.8 (flags = 0x1)
0  -O                                                                        (1 = 20.0%)
1  ----O                                                                     (4 = 80.0%) {20.0%}
2  O                                                                         (0 = 0.0%) {100.0%}

Histogram: Navigation.RequiresDedicatedProcess.HTTPOrHTTPS recorded 1 samples, mean = 1.0 (flags = 0x1)
0  O                                                                         (0 = 0.0%)
1  -O                                                                        (1 = 100.0%) {0.0%}
2  O                                                                         (0 = 0.0%) {100.0%}

Histogram: Navigation.ResetChildren recorded 17 samples, mean = 0.0 (flags = 0x1)
0  -----------------O                                                        (17 = 100.0%)
1  ... 

Histogram: Navigation.SendCommitNavigationTime.MainFrame recorded 5 samples, mean = 0.0 (flags = 0x1)
0  -----O                                                                    (5 = 100.0%)
1  ... 

Histogram: Navigation.StartAdjustment.AllFrames recorded 5 samples, mean = 0.2 (flags = 0x1)
0  ----O                                                                     (4 = 80.0%)
1  -O                                                                        (1 = 20.0%) {80.0%}
2  ... 

Histogram: Navigation.StartAdjustment.LegacyPostTask recorded 1 samples, mean = 10.0 (flags = 0x1)
0   ... 
10  -O                                                                        (1 = 100.0%) {0.0%}
12  ... 

Histogram: Navigation.StartAdjustment.LegacyPostTask.Percentage recorded 1 samples, mean = 2.0 (flags = 0x1)
0  ... 
2  -O                                                                        (1 = 100.0%) {0.0%}
3  ... 

Histogram: Navigation.StartAdjustment.MainFrameOnly recorded 5 samples, mean = 0.2 (flags = 0x1)
0  ----O                                                                     (4 = 80.0%)
1  -O                                                                        (1 = 20.0%) {80.0%}
2  ... 

Histogram: Navigation.StartPendingDeletionOnSubtree.LoopSwappedOut recorded 1 samples, mean = 0.0 (flags = 0x1)
0  -O                                                                        (1 = 100.0%)
1  ... 

Histogram: Navigation.StartPendingDeletionOnSubtree.SwappedOut recorded 1 samples, mean = 0.0 (flags = 0x1)
0  -O                                                                        (1 = 100.0%)
1  ... 

Histogram: Navigation.StartToCommit recorded 5 samples, mean = 360.0 (flags = 0x1)
0    ... 
220  -O                                                                        (1 = 20.0%) {0.0%}
280  --O                                                                       (2 = 40.0%) {20.0%}
356  -O                                                                        (1 = 20.0%) {60.0%}
452  -O                                                                        (1 = 20.0%) {80.0%}
574  ... 

Histogram: Navigation.StartToCommit.ForegroundProcessPriority recorded 5 samples, mean = 360.0 (flags = 0x1)
0    ... 
220  -O                                                                        (1 = 20.0%) {0.0%}
280  --O                                                                       (2 = 40.0%) {20.0%}
356  -O                                                                        (1 = 20.0%) {60.0%}
452  -O                                                                        (1 = 20.0%) {80.0%}
574  ... 

Histogram: Navigation.StartToCommit.MainFrame recorded 5 samples, mean = 360.0 (flags = 0x1)
0    ... 
220  -O                                                                        (1 = 20.0%) {0.0%}
280  --O                                                                       (2 = 40.0%) {20.0%}
356  -O                                                                        (1 = 20.0%) {60.0%}
452  -O                                                                        (1 = 20.0%) {80.0%}
574  ... 

Histogram: Navigation.StartToCommit.MainFrame.ForegroundProcessPriority recorded 5 samples, mean = 360.0 (flags = 0x1)
0    ... 
220  -O                                                                        (1 = 20.0%) {0.0%}
280  --O                                                                       (2 = 40.0%) {20.0%}
356  -O                                                                        (1 = 20.0%) {60.0%}
452  -O                                                                        (1 = 20.0%) {80.0%}
574  ... 

Histogram: Navigation.StartToCommit.MainFrame.NewNavigation recorded 5 samples, mean = 360.0 (flags = 0x1)
0    ... 
220  -O                                                                        (1 = 20.0%) {0.0%}
280  --O                                                                       (2 = 40.0%) {20.0%}
356  -O                                                                        (1 = 20.0%) {60.0%}
452  -O                                                                        (1 = 20.0%) {80.0%}
574  ... 

Histogram: Navigation.StartToCommit.NewNavigation recorded 5 samples, mean = 360.0 (flags = 0x1)
0    ... 
220  -O                                                                        (1 = 20.0%) {0.0%}
280  --O                                                                       (2 = 40.0%) {20.0%}
356  -O                                                                        (1 = 20.0%) {60.0%}
452  -O                                                                        (1 = 20.0%) {80.0%}
574  ... 

Histogram: Navigation.StartToCommit.SameProcess recorded 5 samples, mean = 360.0 (flags = 0x1)
0    ... 
220  -O                                                                        (1 = 20.0%) {0.0%}
280  --O                                                                       (2 = 40.0%) {20.0%}
356  -O                                                                        (1 = 20.0%) {60.0%}
452  -O                                                                        (1 = 20.0%) {80.0%}
574  ... 

Histogram: Navigation.StartToCommit.SameProcess.ForegroundProcessPriority recorded 5 samples, mean = 360.0 (flags = 0x1)
0    ... 
220  -O                                                                        (1 = 20.0%) {0.0%}
280  --O                                                                       (2 = 40.0%) {20.0%}
356  -O                                                                        (1 = 20.0%) {60.0%}
452  -O                                                                        (1 = 20.0%) {80.0%}
574  ... 

Histogram: Navigation.StartToCommit.SameProcess.MainFrame recorded 5 samples, mean = 360.0 (flags = 0x1)
0    ... 
220  -O                                                                        (1 = 20.0%) {0.0%}
280  --O                                                                       (2 = 40.0%) {20.0%}
356  -O                                                                        (1 = 20.0%) {60.0%}
452  -O                                                                        (1 = 20.0%) {80.0%}
574  ... 

Histogram: Navigation.StartToCommit.SameProcess.MainFrame.ForegroundProcessPriority recorded 5 samples, mean = 360.0 (flags = 0x1)
0    ... 
220  -O                                                                        (1 = 20.0%) {0.0%}
280  --O                                                                       (2 = 40.0%) {20.0%}
356  -O                                                                        (1 = 20.0%) {60.0%}
452  -O                                                                        (1 = 20.0%) {80.0%}
574  ... 

Histogram: Navigation.StartToCommit.SameProcess.MainFrame.NewNavigation recorded 5 samples, mean = 360.0 (flags = 0x1)
0    ... 
220  -O                                                                        (1 = 20.0%) {0.0%}
280  --O                                                                       (2 = 40.0%) {20.0%}
356  -O                                                                        (1 = 20.0%) {60.0%}
452  -O                                                                        (1 = 20.0%) {80.0%}
574  ... 

Histogram: Navigation.StartToCommit.SameProcess.NewNavigation recorded 5 samples, mean = 360.0 (flags = 0x1)
0    ... 
220  -O                                                                        (1 = 20.0%) {0.0%}
280  --O                                                                       (2 = 40.0%) {20.0%}
356  -O                                                                        (1 = 20.0%) {60.0%}
452  -O                                                                        (1 = 20.0%) {80.0%}
574  ... 

Histogram: Navigation.SuddenTerminationDisabler.AllOrigins recorded 5 samples, mean = 12.2 (flags = 0x1)
0   ... 
9   -O                                                                        (1 = 20.0%) {0.0%}
10  ... 
13  ----O                                                                     (4 = 80.0%) {20.0%}
14  ... 

Histogram: Navigation.SuddenTerminationDisabler.SameOrigin recorded 5 samples, mean = 12.2 (flags = 0x1)
0   ... 
9   -O                                                                        (1 = 20.0%) {0.0%}
10  ... 
13  ----O                                                                     (4 = 80.0%) {20.0%}
14  ... 

Histogram: Navigation.SwapRFHToCompositorCreation recorded 1 samples, mean = 15.0 (flags = 0x1)
0   ... 
12  -O                                                                        (1 = 100.0%) {0.0%}
16  ... 

Histogram: Navigation.ThrottleCount recorded 4 samples, mean = 19.8 (flags = 0x1)
0   ... 
18  --O                                                                       (2 = 50.0%) {0.0%}
19  O                                                                         (0 = 0.0%) {50.0%}
20  -O                                                                        (1 = 25.0%) {50.0%}
21  ... 
23  -O                                                                        (1 = 25.0%) {75.0%}
24  ... 

Histogram: Navigation.ThrottleDeferTime.WillProcessResponse recorded 1 samples, mean = 2.0 (flags = 0x1)
0  ... 
2  -O                                                                        (1 = 100.0%) {0.0%}
3  ... 

Histogram: Navigation.ThrottleDeferredEvent recorded 1 samples, mean = 4.0 (flags = 0x1)
0  ... 
4  -O                                                                        (1 = 100.0%) {0.0%}
5  ... 

Histogram: Navigation.ThrottleEventDurationTime.WillCommitWithoutUrlLoader recorded 1 samples, mean = 0.0 (flags = 0x1)
0  -O                                                                        (1 = 100.0%)
1  ... 

Histogram: Navigation.ThrottleEventDurationTime.WillProcessResponse recorded 4 samples, mean = 0.5 (flags = 0x1)
0  ---O                                                                      (3 = 75.0%)
1  O                                                                         (0 = 0.0%) {75.0%}
2  -O                                                                        (1 = 25.0%) {75.0%}
3  ... 

Histogram: Navigation.ThrottleEventDurationTime.WillStartRequest recorded 4 samples, mean = 0.0 (flags = 0x1)
0  ----O                                                                     (4 = 100.0%)
1  ... 

Histogram: Navigation.ThrottleEventExecutionTime.WillCommitWithoutUrlLoader recorded 1 samples, mean = 0.0 (flags = 0x1)
0  -O                                                                        (1 = 100.0%)
1  ... 

Histogram: Navigation.ThrottleEventExecutionTime.WillProcessResponse recorded 4 samples, mean = 0.0 (flags = 0x1)
0  ----O                                                                     (4 = 100.0%)
1  ... 

Histogram: Navigation.ThrottleEventExecutionTime.WillStartRequest recorded 4 samples, mean = 0.0 (flags = 0x1)
0  ----O                                                                     (4 = 100.0%)
1  ... 

Histogram: Navigation.ThrottleExecutionTime.WillProcessResponse recorded 79 samples, mean = 0.0 (flags = 0x1)
0  ------------------------------------------------------------------------O (79 = 100.0%)
1  ... 

Histogram: Navigation.ThrottleExecutionTime.WillStartRequest recorded 79 samples, mean = 0.0 (flags = 0x1)
0  ------------------------------------------------------------------------O (79 = 100.0%)
1  ... 

Histogram: Navigation.ThrottleTotalDeferCount recorded 6 samples, mean = 0.2 (flags = 0x1)
0  -----O                                                                    (5 = 83.3%)
1  -O                                                                        (1 = 16.7%) {83.3%}
2  ... 

Histogram: Navigation.ThrottleTotalDeferCount.Request recorded 6 samples, mean = 0.0 (flags = 0x1)
0  ------O                                                                   (6 = 100.0%)
1  ... 

Histogram: Navigation.ThrottleTotalDeferTime recorded 6 samples, mean = 0.3 (flags = 0x1)
0  -----O                                                                    (5 = 83.3%)
1  O                                                                         (0 = 0.0%) {83.3%}
2  -O                                                                        (1 = 16.7%) {83.3%}
3  ... 

Histogram: Navigation.ThrottleTotalDeferTime.Request recorded 6 samples, mean = 0.0 (flags = 0x1)
0  ------O                                                                   (6 = 100.0%)
1  ... 

Histogram: Navigation.TimeToReadyToCommit2 recorded 5 samples, mean = 171.8 (flags = 0x1)
0    ... 
32   -O                                                                        (1 = 20.0%) {0.0%}
41   ... 
66   -O                                                                        (1 = 20.0%) {20.0%}
84   ... 
136  --O                                                                       (2 = 40.0%) {40.0%}
173  ... 
356  -O                                                                        (1 = 20.0%) {80.0%}
452  ... 

Histogram: Navigation.TimeToReadyToCommit2.MainFrame recorded 5 samples, mean = 171.8 (flags = 0x1)
0    ... 
32   -O                                                                        (1 = 20.0%) {0.0%}
41   ... 
66   -O                                                                        (1 = 20.0%) {20.0%}
84   ... 
136  --O                                                                       (2 = 40.0%) {40.0%}
173  ... 
356  -O                                                                        (1 = 20.0%) {80.0%}
452  ... 

Histogram: Navigation.TimeToReadyToCommit2.MainFrame.NewNavigation recorded 5 samples, mean = 171.8 (flags = 0x1)
0    ... 
32   -O                                                                        (1 = 20.0%) {0.0%}
41   ... 
66   -O                                                                        (1 = 20.0%) {20.0%}
84   ... 
136  --O                                                                       (2 = 40.0%) {40.0%}
173  ... 
356  -O                                                                        (1 = 20.0%) {80.0%}
452  ... 

Histogram: Navigation.TimeToReadyToCommit2.NewNavigation recorded 5 samples, mean = 171.8 (flags = 0x1)
0    ... 
32   -O                                                                        (1 = 20.0%) {0.0%}
41   ... 
66   -O                                                                        (1 = 20.0%) {20.0%}
84   ... 
136  --O                                                                       (2 = 40.0%) {40.0%}
173  ... 
356  -O                                                                        (1 = 20.0%) {80.0%}
452  ... 

Histogram: Navigation.TimeToReadyToCommit2.SameProcess recorded 5 samples, mean = 171.8 (flags = 0x1)
0    ... 
32   -O                                                                        (1 = 20.0%) {0.0%}
41   ... 
66   -O                                                                        (1 = 20.0%) {20.0%}
84   ... 
136  --O                                                                       (2 = 40.0%) {40.0%}
173  ... 
356  -O                                                                        (1 = 20.0%) {80.0%}
452  ... 

Histogram: Navigation.TimeToReadyToCommit2.SameProcess.NewNavigation recorded 5 samples, mean = 171.8 (flags = 0x1)
0    ... 
32   -O                                                                        (1 = 20.0%) {0.0%}
41   ... 
66   -O                                                                        (1 = 20.0%) {20.0%}
84   ... 
136  --O                                                                       (2 = 40.0%) {40.0%}
173  ... 
356  -O                                                                        (1 = 20.0%) {80.0%}
452  ... 

Histogram: Navigation.Timeline.BeginNavigationToCommit.Duration recorded 1 samples, mean = 4.0 (flags = 0x1)
0  ... 
4  -O                                                                        (1 = 100.0%) {0.0%}
5  ... 

Histogram: Navigation.Timeline.BeginNavigationToLoaderStart.Duration recorded 4 samples, mean = 2.0 (flags = 0x1)
0  --O                                                                       (2 = 50.0%)
1  O                                                                         (0 = 0.0%) {50.0%}
2  -O                                                                        (1 = 25.0%) {50.0%}
3  ... 
6  -O                                                                        (1 = 25.0%) {75.0%}
7  ... 

Histogram: Navigation.Timeline.CommitToDidCommit.Duration recorded 6 samples, mean = 153.8 (flags = 0x1)
0    ... 
5    -O                                                                        (1 = 16.7%) {0.0%}
6    ... 
10   -O                                                                        (1 = 16.7%) {16.7%}
12   ... 
135  -O                                                                        (1 = 16.7%) {33.3%}
160  O                                                                         (0 = 0.0%) {50.0%}
190  -O                                                                        (1 = 16.7%) {50.0%}
226  -O                                                                        (1 = 16.7%) {66.7%}
268  -O                                                                        (1 = 16.7%) {83.3%}
318  ... 

Histogram: Navigation.Timeline.DidCommitToFinish.Duration recorded 6 samples, mean = 4.2 (flags = 0x1)
0   --O                                                                       (2 = 33.3%)
1   O                                                                         (0 = 0.0%) {33.3%}
2   -O                                                                        (1 = 16.7%) {33.3%}
3   O                                                                         (0 = 0.0%) {50.0%}
4   -O                                                                        (1 = 16.7%) {50.0%}
5   -O                                                                        (1 = 16.7%) {66.7%}
6   ... 
14  -O                                                                        (1 = 16.7%) {83.3%}
17  ... 

Histogram: Navigation.Timeline.FetchStartToReceiveHeaders.Duration recorded 2 samples, mean = 228.0 (flags = 0x1)
0    ... 
34   -O                                                                        (1 = 50.0%) {0.0%}
40   ... 
378  -O                                                                        (1 = 50.0%) {50.0%}
449  ... 

Histogram: Navigation.Timeline.IgnoredCorrectly.Duration recorded 6 samples, mean = 0.0 (flags = 0x1)
0  ------O                                                                   (6 = 100.0%)
1  ... 

Histogram: Navigation.Timeline.IgnoredIncorrectly.Duration recorded 6 samples, mean = 3.3 (flags = 0x1)
0   ----O                                                                     (4 = 66.7%)
1   ... 
10  --O                                                                       (2 = 33.3%) {66.7%}
12  ... 

Histogram: Navigation.Timeline.IgnoredIncorrectly.MainFrameOnly.Duration recorded 5 samples, mean = 2.0 (flags = 0x1)
0   ----O                                                                     (4 = 80.0%)
1   ... 
10  -O                                                                        (1 = 20.0%) {80.0%}
12  ... 

Histogram: Navigation.Timeline.IgnoredIncorrectly.MainFrameOnly.Percentage recorded 5 samples, mean = 0.4 (flags = 0x1)
0  ----O                                                                     (4 = 80.0%)
1  O                                                                         (0 = 0.0%) {80.0%}
2  -O                                                                        (1 = 20.0%) {80.0%}
3  ... 

Histogram: Navigation.Timeline.IgnoredIncorrectly.Percentage recorded 6 samples, mean = 11.5 (flags = 0x1)
0   ----O                                                                     (4 = 66.7%)
1   O                                                                         (0 = 0.0%) {66.7%}
2   -O                                                                        (1 = 16.7%) {66.7%}
3   ... 
67  -O                                                                        (1 = 16.7%) {83.3%}
68  ... 

Histogram: Navigation.Timeline.LoaderStartToFetchStart.Duration recorded 4 samples, mean = 29.2 (flags = 0x1)
0   ... 
4   -O                                                                        (1 = 25.0%) {0.0%}
5   ... 
24  -O                                                                        (1 = 25.0%) {25.0%}
29  -O                                                                        (1 = 25.0%) {50.0%}
34  ... 
48  -O                                                                        (1 = 25.0%) {75.0%}
57  ... 

Histogram: Navigation.Timeline.LoaderStartToReceiveResponse.Duration recorded 4 samples, mean = 197.8 (flags = 0x1)
0    ... 
57   -O                                                                        (1 = 25.0%) {0.0%}
68   ... 
135  -O                                                                        (1 = 25.0%) {25.0%}
160  -O                                                                        (1 = 25.0%) {50.0%}
190  ... 
378  -O                                                                        (1 = 25.0%) {75.0%}
449  ... 

Histogram: Navigation.Timeline.NavigationRequestToBeginNavigation.Duration recorded 5 samples, mean = 11.0 (flags = 0x1)
0   ... 
2   --O                                                                       (2 = 40.0%) {0.0%}
3   ... 
10  --O                                                                       (2 = 40.0%) {40.0%}
12  ... 
29  -O                                                                        (1 = 20.0%) {80.0%}
34  ... 

Histogram: Navigation.Timeline.ReceiveHeadersToReceiveResponse.Duration recorded 2 samples, mean = 1.0 (flags = 0x1)
0  -O                                                                        (1 = 50.0%)
1  O                                                                         (0 = 0.0%) {50.0%}
2  -O                                                                        (1 = 50.0%) {50.0%}
3  ... 

Histogram: Navigation.Timeline.ReceiveResponseToCommit.Duration recorded 4 samples, mean = 3.0 (flags = 0x1)
0  ... 
2  -O                                                                        (1 = 25.0%) {0.0%}
3  --O                                                                       (2 = 50.0%) {25.0%}
4  -O                                                                        (1 = 25.0%) {75.0%}
5  ... 

Histogram: Navigation.Timeline.RendererCommitToDidCommit.Duration recorded 6 samples, mean = 1.2 (flags = 0x1)
0  --O                                                                       (2 = 33.3%)
1  ---O                                                                      (3 = 50.0%) {33.3%}
2  ... 
4  -O                                                                        (1 = 16.7%) {83.3%}
5  ... 

Histogram: Navigation.Timeline.StartToNavigationRequestCreation.Duration recorded 5 samples, mean = 0.0 (flags = 0x1)
0  -----O                                                                    (5 = 100.0%)
1  ... 

Histogram: Navigation.Timeline.StartToSyncRendererCommit.Duration recorded 1 samples, mean = 0.0 (flags = 0x1)
0  -O                                                                        (1 = 100.0%)
1  ... 

Histogram: Navigation.Timeline.Total.Duration recorded 6 samples, mean = 305.2 (flags = 0x1)
0    ... 
14   -O                                                                        (1 = 16.7%) {0.0%}
17   ... 
226  -O                                                                        (1 = 16.7%) {16.7%}
268  -O                                                                        (1 = 16.7%) {33.3%}
318  -O                                                                        (1 = 16.7%) {50.0%}
378  O                                                                         (0 = 0.0%) {66.7%}
449  --O                                                                       (2 = 33.3%) {66.7%}
533  ... 

Histogram: Navigation.Timeline.TotalExcludingBeforeUnload.Duration recorded 6 samples, mean = 305.2 (flags = 0x1)
0    ... 
14   -O                                                                        (1 = 16.7%) {0.0%}
17   ... 
226  -O                                                                        (1 = 16.7%) {16.7%}
268  -O                                                                        (1 = 16.7%) {33.3%}
318  -O                                                                        (1 = 16.7%) {50.0%}
378  O                                                                         (0 = 0.0%) {66.7%}
449  --O                                                                       (2 = 33.3%) {66.7%}
533  ... 

Histogram: Navigation.Timeline.TotalExcludingBeforeUnload.MainFrameOnly.Duration recorded 5 samples, mean = 363.2 (flags = 0x1)
0    ... 
226  -O                                                                        (1 = 20.0%) {0.0%}
268  -O                                                                        (1 = 20.0%) {20.0%}
318  -O                                                                        (1 = 20.0%) {40.0%}
378  O                                                                         (0 = 0.0%) {60.0%}
449  --O                                                                       (2 = 40.0%) {60.0%}
533  ... 

Histogram: Navigation.Timeline.TotalExcludingBeforeUnloadDialog.Duration recorded 6 samples, mean = 305.2 (flags = 0x1)
0    ... 
14   -O                                                                        (1 = 16.7%) {0.0%}
17   ... 
226  -O                                                                        (1 = 16.7%) {16.7%}
268  -O                                                                        (1 = 16.7%) {33.3%}
318  -O                                                                        (1 = 16.7%) {50.0%}
378  O                                                                         (0 = 0.0%) {66.7%}
449  --O                                                                       (2 = 33.3%) {66.7%}
533  ... 

Histogram: Navigation.Timeline.TotalExcludingBeforeUnloadDialog.MainFrameOnly.Duration recorded 5 samples, mean = 363.2 (flags = 0x1)
0    ... 
226  -O                                                                        (1 = 20.0%) {0.0%}
268  -O                                                                        (1 = 20.0%) {20.0%}
318  -O                                                                        (1 = 20.0%) {40.0%}
378  O                                                                         (0 = 0.0%) {60.0%}
449  --O                                                                       (2 = 40.0%) {60.0%}
533  ... 

Histogram: Navigation.URLLoader.HasClientHintsControllerDelegate recorded 4 samples, mean = 1.0 (flags = 0x1)
0  O                                                                         (0 = 0.0%)
1  ----O                                                                     (4 = 100.0%) {0.0%}
2  O                                                                         (0 = 0.0%) {100.0%}

Histogram: Navigation.URLLoader.InMainPath recorded 4 samples, mean = 0.5 (flags = 0x1)
0  --O                                                                       (2 = 50.0%)
1  --O                                                                       (2 = 50.0%) {50.0%}
2  O                                                                         (0 = 0.0%) {100.0%}

Histogram: Navigation.URLLoader.ParseHeaders.RoundTripTimeForNonNetworkResponse recorded 2 samples, mean = 106666.5 (flags = 0x1)
0       ... 
102126  --O                                                                       (2 = 100.0%) {0.0%}
141691  ... 

Histogram: Navigation.Unload recorded 1 samples, mean = 2.0 (flags = 0x1)
0  ... 
2  -O                                                                        (1 = 100.0%) {0.0%}
3  ... 

Histogram: Navigation.UserAgentStringType recorded 1 samples, mean = 1.0 (flags = 0x1)
0  O                                                                         (0 = 0.0%)
1  -O                                                                        (1 = 100.0%) {0.0%}
2  ... 

Histogram: Navigation.WillStartRequestToLoaderStart.MainFrame recorded 4 samples, mean = 0.0 (flags = 0x1)
0  ----O                                                                     (4 = 100.0%)
1  ... 

Histogram: NavigationPredictor.SearchEnginePreconnector.IsBrowserAppLikelyInForeground recorded 6 samples, mean = 1.0 (flags = 0x1)
0  O                                                                         (0 = 0.0%)
1  ------O                                                                   (6 = 100.0%) {0.0%}
2  O                                                                         (0 = 0.0%) {100.0%}

Histogram: NavigationPredictor.SearchEnginePreconnector.PreconnectAttemptInterval recorded 1 samples, mean = 85.0 (flags = 0x1)
0   ... 
64  -O                                                                        (1 = 100.0%) {0.0%}
87  ... 

Histogram: NavigationPredictor.SearchEnginePreconnector.PreconnectDelay recorded 3 samples, mean = 3366.7 (flags = 0x1)
0     ... 
87    -O                                                                        (1 = 33.3%) {0.0%}
118   ... 
4516  --O                                                                       (2 = 66.7%) {33.3%}
6118  ... 

Histogram: NavigationPredictor.SearchEnginePreconnector.TriggerEvent recorded 3 samples, mean = 1.3 (flags = 0x1)
0  --O                                                                       (2 = 66.7%)
1  ... 
4  -O                                                                        (1 = 33.3%) {66.7%}
5  O                                                                         (0 = 0.0%) {100.0%}

Histogram: NavigationSuggestion.GetDomainInfoDelayBeforeAllowingNavigation recorded 4 samples, mean = 0.0 (flags = 0x1)
0  ----O                                                                     (4 = 100.0%)
1  ... 

Histogram: NavigationSuggestion.IsLookalikeUrlDelayBeforeAllowingNavigation recorded 4 samples, mean = 0.0 (flags = 0x1)
0  ----O                                                                     (4 = 100.0%)
1  ... 

Histogram: NavigationSuggestion.PerformChecksDelayBeforeAllowingNavigation recorded 4 samples, mean = 0.0 (flags = 0x1)
0  ----O                                                                     (4 = 100.0%)
1  ... 

Histogram: NavigationSuggestion.UpdateEngagedSitesDeferTime recorded 1 samples, mean = 2.0 (flags = 0x1)
0  ... 
2  -O                                                                        (1 = 100.0%) {0.0%}
3  ... 

Histogram: Net.CertVerifier.DoVerifyOnWorkerThreadTime recorded 17 samples, mean = 1.9 (flags = 0x1)
0  ----O                                                                     (4 = 23.5%)
1  ----O                                                                     (4 = 23.5%) {23.5%}
2  -O                                                                        (1 = 5.9%) {47.1%}
3  -----O                                                                    (5 = 29.4%) {52.9%}
4  ---O                                                                      (3 = 17.6%) {82.4%}
5  ... 

Histogram: Net.CertVerifier.DoVerifyOnWorkerThreadTime.Google recorded 13 samples, mean = 2.1 (flags = 0x1)
0  ---O                                                                      (3 = 23.1%)
1  ---O                                                                      (3 = 23.1%) {23.1%}
2  O                                                                         (0 = 0.0%) {46.2%}
3  ----O                                                                     (4 = 30.8%) {46.2%}
4  ---O                                                                      (3 = 23.1%) {76.9%}
5  ... 

Histogram: Net.CertVerifier.DoVerifyOnWorkerThreadTime.GoogleWithAlpnH3 recorded 4 samples, mean = 1.8 (flags = 0x1)
0  -O                                                                        (1 = 25.0%)
1  -O                                                                        (1 = 25.0%) {25.0%}
2  O                                                                         (0 = 0.0%) {50.0%}
3  --O                                                                       (2 = 50.0%) {50.0%}
4  ... 

Histogram: Net.Certificate.TrustAnchor.Verify recorded 17 samples (flags = 0x1)
0    ---------------O                                                          (15 = 88.2%)
200  --O                                                                       (2 = 11.8%)

Histogram: Net.Certificate.TrustAnchor.VerifyOutOfDate recorded 15 samples, mean = 1.0 (flags = 0x1)
0  O                                                                         (0 = 0.0%)
1  ---------------O                                                          (15 = 100.0%) {0.0%}
2  O                                                                         (0 = 0.0%) {100.0%}

Histogram: Net.CertificateTransparency.SCTOrigin recorded 34 samples, mean = 0.0 (flags = 0x1)
0  ----------------------------------O                                       (34 = 100.0%)
1  ... 

Histogram: Net.CertificateTransparency.SCTStatus recorded 34 samples, mean = 3.0 (flags = 0x1)
0  ... 
3  ----------------------------------O                                       (34 = 100.0%) {0.0%}
4  ... 

Histogram: Net.DNS.DnsConfig.SecureDnsMode recorded 1 samples, mean = 4.0 (flags = 0x1)
0  ... 
4  -O                                                                        (1 = 100.0%) {0.0%}
5  ... 

Histogram: Net.DNS.DnsConfig.Windows.Compatibility recorded 1 samples, mean = 0.0 (flags = 0x1)
0  -O                                                                        (1 = 100.0%)
1  ... 

Histogram: Net.DNS.DnsConfig.Windows.ReadSystemSettings0 recorded 1 samples, mean = 0.0 (flags = 0x1)
0  -O                                                                        (1 = 100.0%)
1  ... 

Histogram: Net.DNS.DnsHosts.Count recorded 1 samples, mean = 0.0 (flags = 0x1)
0  -O                                                                        (1 = 100.0%)
1  ... 

Histogram: Net.DNS.DnsHosts.EstimateMemoryUsage recorded 1 samples, mean = 0.0 (flags = 0x1)
0  -O                                                                        (1 = 100.0%)
1000... 

Histogram: Net.DNS.DnsHosts.FileSize recorded 1 samples, mean = 824.0 (flags = 0x1)
0    ... 
737  -O                                                                        (1 = 100.0%) {0.0%}
1065 ... 

Histogram: Net.HttpResponseCode2 recorded 7 samples, mean = 200.0 (flags = 0x1)
0    ... 
200  -------O                                                                  (7 = 100.0%) {0.0%}
201  ... 

Histogram: Net.MultiThreadedCertVerifier.RequestDuration recorded 17 samples, mean = 3.6 (flags = 0x1)
0   -O                                                                        (1 = 5.9%)
1   ---O                                                                      (3 = 17.6%) {5.9%}
2   ----O                                                                     (4 = 23.5%) {23.5%}
3   ---O                                                                      (3 = 17.6%) {47.1%}
4   -O                                                                        (1 = 5.9%) {64.7%}
5   --O                                                                       (2 = 11.8%) {70.6%}
6   ... 
9   --O                                                                       (2 = 11.8%) {82.4%}
10  -O                                                                        (1 = 5.9%) {94.1%}
11  ... 

Histogram: Net.MultiThreadedCertVerifier.RequestDuration.Google recorded 13 samples, mean = 4.1 (flags = 0x1)
0   -O                                                                        (1 = 7.7%)
1   ---O                                                                      (3 = 23.1%) {7.7%}
2   -O                                                                        (1 = 7.7%) {30.8%}
3   --O                                                                       (2 = 15.4%) {38.5%}
4   -O                                                                        (1 = 7.7%) {53.8%}
5   --O                                                                       (2 = 15.4%) {61.5%}
6   ... 
9   --O                                                                       (2 = 15.4%) {76.9%}
10  -O                                                                        (1 = 7.7%) {92.3%}
11  ... 

Histogram: Net.MultiThreadedCertVerifier.RequestDuration.GoogleWithAlpnH3 recorded 4 samples, mean = 4.0 (flags = 0x1)
0  -O                                                                        (1 = 25.0%)
1  ... 
3  -O                                                                        (1 = 25.0%) {25.0%}
4  -O                                                                        (1 = 25.0%) {50.0%}
5  ... 
9  -O                                                                        (1 = 25.0%) {75.0%}
10 ... 

Histogram: Net.URLLoaderThrottle.OnReceiveResponseTime recorded 5 samples, mean = 0.8 (flags = 0x1)
0  ---O                                                                      (3 = 60.0%)
1  -O                                                                        (1 = 20.0%) {60.0%}
2  O                                                                         (0 = 0.0%) {80.0%}
3  -O                                                                        (1 = 20.0%) {80.0%}
4  ... 

Histogram: Net.URLLoaderThrottleExecutionTime.BeforeWillProcessResponse recorded 52 samples, mean = 0.0 (flags = 0x1)
0  ----------------------------------------------------O                     (52 = 100.0%)
1  ... 

Histogram: Net.URLLoaderThrottleExecutionTime.WillProcessResponse recorded 52 samples, mean = 0.0 (flags = 0x1)
0  ----------------------------------------------------O                     (52 = 100.0%)
1  ... 

Histogram: Net.URLLoaderThrottleExecutionTime.WillStartRequest recorded 52 samples, mean = 0.0 (flags = 0x1)
0  ----------------------------------------------------O                     (52 = 100.0%)
1  ... 

Histogram: NetworkService.GrantSandboxResult recorded 4 samples, mean = 3.5 (flags = 0x1)
0  --O                                                                       (2 = 50.0%)
1  ... 
7  --O                                                                       (2 = 50.0%) {50.0%}
8  ... 

Histogram: NetworkService.TimeToGrantCacheAccess recorded 1 samples, mean = 29.0 (flags = 0x1)
0   ... 
29  -O                                                                        (1 = 100.0%) {0.0%}
34  ... 

Histogram: NetworkService.TimeToGrantDataAccess recorded 2 samples, mean = 90.5 (flags = 0x1)
0    ... 
2    -O                                                                        (1 = 50.0%) {0.0%}
3    ... 
160  -O                                                                        (1 = 50.0%) {50.0%}
190  ... 

Histogram: NetworkService.TimeToGrantNoVarySearchAccess recorded 1 samples, mean = 361.0 (flags = 0x1)
0    ... 
318  -O                                                                        (1 = 100.0%) {0.0%}
378  ... 

Histogram: NetworkService.TimeToGrantSharedDictionaryAccess recorded 1 samples, mean = 0.0 (flags = 0x1)
0  -O                                                                        (1 = 100.0%)
1  ... 

Histogram: NetworkService.TimeToMigrateData recorded 2 samples, mean = 1.0 (flags = 0x1)
0  O                                                                         (0 = 0.0%)
1  --O                                                                       (2 = 100.0%) {0.0%}
2  ... 

Histogram: NetworkedProfile.Check recorded 1 samples, mean = 4.0 (flags = 0x1)
0  ... 
4  -O                                                                        (1 = 100.0%) {0.0%}
5  ... 

Histogram: NewTabPage.MostVisited.NumberOfCustomTilesOnFirstNtp recorded 1 samples (flags = 0x1)
0  -O                                                                        (1 = 100.0%)

Histogram: Notifications.UsingSystemNotificationCenter recorded 2 samples, mean = 1.0 (flags = 0x1)
0  O                                                                         (0 = 0.0%)
1  --O                                                                       (2 = 100.0%) {0.0%}
2  O                                                                         (0 = 0.0%) {100.0%}

Histogram: Notifications.Windows.GetDisplayedStatus recorded 3 samples, mean = 0.0 (flags = 0x1)
0  ---O                                                                      (3 = 100.0%)
1  ... 

Histogram: Notifications.Windows.GetSettingPolicyStartup recorded 1 samples, mean = 0.0 (flags = 0x1)
0  -O                                                                        (1 = 100.0%)
1  ... 

Histogram: Notifications.Windows.GetSettingStatusStartup recorded 1 samples, mean = 0.0 (flags = 0x1)
0  -O                                                                        (1 = 100.0%)
1  ... 

Histogram: Notifications.Windows.HistoryStatus recorded 3 samples, mean = 0.0 (flags = 0x1)
0  ---O                                                                      (3 = 100.0%)
1  ... 

Histogram: Notifications.Windows.SetReadyCallbackStatus2 recorded 2 samples, mean = 0.0 (flags = 0x1)
0  --O                                                                       (2 = 100.0%)
1  ... 

Histogram: Notifications.Windows.StartMenuShortcutStatus recorded 2 samples, mean = 0.0 (flags = 0x1)
0  --O                                                                       (2 = 100.0%)
1  ... 

Histogram: OSCrypt.AppBoundEncryption.SupportLevel recorded 1 samples, mean = 4.0 (flags = 0x1)
0  ... 
4  -O                                                                        (1 = 100.0%) {0.0%}
5  ... 

Histogram: OSCrypt.AppBoundProvider.KeyRetrieval.Status recorded 1 samples, mean = 1.0 (flags = 0x1)
0  O                                                                         (0 = 0.0%)
1  -O                                                                        (1 = 100.0%) {0.0%}
2  ... 

Histogram: OSCrypt.Async.EncryptionFallbackToSync recorded 63 samples, mean = 0.0 (flags = 0x1)
0  ---------------------------------------------------------------O          (63 = 100.0%)
1  ... 

Histogram: OSCrypt.AsyncInitialization.Time recorded 1 samples, mean = 0.0 (flags = 0x1)
0  -O                                                                        (1 = 100.0%)
1  ... 

Histogram: OSCrypt.DPAPIProvider.Status recorded 1 samples, mean = 0.0 (flags = 0x1)
0  -O                                                                        (1 = 100.0%)
1  ... 

Histogram: OSCrypt.EncryptorKeyCount recorded 1 samples, mean = 2.0 (flags = 0x1)
0  ... 
2  -O                                                                        (1 = 100.0%) {0.0%}
3  ... 

Histogram: OSCrypt.EncryptorKeyCount.Available recorded 1 samples, mean = 1.0 (flags = 0x1)
0  O                                                                         (0 = 0.0%)
1  -O                                                                        (1 = 100.0%) {0.0%}
2  ... 

Histogram: OSCrypt.EncryptorKeyCount.PermanentlyUnavailable recorded 1 samples, mean = 0.0 (flags = 0x1)
0  -O                                                                        (1 = 100.0%)
1  ... 

Histogram: OSCrypt.EncryptorKeyCount.TemporarilyUnavailable recorded 1 samples, mean = 1.0 (flags = 0x1)
0  O                                                                         (0 = 0.0%)
1  -O                                                                        (1 = 100.0%) {0.0%}
2  ... 

Histogram: OSCrypt.Win.Encrypt.Result recorded 1 samples, mean = 1.0 (flags = 0x1)
0  O                                                                         (0 = 0.0%)
1  -O                                                                        (1 = 100.0%) {0.0%}
2  O                                                                         (0 = 0.0%) {100.0%}

Histogram: OSCrypt.Win.Encrypt.Time recorded 1 samples, mean = 1.0 (flags = 0x1)
0  O                                                                         (0 = 0.0%)
1  -O                                                                        (1 = 100.0%) {0.0%}
2  ... 

Histogram: Omnibox.AimEligibility.EligibilityRequestDebounced recorded 2 samples, mean = 0.0 (flags = 0x1)
0  --O                                                                       (2 = 100.0%)
1  ... 

Histogram: Omnibox.AimEligibility.EligibilityRequestDebounced.Startup recorded 2 samples, mean = 0.0 (flags = 0x1)
0  --O                                                                       (2 = 100.0%)
1  ... 

Histogram: Omnibox.AimEligibility.EligibilityRequestPrimaryAccountExists recorded 2 samples, mean = 0.0 (flags = 0x1)
0  --O                                                                       (2 = 100.0%)
1  ... 

Histogram: Omnibox.AimEligibility.EligibilityRequestPrimaryAccountExists.Startup recorded 2 samples, mean = 0.0 (flags = 0x1)
0  --O                                                                       (2 = 100.0%)
1  ... 

Histogram: Omnibox.AimEligibility.EligibilityRequestStatus recorded 4 samples, mean = 1.5 (flags = 0x1)
0  --O                                                                       (2 = 50.0%)
1  ... 
3  --O                                                                       (2 = 50.0%) {50.0%}
4  ... 

Histogram: Omnibox.AimEligibility.EligibilityRequestStatus.Startup recorded 4 samples, mean = 1.5 (flags = 0x1)
0  --O                                                                       (2 = 50.0%)
1  ... 
3  --O                                                                       (2 = 50.0%) {50.0%}
4  ... 

Histogram: Omnibox.AimEligibility.EligibilityResponse.Startup.is_cobrowse_eligible recorded 2 samples, mean = 1.0 (flags = 0x1)
0  O                                                                         (0 = 0.0%)
1  --O                                                                       (2 = 100.0%) {0.0%}
2  O                                                                         (0 = 0.0%) {100.0%}

Histogram: Omnibox.AimEligibility.EligibilityResponse.Startup.is_deep_search_eligible recorded 2 samples, mean = 0.0 (flags = 0x1)
0  --O                                                                       (2 = 100.0%)
1  ... 

Histogram: Omnibox.AimEligibility.EligibilityResponse.Startup.is_eligible recorded 2 samples, mean = 0.0 (flags = 0x1)
0  --O                                                                       (2 = 100.0%)
1  ... 

Histogram: Omnibox.AimEligibility.EligibilityResponse.Startup.is_image_generation_eligible recorded 2 samples, mean = 1.0 (flags = 0x1)
0  O                                                                         (0 = 0.0%)
1  --O                                                                       (2 = 100.0%) {0.0%}
2  O                                                                         (0 = 0.0%) {100.0%}

Histogram: Omnibox.AimEligibility.EligibilityResponse.Startup.is_pdf_upload_eligible recorded 2 samples, mean = 1.0 (flags = 0x1)
0  O                                                                         (0 = 0.0%)
1  --O                                                                       (2 = 100.0%) {0.0%}
2  O                                                                         (0 = 0.0%) {100.0%}

Histogram: Omnibox.AimEligibility.EligibilityResponse.Startup.session_index recorded 2 samples (flags = 0x1)
0  --O                                                                       (2 = 100.0%)

Histogram: Omnibox.AimEligibility.EligibilityResponse.is_cobrowse_eligible recorded 2 samples, mean = 1.0 (flags = 0x1)
0  O                                                                         (0 = 0.0%)
1  --O                                                                       (2 = 100.0%) {0.0%}
2  O                                                                         (0 = 0.0%) {100.0%}

Histogram: Omnibox.AimEligibility.EligibilityResponse.is_deep_search_eligible recorded 2 samples, mean = 0.0 (flags = 0x1)
0  --O                                                                       (2 = 100.0%)
1  ... 

Histogram: Omnibox.AimEligibility.EligibilityResponse.is_eligible recorded 2 samples, mean = 0.0 (flags = 0x1)
0  --O                                                                       (2 = 100.0%)
1  ... 

Histogram: Omnibox.AimEligibility.EligibilityResponse.is_image_generation_eligible recorded 2 samples, mean = 1.0 (flags = 0x1)
0  O                                                                         (0 = 0.0%)
1  --O                                                                       (2 = 100.0%) {0.0%}
2  O                                                                         (0 = 0.0%) {100.0%}

Histogram: Omnibox.AimEligibility.EligibilityResponse.is_pdf_upload_eligible recorded 2 samples, mean = 1.0 (flags = 0x1)
0  O                                                                         (0 = 0.0%)
1  --O                                                                       (2 = 100.0%) {0.0%}
2  O                                                                         (0 = 0.0%) {100.0%}

Histogram: Omnibox.AimEligibility.EligibilityResponse.session_index recorded 2 samples (flags = 0x1)
0  --O                                                                       (2 = 100.0%)

Histogram: Omnibox.AimEligibility.EligibilityResponseAccountMismatch recorded 2 samples, mean = 0.0 (flags = 0x1)
0  --O                                                                       (2 = 100.0%)
1  ... 

Histogram: Omnibox.AimEligibility.EligibilityResponseAccountMismatch.Startup recorded 2 samples, mean = 0.0 (flags = 0x1)
0  --O                                                                       (2 = 100.0%)
1  ... 

Histogram: Omnibox.AimEligibility.EligibilityResponseChange.is_cobrowse_eligible recorded 2 samples, mean = 1.0 (flags = 0x1)
0  O                                                                         (0 = 0.0%)
1  --O                                                                       (2 = 100.0%) {0.0%}
2  O                                                                         (0 = 0.0%) {100.0%}

Histogram: Omnibox.AimEligibility.EligibilityResponseChange.is_deep_search_eligible recorded 2 samples, mean = 0.0 (flags = 0x1)
0  --O                                                                       (2 = 100.0%)
1  ... 

Histogram: Omnibox.AimEligibility.EligibilityResponseChange.is_eligible recorded 2 samples, mean = 0.0 (flags = 0x1)
0  --O                                                                       (2 = 100.0%)
1  ... 

Histogram: Omnibox.AimEligibility.EligibilityResponseChange.is_image_generation_eligible recorded 2 samples, mean = 1.0 (flags = 0x1)
0  O                                                                         (0 = 0.0%)
1  --O                                                                       (2 = 100.0%) {0.0%}
2  O                                                                         (0 = 0.0%) {100.0%}

Histogram: Omnibox.AimEligibility.EligibilityResponseChange.is_pdf_upload_eligible recorded 2 samples, mean = 1.0 (flags = 0x1)
0  O                                                                         (0 = 0.0%)
1  --O                                                                       (2 = 100.0%) {0.0%}
2  O                                                                         (0 = 0.0%) {100.0%}

Histogram: Omnibox.AimEligibility.EligibilityResponseChange.session_index recorded 2 samples, mean = 0.0 (flags = 0x1)
0  --O                                                                       (2 = 100.0%)
1  ... 

Histogram: Omnibox.AimEligibility.EligibilityResponseCode recorded 2 samples (flags = 0x1)
200  --O                                                                       (2 = 100.0%)

Histogram: Omnibox.AimEligibility.EligibilityResponseCode.Startup recorded 2 samples (flags = 0x1)
200  --O                                                                       (2 = 100.0%)

Histogram: Omnibox.AimEligibility.EligibilityResponseSource recorded 64 samples, mean = 0.5 (flags = 0x1)
0  ------------------------------------------------O                         (48 = 75.0%)
1  O                                                                         (0 = 0.0%) {75.0%}
2  ----------------O                                                         (16 = 25.0%) {75.0%}
3  ... 

Histogram: Omnibox.AutocompletionTime.UpdateResult recorded 12 samples, mean = 11.9 (flags = 0x1)
0   -------O                                                                  (7 = 58.3%)
1   ---O                                                                      (3 = 25.0%) {58.3%}
2   ... 
37  -O                                                                        (1 = 8.3%) {83.3%}
49  ... 
86  -O                                                                        (1 = 8.3%) {91.7%}
113 ... 

Histogram: Omnibox.AutocompletionTime.UpdateResult.DeduplicateMatches recorded 2 samples, mean = 0.0 (flags = 0x1)
0  --O                                                                       (2 = 100.0%)
1  ... 

Histogram: Omnibox.AutocompletionTime.UpdateResult.SortAndCull recorded 2 samples, mean = 16.5 (flags = 0x1)
0   ... 
5   -O                                                                        (1 = 50.0%) {0.0%}
7   ... 
21  -O                                                                        (1 = 50.0%) {50.0%}
28  ... 

Histogram: Omnibox.DocumentSuggest.ProviderAllowed recorded 2 samples, mean = 6.0 (flags = 0x1)
0  ... 
6  --O                                                                       (2 = 100.0%) {0.0%}
7  ... 

Histogram: Omnibox.FocusResultedInNavigation recorded 1 samples, mean = 0.0 (flags = 0x1)
0  -O                                                                        (1 = 100.0%)
1  ... 

Histogram: Omnibox.KeywordCount recorded 1 samples, mean = 11.0 (flags = 0x1)
0   ... 
11  -O                                                                        (1 = 100.0%) {0.0%}
12  ... 

Histogram: Omnibox.KeywordCount.DefaultSearchEngineSetByPolicy recorded 1 samples, mean = 0.0 (flags = 0x1)
0  -O                                                                        (1 = 100.0%)
1  ... 

Histogram: Omnibox.KeywordCount.DefaultSearchEngineSetByUser recorded 1 samples, mean = 0.0 (flags = 0x1)
0  -O                                                                        (1 = 100.0%)
1  ... 

Histogram: Omnibox.KeywordCount.FeaturedAllowUserOverrideSiteSearchSetByPolicy recorded 1 samples, mean = 0.0 (flags = 0x1)
0  -O                                                                        (1 = 100.0%)
1  ... 

Histogram: Omnibox.KeywordCount.FeaturedSearchAggregatorSetByPolicy recorded 1 samples, mean = 0.0 (flags = 0x1)
0  -O                                                                        (1 = 100.0%)
1  ... 

Histogram: Omnibox.KeywordCount.FeaturedSiteSearchSetByPolicy recorded 1 samples, mean = 0.0 (flags = 0x1)
0  -O                                                                        (1 = 100.0%)
1  ... 

Histogram: Omnibox.KeywordCount.NonFeaturedAllowUserOverrideSiteSearchSetByPolicy recorded 1 samples, mean = 0.0 (flags = 0x1)
0  -O                                                                        (1 = 100.0%)
1  ... 

Histogram: Omnibox.KeywordCount.NonFeaturedSiteSearchSetByPolicy recorded 1 samples, mean = 0.0 (flags = 0x1)
0  -O                                                                        (1 = 100.0%)
1  ... 

Histogram: Omnibox.KeywordCount.NonSubstitutingSiteSearchSetByUser recorded 1 samples, mean = 0.0 (flags = 0x1)
0  -O                                                                        (1 = 100.0%)
1  ... 

Histogram: Omnibox.KeywordCount.Prepopulated recorded 1 samples, mean = 5.0 (flags = 0x1)
0  ... 
5  -O                                                                        (1 = 100.0%) {0.0%}
6  ... 

Histogram: Omnibox.KeywordCount.SearchAggregatorSetByPolicy recorded 1 samples, mean = 0.0 (flags = 0x1)
0  -O                                                                        (1 = 100.0%)
1  ... 

Histogram: Omnibox.KeywordCount.SearchEngineSetByExtension recorded 1 samples, mean = 0.0 (flags = 0x1)
0  -O                                                                        (1 = 100.0%)
1  ... 

Histogram: Omnibox.KeywordCount.StarterPack recorded 1 samples, mean = 6.0 (flags = 0x1)
0  ... 
6  -O                                                                        (1 = 100.0%) {0.0%}
7  ... 

Histogram: Omnibox.KeywordCount.SubstitutingSiteSearchSetByUser recorded 1 samples, mean = 0.0 (flags = 0x1)
0  -O                                                                        (1 = 100.0%)
1  ... 

Histogram: Omnibox.KeywordModeUsageByEngineType.ActiveOnStartup recorded 6 samples, mean = 4.5 (flags = 0x1)
0  ... 
2  -O                                                                        (1 = 16.7%) {0.0%}
3  -O                                                                        (1 = 16.7%) {16.7%}
4  -O                                                                        (1 = 16.7%) {33.3%}
5  -O                                                                        (1 = 16.7%) {50.0%}
6  -O                                                                        (1 = 16.7%) {66.7%}
7  -O                                                                        (1 = 16.7%) {83.3%}
8  O                                                                         (0 = 0.0%) {100.0%}

Histogram: Omnibox.KeywordModeUsageByEngineType.InactiveOnStartup recorded 5 samples, mean = 1.0 (flags = 0x1)
0  O                                                                         (0 = 0.0%)
1  -----O                                                                    (5 = 100.0%) {0.0%}
2  ... 

Histogram: Omnibox.PaintTime recorded 6 samples, mean = 0.0 (flags = 0x1)
0  ------O                                                                   (6 = 100.0%)
1  ... 

Histogram: Omnibox.ProviderTime2.Bookmark recorded 2 samples, mean = 0.0 (flags = 0x1)
0  --O                                                                       (2 = 100.0%)
1  ... 

Histogram: Omnibox.ProviderTime2.Builtin recorded 2 samples, mean = 0.0 (flags = 0x1)
0  --O                                                                       (2 = 100.0%)
1  ... 

Histogram: Omnibox.ProviderTime2.Calculator recorded 2 samples, mean = 0.0 (flags = 0x1)
0  --O                                                                       (2 = 100.0%)
1  ... 

Histogram: Omnibox.ProviderTime2.ContextualSearch recorded 2 samples, mean = 0.0 (flags = 0x1)
0  --O                                                                       (2 = 100.0%)
1  ... 

Histogram: Omnibox.ProviderTime2.Document recorded 2 samples, mean = 0.0 (flags = 0x1)
0  --O                                                                       (2 = 100.0%)
1  ... 

Histogram: Omnibox.ProviderTime2.FeaturedSearch recorded 2 samples, mean = 0.0 (flags = 0x1)
0  --O                                                                       (2 = 100.0%)
1  ... 

Histogram: Omnibox.ProviderTime2.HistoryFuzzy recorded 2 samples, mean = 0.0 (flags = 0x1)
0  --O                                                                       (2 = 100.0%)
1  ... 

Histogram: Omnibox.ProviderTime2.HistoryQuick recorded 2 samples, mean = 0.0 (flags = 0x1)
0  --O                                                                       (2 = 100.0%)
1  ... 

Histogram: Omnibox.ProviderTime2.HistoryURL recorded 2 samples, mean = 0.0 (flags = 0x1)
0  --O                                                                       (2 = 100.0%)
1  ... 

Histogram: Omnibox.ProviderTime2.Keyword recorded 2 samples, mean = 0.0 (flags = 0x1)
0  --O                                                                       (2 = 100.0%)
1  ... 

Histogram: Omnibox.ProviderTime2.LocalHistoryZeroSuggest recorded 2 samples, mean = 0.0 (flags = 0x1)
0  --O                                                                       (2 = 100.0%)
1  ... 

Histogram: Omnibox.ProviderTime2.OnDeviceHead recorded 2 samples, mean = 0.0 (flags = 0x1)
0  --O                                                                       (2 = 100.0%)
1  ... 

Histogram: Omnibox.ProviderTime2.Search recorded 2 samples, mean = 0.0 (flags = 0x1)
0  --O                                                                       (2 = 100.0%)
1  ... 

Histogram: Omnibox.ProviderTime2.Shortcuts recorded 2 samples, mean = 0.0 (flags = 0x1)
0  --O                                                                       (2 = 100.0%)
1  ... 

Histogram: Omnibox.ProviderTime2.ZeroSuggest recorded 2 samples, mean = 0.0 (flags = 0x1)
0  --O                                                                       (2 = 100.0%)
1  ... 

Histogram: Omnibox.SearchPrefetch.PrefetchServingReason2 recorded 2 samples, mean = 3.0 (flags = 0x1)
0  ... 
3  --O                                                                       (2 = 100.0%) {0.0%}
4  ... 

Histogram: Omnibox.Start.WantAsyncMatches recorded 2 samples, mean = 0.0 (flags = 0x1)
0  --O                                                                       (2 = 100.0%)
1  ... 

Histogram: Omnibox.TabMatchTime recorded 2 samples, mean = 0.0 (flags = 0x1)
0  --O                                                                       (2 = 100.0%)
1  ... 

Histogram: Omnibox.TemplateUrl.RegulatoryExtension.SearchVariant recorded 21 samples, mean = 0.0 (flags = 0x1)
0  ---------------------O                                                    (21 = 100.0%)
1  ... 

Histogram: Omnibox.TemplateUrl.RlzPresent recorded 11 samples, mean = 0.0 (flags = 0x1)
0  -----------O                                                              (11 = 100.0%)
1  ... 

Histogram: Omnibox.TemplateUrl.SearchClientPresent recorded 11 samples, mean = 0.0 (flags = 0x1)
0  -----------O                                                              (11 = 100.0%)
1  ... 

Histogram: Omnibox.ZeroSuggestProvider.Eligibility recorded 2 samples, mean = 3.0 (flags = 0x1)
0  ... 
3  --O                                                                       (2 = 100.0%) {0.0%}
4  O                                                                         (0 = 0.0%) {100.0%}

Histogram: OptimizationGuide.ApplyDecision.AboutThisSite recorded 1 samples, mean = 8.0 (flags = 0x1)
0  ... 
8  -O                                                                        (1 = 100.0%) {0.0%}
9  ... 

Histogram: OptimizationGuide.ApplyDecision.HistoryClusters recorded 2 samples, mean = 8.0 (flags = 0x1)
0  ... 
8  --O                                                                       (2 = 100.0%) {0.0%}
9  ... 

Histogram: OptimizationGuide.ApplyDecision.LensOverlayEduActionChipAllowlist recorded 7 samples, mean = 10.3 (flags = 0x1)
0   ... 
8   ---O                                                                      (3 = 42.9%) {0.0%}
9   ... 
12  ----O                                                                     (4 = 57.1%) {42.9%}
13  O                                                                         (0 = 0.0%) {100.0%}

Histogram: OptimizationGuide.ApplyDecision.LensOverlayEduActionChipBlocklist recorded 7 samples, mean = 10.3 (flags = 0x1)
0   ... 
8   ---O                                                                      (3 = 42.9%) {0.0%}
9   ... 
12  ----O                                                                     (4 = 57.1%) {42.9%}
13  O                                                                         (0 = 0.0%) {100.0%}

Histogram: OptimizationGuide.ApplyDecision.LoadingPredictor recorded 1 samples, mean = 8.0 (flags = 0x1)
0  ... 
8  -O                                                                        (1 = 100.0%) {0.0%}
9  ... 

Histogram: OptimizationGuide.ApplyDecision.PageEntities recorded 1 samples, mean = 8.0 (flags = 0x1)
0  ... 
8  -O                                                                        (1 = 100.0%) {0.0%}
9  ... 

Histogram: OptimizationGuide.ApplyDecision.PriceTracking recorded 2 samples, mean = 10.0 (flags = 0x1)
0   ... 
8   -O                                                                        (1 = 50.0%) {0.0%}
9   ... 
12  -O                                                                        (1 = 50.0%) {50.0%}
13  O                                                                         (0 = 0.0%) {100.0%}

Histogram: OptimizationGuide.ApplyDecision.SalientImage recorded 1 samples, mean = 8.0 (flags = 0x1)
0  ... 
8  -O                                                                        (1 = 100.0%) {0.0%}
9  ... 

Histogram: OptimizationGuide.ApplyDecision.V8CompileHints recorded 1 samples, mean = 8.0 (flags = 0x1)
0  ... 
8  -O                                                                        (1 = 100.0%) {0.0%}
9  ... 

Histogram: OptimizationGuide.HintCacheLevelDBStore.Status recorded 2 samples, mean = 0.5 (flags = 0x1)
0  -O                                                                        (1 = 50.0%)
1  -O                                                                        (1 = 50.0%) {50.0%}
2  ... 

Histogram: OptimizationGuide.HintsManager.HintCacheInitialized recorded 1 samples, mean = 1.0
0  O                                                                         (0 = 0.0%)
1  -O                                                                        (1 = 100.0%) {0.0%}
2  O                                                                         (0 = 0.0%) {100.0%}

Histogram: OptimizationGuide.LoadedHint.Result recorded 2 samples, mean = 0.0
0  --O                                                                       (2 = 100.0%)
1  ... 

Histogram: OptimizationGuide.ModelExecution.FeatureCurrentlyEnabledResult.Compose recorded 1 samples, mean = 1.0 (flags = 0x1)
0  O                                                                         (0 = 0.0%)
1  -O                                                                        (1 = 100.0%) {0.0%}
2  ... 

Histogram: OptimizationGuide.ModelExecution.FeatureCurrentlyEnabledResult.HistorySearch recorded 2 samples, mean = 3.0 (flags = 0x1)
0  ... 
3  --O                                                                       (2 = 100.0%) {0.0%}
4  ... 

Histogram: OptimizationGuide.ModelExecution.FeatureCurrentlyEnabledResult.PasswordChangeSubmission recorded 1 samples, mean = 3.0 (flags = 0x1)
0  ... 
3  -O                                                                        (1 = 100.0%) {0.0%}
4  ... 

Histogram: OptimizationGuide.ModelExecution.FeatureCurrentlyEnabledResult.TabOrganization recorded 1 samples, mean = 1.0 (flags = 0x1)
0  O                                                                         (0 = 0.0%)
1  -O                                                                        (1 = 100.0%) {0.0%}
2  ... 

Histogram: OptimizationGuide.ModelExecution.FeatureCurrentlyEnabledResult.WallpaperSearch recorded 1 samples, mean = 1.0 (flags = 0x1)
0  O                                                                         (0 = 0.0%)
1  -O                                                                        (1 = 100.0%) {0.0%}
2  ... 

Histogram: OptimizationGuide.ModelExecution.FeatureEnabledAtStartup.Compose recorded 1 samples, mean = 0.0 (flags = 0x1)
0  -O                                                                        (1 = 100.0%)
1  ... 

Histogram: OptimizationGuide.ModelExecution.FeatureEnabledAtStartup.HistorySearch recorded 1 samples, mean = 0.0 (flags = 0x1)
0  -O                                                                        (1 = 100.0%)
1  ... 

Histogram: OptimizationGuide.ModelExecution.FeatureEnabledAtStartup.PasswordChangeSubmission recorded 1 samples, mean = 0.0 (flags = 0x1)
0  -O                                                                        (1 = 100.0%)
1  ... 

Histogram: OptimizationGuide.ModelExecution.FeatureEnabledAtStartup.TabOrganization recorded 1 samples, mean = 0.0 (flags = 0x1)
0  -O                                                                        (1 = 100.0%)
1  ... 

Histogram: OptimizationGuide.ModelExecution.FeatureEnabledAtStartup.WallpaperSearch recorded 1 samples, mean = 0.0 (flags = 0x1)
0  -O                                                                        (1 = 100.0%)
1  ... 

Histogram: OptimizationGuide.ModelExecution.OnDeviceAdaptationModelAvailability.Classifier recorded 1 samples, mean = 1.0 (flags = 0x1)
0  O                                                                         (0 = 0.0%)
1  -O                                                                        (1 = 100.0%) {0.0%}
2  ... 

Histogram: OptimizationGuide.ModelExecution.OnDeviceAdaptationModelAvailability.Compose recorded 1 samples, mean = 1.0 (flags = 0x1)
0  O                                                                         (0 = 0.0%)
1  -O                                                                        (1 = 100.0%) {0.0%}
2  ... 

Histogram: OptimizationGuide.ModelExecution.OnDeviceAdaptationModelAvailability.HistoryQueryIntent recorded 1 samples, mean = 1.0 (flags = 0x1)
0  O                                                                         (0 = 0.0%)
1  -O                                                                        (1 = 100.0%) {0.0%}
2  ... 

Histogram: OptimizationGuide.ModelExecution.OnDeviceAdaptationModelAvailability.HistorySearch recorded 1 samples, mean = 1.0 (flags = 0x1)
0  O                                                                         (0 = 0.0%)
1  -O                                                                        (1 = 100.0%) {0.0%}
2  ... 

Histogram: OptimizationGuide.ModelExecution.OnDeviceAdaptationModelAvailability.OnDeviceSpeechRecognition recorded 1 samples, mean = 1.0 (flags = 0x1)
0  O                                                                         (0 = 0.0%)
1  -O                                                                        (1 = 100.0%) {0.0%}
2  ... 

Histogram: OptimizationGuide.ModelExecution.OnDeviceAdaptationModelAvailability.PermissionsAi recorded 1 samples, mean = 1.0 (flags = 0x1)
0  O                                                                         (0 = 0.0%)
1  -O                                                                        (1 = 100.0%) {0.0%}
2  ... 

Histogram: OptimizationGuide.ModelExecution.OnDeviceAdaptationModelAvailability.PromptApi recorded 1 samples, mean = 1.0 (flags = 0x1)
0  O                                                                         (0 = 0.0%)
1  -O                                                                        (1 = 100.0%) {0.0%}
2  ... 

Histogram: OptimizationGuide.ModelExecution.OnDeviceAdaptationModelAvailability.ProofreaderApi recorded 1 samples, mean = 1.0 (flags = 0x1)
0  O                                                                         (0 = 0.0%)
1  -O                                                                        (1 = 100.0%) {0.0%}
2  ... 

Histogram: OptimizationGuide.ModelExecution.OnDeviceAdaptationModelAvailability.ScamDetection recorded 1 samples, mean = 1.0 (flags = 0x1)
0  O                                                                         (0 = 0.0%)
1  -O                                                                        (1 = 100.0%) {0.0%}
2  ... 

Histogram: OptimizationGuide.ModelExecution.OnDeviceAdaptationModelAvailability.Summarize recorded 1 samples, mean = 1.0 (flags = 0x1)
0  O                                                                         (0 = 0.0%)
1  -O                                                                        (1 = 100.0%) {0.0%}
2  ... 

Histogram: OptimizationGuide.ModelExecution.OnDeviceAdaptationModelAvailability.Test recorded 1 samples, mean = 1.0 (flags = 0x1)
0  O                                                                         (0 = 0.0%)
1  -O                                                                        (1 = 100.0%) {0.0%}
2  ... 

Histogram: OptimizationGuide.ModelExecution.OnDeviceAdaptationModelAvailability.WritingAssistanceApi recorded 1 samples, mean = 1.0 (flags = 0x1)
0  O                                                                         (0 = 0.0%)
1  -O                                                                        (1 = 100.0%) {0.0%}
2  ... 

Histogram: OptimizationGuide.ModelExecution.OnDeviceModelToBeInstalledReason.Classifier recorded 1 samples, mean = 5.0 (flags = 0x1)
0  ... 
5  -O                                                                        (1 = 100.0%) {0.0%}
6  ... 

Histogram: OptimizationGuide.ModelExecution.OnDeviceModelToBeInstalledReason.Compose recorded 1 samples, mean = 5.0 (flags = 0x1)
0  ... 
5  -O                                                                        (1 = 100.0%) {0.0%}
6  ... 

Histogram: OptimizationGuide.ModelExecution.OnDeviceModelToBeInstalledReason.HistoryQueryIntent recorded 1 samples, mean = 5.0 (flags = 0x1)
0  ... 
5  -O                                                                        (1 = 100.0%) {0.0%}
6  ... 

Histogram: OptimizationGuide.ModelExecution.OnDeviceModelToBeInstalledReason.HistorySearch recorded 1 samples, mean = 5.0 (flags = 0x1)
0  ... 
5  -O                                                                        (1 = 100.0%) {0.0%}
6  ... 

Histogram: OptimizationGuide.ModelExecution.OnDeviceModelToBeInstalledReason.OnDeviceSpeechRecognition recorded 1 samples, mean = 5.0 (flags = 0x1)
0  ... 
5  -O                                                                        (1 = 100.0%) {0.0%}
6  ... 

Histogram: OptimizationGuide.ModelExecution.OnDeviceModelToBeInstalledReason.PermissionsAi recorded 1 samples, mean = 5.0 (flags = 0x1)
0  ... 
5  -O                                                                        (1 = 100.0%) {0.0%}
6  ... 

Histogram: OptimizationGuide.ModelExecution.OnDeviceModelToBeInstalledReason.PromptApi recorded 1 samples, mean = 5.0 (flags = 0x1)
0  ... 
5  -O                                                                        (1 = 100.0%) {0.0%}
6  ... 

Histogram: OptimizationGuide.ModelExecution.OnDeviceModelToBeInstalledReason.ProofreaderApi recorded 1 samples, mean = 5.0 (flags = 0x1)
0  ... 
5  -O                                                                        (1 = 100.0%) {0.0%}
6  ... 

Histogram: OptimizationGuide.ModelExecution.OnDeviceModelToBeInstalledReason.ScamDetection recorded 1 samples, mean = 5.0 (flags = 0x1)
0  ... 
5  -O                                                                        (1 = 100.0%) {0.0%}
6  ... 

Histogram: OptimizationGuide.ModelExecution.OnDeviceModelToBeInstalledReason.Summarize recorded 1 samples, mean = 5.0 (flags = 0x1)
0  ... 
5  -O                                                                        (1 = 100.0%) {0.0%}
6  ... 

Histogram: OptimizationGuide.ModelExecution.OnDeviceModelToBeInstalledReason.Test recorded 1 samples, mean = 5.0 (flags = 0x1)
0  ... 
5  -O                                                                        (1 = 100.0%) {0.0%}
6  ... 

Histogram: OptimizationGuide.ModelExecution.OnDeviceModelToBeInstalledReason.WritingAssistanceApi recorded 1 samples, mean = 5.0 (flags = 0x1)
0  ... 
5  -O                                                                        (1 = 100.0%) {0.0%}
6  ... 

Histogram: OptimizationGuide.ModelHandler.HandlerCreated.GeolocationPermissions recorded 2 samples, mean = 1.0 (flags = 0x1)
0  O                                                                         (0 = 0.0%)
1  --O                                                                       (2 = 100.0%) {0.0%}
2  O                                                                         (0 = 0.0%) {100.0%}

Histogram: OptimizationGuide.ModelHandler.HandlerCreated.NotificationPermissions recorded 2 samples, mean = 1.0 (flags = 0x1)
0  O                                                                         (0 = 0.0%)
1  --O                                                                       (2 = 100.0%) {0.0%}
2  O                                                                         (0 = 0.0%) {100.0%}

Histogram: OptimizationGuide.ModelHandler.HandlerCreated.OmniboxUrlScoring recorded 2 samples, mean = 1.0 (flags = 0x1)
0  O                                                                         (0 = 0.0%)
1  --O                                                                       (2 = 100.0%) {0.0%}
2  O                                                                         (0 = 0.0%) {100.0%}

Histogram: OptimizationGuide.ModelHandler.HandlerCreated.PageTopicsV2 recorded 1 samples, mean = 1.0 (flags = 0x1)
0  O                                                                         (0 = 0.0%)
1  -O                                                                        (1 = 100.0%) {0.0%}
2  O                                                                         (0 = 0.0%) {100.0%}

Histogram: OptimizationGuide.ModelHandler.HandlerCreated.PageVisibility recorded 1 samples, mean = 1.0 (flags = 0x1)
0  O                                                                         (0 = 0.0%)
1  -O                                                                        (1 = 100.0%) {0.0%}
2  O                                                                         (0 = 0.0%) {100.0%}

Histogram: OptimizationGuide.ModelHandler.HandlerCreated.SegmentationChromeLowUserEngagement recorded 1 samples, mean = 1.0 (flags = 0x1)
0  O                                                                         (0 = 0.0%)
1  -O                                                                        (1 = 100.0%) {0.0%}
2  O                                                                         (0 = 0.0%) {100.0%}

Histogram: OptimizationGuide.ModelHandler.HandlerCreated.SegmentationComposePromotion recorded 1 samples, mean = 1.0 (flags = 0x1)
0  O                                                                         (0 = 0.0%)
1  -O                                                                        (1 = 100.0%) {0.0%}
2  O                                                                         (0 = 0.0%) {100.0%}

Histogram: OptimizationGuide.ModelHandler.HandlerCreated.SegmentationDeviceSwitcher recorded 1 samples, mean = 1.0 (flags = 0x1)
0  O                                                                         (0 = 0.0%)
1  -O                                                                        (1 = 100.0%) {0.0%}
2  O                                                                         (0 = 0.0%) {100.0%}

Histogram: OptimizationGuide.ModelHandler.HandlerCreated.SegmentationSearchUser recorded 1 samples, mean = 1.0 (flags = 0x1)
0  O                                                                         (0 = 0.0%)
1  -O                                                                        (1 = 100.0%) {0.0%}
2  O                                                                         (0 = 0.0%) {100.0%}

Histogram: OptimizationGuide.ModelHandler.HandlerCreated.SegmentationShoppingUser recorded 1 samples, mean = 1.0 (flags = 0x1)
0  O                                                                         (0 = 0.0%)
1  -O                                                                        (1 = 100.0%) {0.0%}
2  O                                                                         (0 = 0.0%) {100.0%}

Histogram: OptimizationGuide.ModelHandler.HandlerCreated.URLVisitResumptionRanker recorded 1 samples, mean = 1.0 (flags = 0x1)
0  O                                                                         (0 = 0.0%)
1  -O                                                                        (1 = 100.0%) {0.0%}
2  O                                                                         (0 = 0.0%) {100.0%}

Histogram: OptimizationGuide.OnDeviceModel.OnDeviceModelComponentInstantiated recorded 1 samples, mean = 1.0 (flags = 0x1)
0  O                                                                         (0 = 0.0%)
1  -O                                                                        (1 = 100.0%) {0.0%}
2  O                                                                         (0 = 0.0%) {100.0%}

Histogram: OptimizationGuide.PageContentAnnotations.AnnotateVisitResultCached recorded 1 samples, mean = 0.0 (flags = 0x1)
0  -O                                                                        (1 = 100.0%)
1  ... 

Histogram: OptimizationGuide.PredictionManager.ModelAvailableAtRegistration.ClientSidePhishing recorded 1 samples, mean = 0.0 (flags = 0x1)
0  -O                                                                        (1 = 100.0%)
1  ... 

Histogram: OptimizationGuide.PredictionManager.ModelAvailableAtRegistration.GeolocationPermissions recorded 2 samples, mean = 0.0 (flags = 0x1)
0  --O                                                                       (2 = 100.0%)
1  ... 

Histogram: OptimizationGuide.PredictionManager.ModelAvailableAtRegistration.LanguageDetection recorded 2 samples, mean = 0.0 (flags = 0x1)
0  --O                                                                       (2 = 100.0%)
1  ... 

Histogram: OptimizationGuide.PredictionManager.ModelAvailableAtRegistration.NotificationPermissions recorded 2 samples, mean = 0.0 (flags = 0x1)
0  --O                                                                       (2 = 100.0%)
1  ... 

Histogram: OptimizationGuide.PredictionManager.ModelAvailableAtRegistration.OmniboxOnDeviceTailSuggest recorded 2 samples, mean = 0.0 (flags = 0x1)
0  --O                                                                       (2 = 100.0%)
1  ... 

Histogram: OptimizationGuide.PredictionManager.ModelAvailableAtRegistration.OmniboxUrlScoring recorded 2 samples, mean = 0.0 (flags = 0x1)
0  --O                                                                       (2 = 100.0%)
1  ... 

Histogram: OptimizationGuide.PredictionManager.ModelAvailableAtRegistration.PageTopicsV2 recorded 1 samples, mean = 0.0 (flags = 0x1)
0  -O                                                                        (1 = 100.0%)
1  ... 

Histogram: OptimizationGuide.PredictionManager.ModelAvailableAtRegistration.PageVisibility recorded 1 samples, mean = 0.0 (flags = 0x1)
0  -O                                                                        (1 = 100.0%)
1  ... 

Histogram: OptimizationGuide.PredictionManager.ModelAvailableAtRegistration.PassageEmbedder recorded 1 samples, mean = 0.0 (flags = 0x1)
0  -O                                                                        (1 = 100.0%)
1  ... 

Histogram: OptimizationGuide.PredictionManager.ModelAvailableAtRegistration.SegmentationChromeLowUserEngagement recorded 1 samples, mean = 0.0 (flags = 0x1)
0  -O                                                                        (1 = 100.0%)
1  ... 

Histogram: OptimizationGuide.PredictionManager.ModelAvailableAtRegistration.SegmentationComposePromotion recorded 1 samples, mean = 0.0 (flags = 0x1)
0  -O                                                                        (1 = 100.0%)
1  ... 

Histogram: OptimizationGuide.PredictionManager.ModelAvailableAtRegistration.SegmentationDeviceSwitcher recorded 1 samples, mean = 0.0 (flags = 0x1)
0  -O                                                                        (1 = 100.0%)
1  ... 

Histogram: OptimizationGuide.PredictionManager.ModelAvailableAtRegistration.SegmentationSearchUser recorded 1 samples, mean = 0.0 (flags = 0x1)
0  -O                                                                        (1 = 100.0%)
1  ... 

Histogram: OptimizationGuide.PredictionManager.ModelAvailableAtRegistration.SegmentationShoppingUser recorded 1 samples, mean = 0.0 (flags = 0x1)
0  -O                                                                        (1 = 100.0%)
1  ... 

Histogram: OptimizationGuide.PredictionManager.ModelAvailableAtRegistration.URLVisitResumptionRanker recorded 1 samples, mean = 0.0 (flags = 0x1)
0  -O                                                                        (1 = 100.0%)
1  ... 

Histogram: OptimizationGuide.PredictionManager.RegistrationTimeSinceServiceInit.ClientSidePhishing recorded 1 samples, mean = 0.0 (flags = 0x1)
0  -O                                                                        (1 = 100.0%)
1  ... 

Histogram: OptimizationGuide.PredictionManager.RegistrationTimeSinceServiceInit.GeolocationPermissions recorded 2 samples, mean = 24.5 (flags = 0x1)
0   ... 
8   -O                                                                        (1 = 50.0%) {0.0%}
10  ... 
32  -O                                                                        (1 = 50.0%) {50.0%}
41  ... 

Histogram: OptimizationGuide.PredictionManager.RegistrationTimeSinceServiceInit.LanguageDetection recorded 2 samples, mean = 500.0 (flags = 0x1)
0    ... 
356  -O                                                                        (1 = 50.0%) {0.0%}
452  -O                                                                        (1 = 50.0%) {50.0%}
574  ... 

Histogram: OptimizationGuide.PredictionManager.RegistrationTimeSinceServiceInit.NotificationPermissions recorded 2 samples, mean = 24.5 (flags = 0x1)
0   ... 
8   -O                                                                        (1 = 50.0%) {0.0%}
10  ... 
32  -O                                                                        (1 = 50.0%) {50.0%}
41  ... 

Histogram: OptimizationGuide.PredictionManager.RegistrationTimeSinceServiceInit.OmniboxOnDeviceTailSuggest recorded 2 samples, mean = 21.0 (flags = 0x1)
0   ... 
4   -O                                                                        (1 = 50.0%) {0.0%}
5   ... 
32  -O                                                                        (1 = 50.0%) {50.0%}
41  ... 

Histogram: OptimizationGuide.PredictionManager.RegistrationTimeSinceServiceInit.OmniboxUrlScoring recorded 2 samples, mean = 21.0 (flags = 0x1)
0   ... 
4   -O                                                                        (1 = 50.0%) {0.0%}
5   ... 
32  -O                                                                        (1 = 50.0%) {50.0%}
41  ... 

Histogram: OptimizationGuide.PredictionManager.RegistrationTimeSinceServiceInit.PageTopicsV2 recorded 1 samples, mean = 11.0 (flags = 0x1)
0   ... 
10  -O                                                                        (1 = 100.0%) {0.0%}
13  ... 

Histogram: OptimizationGuide.PredictionManager.RegistrationTimeSinceServiceInit.PageVisibility recorded 1 samples, mean = 10.0 (flags = 0x1)
0   ... 
10  -O                                                                        (1 = 100.0%) {0.0%}
13  ... 

Histogram: OptimizationGuide.PredictionManager.RegistrationTimeSinceServiceInit.PassageEmbedder recorded 1 samples, mean = 8.0 (flags = 0x1)
0  ... 
8  -O                                                                        (1 = 100.0%) {0.0%}
10 ... 

Histogram: OptimizationGuide.PredictionManager.RegistrationTimeSinceServiceInit.SegmentationChromeLowUserEngagement recorded 1 samples, mean = 647.0 (flags = 0x1)
0    ... 
574  -O                                                                        (1 = 100.0%) {0.0%}
729  ... 

Histogram: OptimizationGuide.PredictionManager.RegistrationTimeSinceServiceInit.SegmentationComposePromotion recorded 1 samples, mean = 647.0 (flags = 0x1)
0    ... 
574  -O                                                                        (1 = 100.0%) {0.0%}
729  ... 

Histogram: OptimizationGuide.PredictionManager.RegistrationTimeSinceServiceInit.SegmentationDeviceSwitcher recorded 1 samples, mean = 647.0 (flags = 0x1)
0    ... 
574  -O                                                                        (1 = 100.0%) {0.0%}
729  ... 

Histogram: OptimizationGuide.PredictionManager.RegistrationTimeSinceServiceInit.SegmentationSearchUser recorded 1 samples, mean = 647.0 (flags = 0x1)
0    ... 
574  -O                                                                        (1 = 100.0%) {0.0%}
729  ... 

Histogram: OptimizationGuide.PredictionManager.RegistrationTimeSinceServiceInit.SegmentationShoppingUser recorded 1 samples, mean = 647.0 (flags = 0x1)
0    ... 
574  -O                                                                        (1 = 100.0%) {0.0%}
729  ... 

Histogram: OptimizationGuide.PredictionManager.RegistrationTimeSinceServiceInit.URLVisitResumptionRanker recorded 1 samples, mean = 647.0 (flags = 0x1)
0    ... 
574  -O                                                                        (1 = 100.0%) {0.0%}
729  ... 

Histogram: OptimizationGuide.PredictionManager.StoreInitialized recorded 1 samples, mean = 1.0
0  O                                                                         (0 = 0.0%)
1  -O                                                                        (1 = 100.0%) {0.0%}
2  O                                                                         (0 = 0.0%) {100.0%}

Histogram: OptimizationGuide.ProcessingComponentAtShutdown recorded 2 samples, mean = 0.0 (flags = 0x1)
0  --O                                                                       (2 = 100.0%)
1  ... 

Histogram: OptimizationGuide.RemoteFetchingEnabled recorded 1 samples, mean = 0.0 (flags = 0x1)
0  -O                                                                        (1 = 100.0%)
1  ... 

Histogram: OriginTrials.PersistentOriginTrial.LevelDbInitSuccess recorded 1 samples, mean = 1.0 (flags = 0x1)
0  O                                                                         (0 = 0.0%)
1  -O                                                                        (1 = 100.0%) {0.0%}
2  O                                                                         (0 = 0.0%) {100.0%}

Histogram: OriginTrials.PersistentOriginTrial.LevelDbLoadSize recorded 1 samples, mean = 0.0 (flags = 0x1)
0  -O                                                                        (1 = 100.0%)
1  ... 

Histogram: OriginTrials.PersistentOriginTrial.LevelDbLoadSuccess recorded 1 samples, mean = 1.0 (flags = 0x1)
0  O                                                                         (0 = 0.0%)
1  -O                                                                        (1 = 100.0%) {0.0%}
2  O                                                                         (0 = 0.0%) {100.0%}

Histogram: OriginTrials.PersistentOriginTrial.LevelDbLoadTime recorded 1 samples, mean = 627.0 (flags = 0x1)
0    ... 
533  -O                                                                        (1 = 100.0%) {0.0%}
633  ... 

Histogram: OriginTrials.PersistentOriginTrial.OriginLookupsBeforeDbLoad recorded 1 samples, mean = 1.0 (flags = 0x1)
0  O                                                                         (0 = 0.0%)
1  -O                                                                        (1 = 100.0%) {0.0%}
2  ... 

Histogram: OriginTrials.PersistentOriginTrial.OriginsAddedBeforeDbLoad recorded 1 samples, mean = 0.0 (flags = 0x1)
0  -O                                                                        (1 = 100.0%)
1  ... 

Histogram: PageActionController.ActionTypeShown2 recorded 1 samples, mean = 20.0 (flags = 0x1)
0   ... 
20  -O                                                                        (1 = 100.0%) {0.0%}
21  ... 

Histogram: PageActionController.Icon.CTR2 recorded 1 samples, mean = 0.0 (flags = 0x1)
0  -O                                                                        (1 = 100.0%)
1  ... 

Histogram: PageActionController.NumberActionsShown2 recorded 4 samples, mean = 0.0 (flags = 0x1)
0  ----O                                                                     (4 = 100.0%)
1  ... 

Histogram: PageActionController.NumberActionsShown3 recorded 2 samples, mean = 1.0 (flags = 0x1)
0  O                                                                         (0 = 0.0%)
1  --O                                                                       (2 = 100.0%) {0.0%}
2  ... 

Histogram: PageActionController.PagesWithActionsShown2 recorded 4 samples, mean = 0.0 (flags = 0x1)
0  ----O                                                                     (4 = 100.0%)
1  ... 

Histogram: PageActionController.PagesWithActionsShown3 recorded 2 samples, mean = 0.5 (flags = 0x1)
0  -O                                                                        (1 = 50.0%)
1  -O                                                                        (1 = 50.0%) {50.0%}
2  ... 

Histogram: PageActionController.Translate.Icon.CTR2 recorded 1 samples, mean = 0.0 (flags = 0x1)
0  -O                                                                        (1 = 100.0%)
1  ... 

Histogram: PageContentAnnotations.AnnotateVisit.AnnotationRequestQueued recorded 1 samples, mean = 1.0
0  O                                                                         (0 = 0.0%)
1  -O                                                                        (1 = 100.0%) {0.0%}
2  O                                                                         (0 = 0.0%) {100.0%}

Histogram: PageContentAnnotations.AnnotateVisit.AnnotationRequested recorded 1 samples, mean = 1.0
0  O                                                                         (0 = 0.0%)
1  -O                                                                        (1 = 100.0%) {0.0%}
2  O                                                                         (0 = 0.0%) {100.0%}

Histogram: PageLoad.Clients.Ads.AllPages.NonAdNetworkBytes recorded 1 samples, mean = 386.0 (flags = 0x1)
0    ... 
313  -O                                                                        (1 = 100.0%) {0.0%}
408  ... 

Histogram: PageLoad.Clients.Ads.AllPages.PercentNetworkBytesAds recorded 1 samples, mean = 0.0 (flags = 0x1)
0  -O                                                                        (1 = 100.0%)
1  ... 

Histogram: PageLoad.Clients.Ads.AllPages.PercentTotalBytesAds recorded 1 samples, mean = 0.0 (flags = 0x1)
0  -O                                                                        (1 = 100.0%)
1  ... 

Histogram: PageLoad.Clients.Ads.AverageViewportAdDensity recorded 1 samples, mean = 0.0 (flags = 0x1)
0  -O                                                                        (1 = 100.0%)
1  ... 

Histogram: PageLoad.Clients.Ads.FrameCounts.AdFrames.Total recorded 1 samples, mean = 0.0 (flags = 0x1)
0  -O                                                                        (1 = 100.0%)
1  ... 

Histogram: PageLoad.Clients.Ads.NonVisible.FrameCounts.AdFrames.Total recorded 1 samples, mean = 0.0 (flags = 0x1)
0  -O                                                                        (1 = 100.0%)
1  ... 

Histogram: PageLoad.Clients.Ads.Visible.FrameCounts.AdFrames.Total recorded 1 samples, mean = 0.0 (flags = 0x1)
0  -O                                                                        (1 = 100.0%)
1  ... 

Histogram: PageLoad.Clients.CrossOrigin.FirstContentfulPaint recorded 1 samples, mean = 947.0 (flags = 0x1)
0    ... 
885  -O                                                                        (1 = 100.0%) {0.0%}
990  ... 

Histogram: PageLoad.Clients.CrossOrigin.LayoutInstability.CumulativeShiftScore recorded 1 samples, mean = 0.0 (flags = 0x1)
0  -O                                                                        (1 = 100.0%)
1  ... 

Histogram: PageLoad.Clients.CrossOrigin.LayoutInstability.CumulativeShiftScore.MainFrame recorded 1 samples, mean = 0.0 (flags = 0x1)
0  -O                                                                        (1 = 100.0%)
1  ... 

Histogram: PageLoad.Clients.GoogleSearch.IsFirstNavigationForGWS recorded 1 samples, mean = 0.0 (flags = 0x1)
0  -O                                                                        (1 = 100.0%)
1  ... 

Histogram: PageLoad.Clients.Leakage2.NavigationStart recorded 1 samples, mean = 451.0 (flags = 0x1)
0    ... 
451  -O                                                                        (1 = 100.0%) {0.0%}
505  ... 

Histogram: PageLoad.Clients.Leakage2.NavigationStartToCommitReceived recorded 1 samples, mean = 434.0 (flags = 0x1)
0    ... 
403  -O                                                                        (1 = 100.0%) {0.0%}
451  ... 

Histogram: PageLoad.Clients.Leakage2.NavigationStartToCommitReplySent recorded 1 samples, mean = 438.0 (flags = 0x1)
0    ... 
403  -O                                                                        (1 = 100.0%) {0.0%}
451  ... 

Histogram: PageLoad.Clients.Leakage2.NavigationStartToCommitSent recorded 1 samples, mean = 433.0 (flags = 0x1)
0    ... 
403  -O                                                                        (1 = 100.0%) {0.0%}
451  ... 

Histogram: PageLoad.Clients.Leakage2.NavigationStartToDOMContentLoaded recorded 1 samples, mean = 1017.0 (flags = 0x1)
0    ... 
990  -O                                                                        (1 = 100.0%) {0.0%}
1108 ... 

Histogram: PageLoad.Clients.Leakage2.NavigationStartToDidCommit recorded 1 samples, mean = 450.0 (flags = 0x1)
0    ... 
403  -O                                                                        (1 = 100.0%) {0.0%}
451  ... 

Histogram: PageLoad.Clients.Leakage2.NavigationStartToFirstContentfulPaint recorded 1 samples, mean = 947.0 (flags = 0x1)
0    ... 
885  -O                                                                        (1 = 100.0%) {0.0%}
990  ... 

Histogram: PageLoad.Clients.Leakage2.NavigationStartToLoaderStart recorded 1 samples, mean = 6.0 (flags = 0x1)
0  -O                                                                        (1 = 100.0%)
10 ... 

Histogram: PageLoad.Clients.Leakage2.NavigationStartToNonRedirectResponseLoaderCallback recorded 1 samples, mean = 430.0 (flags = 0x1)
0    ... 
403  -O                                                                        (1 = 100.0%) {0.0%}
451  ... 

Histogram: PageLoad.Clients.Leakage2.NavigationStartToNonRedirectResponseStart recorded 1 samples, mean = 160.0 (flags = 0x1)
0    ... 
147  -O                                                                        (1 = 100.0%) {0.0%}
164  ... 

Histogram: PageLoad.Clients.Leakage2.NavigationStartToNonRedirectedRequestStart recorded 1 samples, mean = 119.0 (flags = 0x1)
0    ... 
117  -O                                                                        (1 = 100.0%) {0.0%}
131  ... 

Histogram: PageLoad.Clients.Leakage2.NavigationStartToParseStart recorded 1 samples, mean = 440.0 (flags = 0x1)
0    ... 
403  -O                                                                        (1 = 100.0%) {0.0%}
451  ... 

Histogram: PageLoad.Clients.Leakage2.RendererProcessCreatedBeforeNav recorded 1 samples, mean = 1.0 (flags = 0x1)
0  O                                                                         (0 = 0.0%)
1  -O                                                                        (1 = 100.0%) {0.0%}
2  O                                                                         (0 = 0.0%) {100.0%}

Histogram: PageLoad.Clients.MultiTabLoading.WithTabCount_1.DocumentTiming.NavigationToDOMContentLoadedEventFired recorded 1 samples, mean = 1017.0 (flags = 0x1)
0    ... 
990  -O                                                                        (1 = 100.0%) {0.0%}
1108 ... 

Histogram: PageLoad.Clients.MultiTabLoading.WithTabCount_1.PaintTiming.NavigationToFirstContentfulPaint recorded 1 samples, mean = 947.0 (flags = 0x1)
0    ... 
885  -O                                                                        (1 = 100.0%) {0.0%}
990  ... 

Histogram: PageLoad.Clients.MultiTabLoading.With_0_OtherLoading.DocumentTiming.NavigationToDOMContentLoadedEventFired recorded 1 samples, mean = 1017.0 (flags = 0x1)
0    ... 
990  -O                                                                        (1 = 100.0%) {0.0%}
1108 ... 

Histogram: PageLoad.Clients.MultiTabLoading.With_0_OtherLoading.PaintTiming.NavigationToFirstContentfulPaint recorded 1 samples, mean = 947.0 (flags = 0x1)
0    ... 
885  -O                                                                        (1 = 100.0%) {0.0%}
990  ... 

Histogram: PageLoad.Clients.NavigationToFirstContentfulPaint.Timeout3 recorded 1 samples, mean = 0.0 (flags = 0x1)
0  -O                                                                        (1 = 100.0%)
1  ... 

Histogram: PageLoad.Clients.PerformanceManager.NavigationWithoutLoadedIdle recorded 1 samples, mean = 1415.0 (flags = 0x1)
0     ... 
1177  -O                                                                        (1 = 100.0%) {0.0%}
1496  ... 

Histogram: PageLoad.Clients.PerformanceManager.NavigationWithoutLoadedIdle.Foreground recorded 1 samples, mean = 1415.0 (flags = 0x1)
0     ... 
1177  -O                                                                        (1 = 100.0%) {0.0%}
1496  ... 

Histogram: PageLoad.Clients.Protocol.H2.DocumentTiming.NavigationToDOMContentLoadedEventFired recorded 1 samples, mean = 1017.0 (flags = 0x1)
0    ... 
990  -O                                                                        (1 = 100.0%) {0.0%}
1108 ... 

Histogram: PageLoad.Clients.Protocol.H2.PaintTiming.NavigationToFirstContentfulPaint recorded 1 samples, mean = 947.0 (flags = 0x1)
0    ... 
885  -O                                                                        (1 = 100.0%) {0.0%}
990  ... 

Histogram: PageLoad.Clients.Protocol.H2.PaintTiming.ParseStartToFirstContentfulPaint recorded 1 samples, mean = 507.0 (flags = 0x1)
0    ... 
505  -O                                                                        (1 = 100.0%) {0.0%}
565  ... 

Histogram: PageLoad.Clients.Protocol.H2.ParseTiming.NavigationToParseStart recorded 1 samples, mean = 440.0 (flags = 0x1)
0    ... 
403  -O                                                                        (1 = 100.0%) {0.0%}
451  ... 

Histogram: PageLoad.Clients.Scheme.HTTPS.PaintTiming.NavigationToFirstContentfulPaint recorded 1 samples, mean = 947.0 (flags = 0x1)
0    ... 
885  -O                                                                        (1 = 100.0%) {0.0%}
990  ... 

Histogram: PageLoad.Clients.Scheme.HTTPS.PaintTiming.ParseStartToFirstContentfulPaint recorded 1 samples, mean = 507.0 (flags = 0x1)
0    ... 
505  -O                                                                        (1 = 100.0%) {0.0%}
565  ... 

Histogram: PageLoad.Clients.Scheme.HTTPS.ParseTiming.NavigationToParseStart recorded 1 samples, mean = 440.0 (flags = 0x1)
0    ... 
403  -O                                                                        (1 = 100.0%) {0.0%}
451  ... 

Histogram: PageLoad.Clients.SubresourceLoading.HasPreviousVisitToOrigin recorded 1 samples, mean = 0.0
0  -O                                                                        (1 = 100.0%)
1  ... 

Histogram: PageLoad.Clients.ThirdParty.Origins.CookieRead2 recorded 1 samples, mean = 0.0 (flags = 0x1)
0  -O                                                                        (1 = 100.0%)
1  ... 

Histogram: PageLoad.CommittedPageIsDseSerp recorded 1 samples, mean = 0.0 (flags = 0x1)
0  -O                                                                        (1 = 100.0%)
1  ... 

Histogram: PageLoad.ConnectTiming.FirstRequestConnectDelay recorded 1 samples, mean = 107.0 (flags = 0x1)
0    ... 
105  -O                                                                        (1 = 100.0%) {0.0%}
117  ... 

Histogram: PageLoad.ConnectTiming.FirstRequestDomainLookupDelay recorded 1 samples, mean = 0.0 (flags = 0x1)
0  -O                                                                        (1 = 100.0%)
10 ... 

Histogram: PageLoad.ConnectTiming.FirstRequestSslDelay recorded 1 samples, mean = 63.0 (flags = 0x1)
0   ... 
60  -O                                                                        (1 = 100.0%) {0.0%}
67  ... 

Histogram: PageLoad.Cpu.TotalUsage recorded 1 samples, mean = 267.0 (flags = 0x1)
0    ... 
257  -O                                                                        (1 = 100.0%) {0.0%}
288  ... 

Histogram: PageLoad.Cpu.TotalUsageForegrounded recorded 1 samples, mean = 267.0 (flags = 0x1)
0    ... 
257  -O                                                                        (1 = 100.0%) {0.0%}
288  ... 

Histogram: PageLoad.DocumentTiming.ActualNavigationStartToDOMContentLoadedEventFired recorded 1 samples, mean = 1027.0 (flags = 0x1)
0    ... 
941  -O                                                                        (1 = 100.0%) {0.0%}
1065 ... 

Histogram: PageLoad.DocumentTiming.NavigationToDOMContentLoadedEventFired recorded 1 samples, mean = 1017.0 (flags = 0x1)
0    ... 
990  -O                                                                        (1 = 100.0%) {0.0%}
1108 ... 

Histogram: PageLoad.DocumentTiming.ParseStartToDOMContentLoadedEventFired recorded 1 samples, mean = 577.0 (flags = 0x1)
0    ... 
572  -O                                                                        (1 = 100.0%) {0.0%}
648  ... 

Histogram: PageLoad.Experimental.InputTiming.InputToNavigationStart.Coverage.WithoutUserGesture.BrowserInitiated recorded 1 samples, mean = 0.0 (flags = 0x1)
0  -O                                                                        (1 = 100.0%)
1  ... 

Histogram: PageLoad.Experimental.NavigationTiming.FinalLoaderCallbackToNavigationCommitSent recorded 1 samples, mean = 3.0 (flags = 0x1)
0  -O                                                                        (1 = 100.0%)
10 ... 

Histogram: PageLoad.Experimental.NavigationTiming.FinalRequestStartToFinalResponseStart recorded 1 samples, mean = 40.0 (flags = 0x1)
0   ... 
38  -O                                                                        (1 = 100.0%) {0.0%}
43  ... 

Histogram: PageLoad.Experimental.NavigationTiming.FinalResponseStartToFinalLoaderCallback recorded 1 samples, mean = 270.0 (flags = 0x1)
0    ... 
257  -O                                                                        (1 = 100.0%) {0.0%}
288  ... 

Histogram: PageLoad.Experimental.NavigationTiming.FirstRequestStartToFirstResponseStart recorded 1 samples, mean = 40.0 (flags = 0x1)
0   ... 
38  -O                                                                        (1 = 100.0%) {0.0%}
43  ... 

Histogram: PageLoad.Experimental.NavigationTiming.FirstResponseStartToFirstLoaderCallback recorded 1 samples, mean = 270.0 (flags = 0x1)
0    ... 
257  -O                                                                        (1 = 100.0%) {0.0%}
288  ... 

Histogram: PageLoad.Experimental.NavigationTiming.NavigationStartToFinalLoaderCallback recorded 1 samples, mean = 430.0 (flags = 0x1)
0    ... 
403  -O                                                                        (1 = 100.0%) {0.0%}
451  ... 

Histogram: PageLoad.Experimental.NavigationTiming.NavigationStartToFinalResponseStart recorded 1 samples, mean = 160.0 (flags = 0x1)
0    ... 
147  -O                                                                        (1 = 100.0%) {0.0%}
164  ... 

Histogram: PageLoad.Experimental.NavigationTiming.NavigationStartToFirstLoaderCallback recorded 1 samples, mean = 430.0 (flags = 0x1)
0    ... 
403  -O                                                                        (1 = 100.0%) {0.0%}
451  ... 

Histogram: PageLoad.Experimental.NavigationTiming.NavigationStartToFirstRequestStart recorded 1 samples, mean = 119.0 (flags = 0x1)
0    ... 
117  -O                                                                        (1 = 100.0%) {0.0%}
131  ... 

Histogram: PageLoad.Experimental.NavigationTiming.NavigationStartToFirstResponseStart recorded 1 samples, mean = 160.0 (flags = 0x1)
0    ... 
147  -O                                                                        (1 = 100.0%) {0.0%}
164  ... 

Histogram: PageLoad.Experimental.NavigationTiming.NavigationStartToNavigationCommitSent recorded 1 samples, mean = 433.0 (flags = 0x1)
0    ... 
403  -O                                                                        (1 = 100.0%) {0.0%}
451  ... 

Histogram: PageLoad.Experimental.PageTiming.CommitSentToFirstSubresourceLoadStart recorded 1 samples, mean = 21.0 (flags = 0x1)
0   ... 
21  -O                                                                        (1 = 100.0%) {0.0%}
24  ... 

Histogram: PageLoad.Experimental.PageTiming.NavigationToFirstSubresourceLoadStart recorded 1 samples, mean = 455.0 (flags = 0x1)
0    ... 
451  -O                                                                        (1 = 100.0%) {0.0%}
505  ... 

Histogram: PageLoad.Experimental.PageTiming.ResourceLoadTime.document recorded 1 samples, mean = 418.0 (flags = 0x1)
0    ... 
356  -O                                                                        (1 = 100.0%) {0.0%}
452  ... 

Histogram: PageLoad.Experimental.PageTiming.ResourceLoadTime.font recorded 6 samples, mean = 172.3 (flags = 0x1)
0    ... 
66   --O                                                                       (2 = 33.3%) {0.0%}
84   ... 
173  ---O                                                                      (3 = 50.0%) {33.3%}
220  -O                                                                        (1 = 16.7%) {83.3%}
280  ... 

Histogram: PageLoad.Experimental.PageTiming.ResourceLoadTime.image recorded 1 samples, mean = 60.0 (flags = 0x1)
0   ... 
52  -O                                                                        (1 = 100.0%) {0.0%}
66  ... 

Histogram: PageLoad.Experimental.PageTiming.ResourceLoadTime.script recorded 10 samples, mean = 248.3 (flags = 0x1)
0    ... 
173  ---O                                                                      (3 = 30.0%) {0.0%}
220  ------O                                                                   (6 = 60.0%) {30.0%}
280  -O                                                                        (1 = 10.0%) {90.0%}
356  ... 

Histogram: PageLoad.Experimental.PageTiming.ResourceLoadTime.style recorded 3 samples, mean = 178.3 (flags = 0x1)
0    ... 
173  ---O                                                                      (3 = 100.0%) {0.0%}
220  ... 

Histogram: PageLoad.Experimental.PageVisitFinalStatus recorded 1 samples, mean = 2.0 (flags = 0x1)
0  ... 
2  -O                                                                        (1 = 100.0%) {0.0%}
3  O                                                                         (0 = 0.0%) {100.0%}

Histogram: PageLoad.Experimental.SoftNavigations.Count recorded 1 samples, mean = 0.0 (flags = 0x1)
0  -O                                                                        (1 = 100.0%)
1  ... 

Histogram: PageLoad.Experimental.TotalForegroundDuration recorded 1 samples, mean = 1415.0 (flags = 0x1)
0     ... 
1261  -O                                                                        (1 = 100.0%) {0.0%}
1437  ... 

Histogram: PageLoad.Internal.ErrorCode recorded 2 samples, mean = 1.0 (flags = 0x1)
0  O                                                                         (0 = 0.0%)
1  --O                                                                       (2 = 100.0%) {0.0%}
2  ... 

Histogram: PageLoad.Internal.PageLoadTimingStatus recorded 7 samples, mean = 0.0 (flags = 0x1)
0  -------O                                                                  (7 = 100.0%)
1  ... 

Histogram: PageLoad.Internal.PageLoadTimingStatus.AtTimingCallbackDispatch recorded 2 samples, mean = 0.0 (flags = 0x1)
0  --O                                                                       (2 = 100.0%)
1  ... 

Histogram: PageLoad.Internal.PaintTiming.NavigationToFirstContentfulPaint.InitiatingProcess recorded 1 samples, mean = 2.0 (flags = 0x1)
0  ... 
2  -O                                                                        (1 = 100.0%) {0.0%}
3  ... 

Histogram: PageLoad.LayoutInstability.CumulativeShiftScore recorded 1 samples, mean = 0.0 (flags = 0x1)
0  -O                                                                        (1 = 100.0%)
1  ... 

Histogram: PageLoad.LayoutInstability.MaxCumulativeShiftScore.SessionWindow.Gap1000ms.Max5000ms2 recorded 1 samples, mean = 0.0 (flags = 0x1)
0  -O                                                                        (1 = 100.0%)
1  ... 

Histogram: PageLoad.NavigationTiming.ActualNavigationStartToNavigationCommitSent recorded 1 samples, mean = 444.0 (flags = 0x1)
0    ... 
394  -O                                                                        (1 = 100.0%) {0.0%}
446  ... 

Histogram: PageLoad.NavigationTiming.ActualNavigationStartToNavigationStart recorded 1 samples, mean = 10.0 (flags = 0x1)
0   ... 
10  -O                                                                        (1 = 100.0%) {0.0%}
11  ... 

Histogram: PageLoad.NavigationTiming.NavigationCommitSentToParseStart recorded 1 samples, mean = 6.0 (flags = 0x1)
0  ... 
6  -O                                                                        (1 = 100.0%) {0.0%}
7  ... 

Histogram: PageLoad.PageTiming.ForegroundDuration recorded 1 samples, mean = 1415.0 (flags = 0x1)
0     ... 
1261  -O                                                                        (1 = 100.0%) {0.0%}
1437  ... 

Histogram: PageLoad.PageTiming.ForegroundDuration.AfterPaint recorded 1 samples, mean = 468.0 (flags = 0x1)
0    ... 
444  -O                                                                        (1 = 100.0%) {0.0%}
506  ... 

Histogram: PageLoad.PageTiming.ForegroundDuration.WithPaint recorded 1 samples, mean = 1415.0 (flags = 0x1)
0     ... 
1261  -O                                                                        (1 = 100.0%) {0.0%}
1437  ... 

Histogram: PageLoad.PaidContent.State recorded 1 samples, mean = 2.0 (flags = 0x1)
0  ... 
2  -O                                                                        (1 = 100.0%) {0.0%}
3  O                                                                         (0 = 0.0%) {100.0%}

Histogram: PageLoad.PaintTiming.ActualNavigationStartToFirstContentfulPaint recorded 1 samples, mean = 957.0 (flags = 0x1)
0    ... 
941  -O                                                                        (1 = 100.0%) {0.0%}
1065 ... 

Histogram: PageLoad.PaintTiming.NavigationToFirstContentfulPaint recorded 1 samples, mean = 947.0 (flags = 0x1)
0    ... 
885  -O                                                                        (1 = 100.0%) {0.0%}
990  ... 

Histogram: PageLoad.PaintTiming.NavigationToFirstContentfulPaint.ExcludeReloadAfterDiscard recorded 1 samples, mean = 947.0 (flags = 0x1)
0    ... 
885  -O                                                                        (1 = 100.0%) {0.0%}
990  ... 

Histogram: PageLoad.PaintTiming.NavigationToFirstContentfulPaint.LoadType.NewNavigation recorded 1 samples, mean = 947.0 (flags = 0x1)
0    ... 
885  -O                                                                        (1 = 100.0%) {0.0%}
990  ... 

Histogram: PageLoad.PaintTiming.NavigationToFirstContentfulPaint.NoStore recorded 1 samples, mean = 947.0 (flags = 0x1)
0    ... 
885  -O                                                                        (1 = 100.0%) {0.0%}
990  ... 

Histogram: PageLoad.PaintTiming.NavigationToFirstContentfulPaint.UserInitiated recorded 1 samples, mean = 947.0 (flags = 0x1)
0    ... 
885  -O                                                                        (1 = 100.0%) {0.0%}
990  ... 

Histogram: PageLoad.PaintTiming.NavigationToFirstImagePaint recorded 1 samples, mean = 982.0 (flags = 0x1)
0    ... 
885  -O                                                                        (1 = 100.0%) {0.0%}
990  ... 

Histogram: PageLoad.PaintTiming.NavigationToFirstPaint recorded 1 samples, mean = 947.0 (flags = 0x1)
0    ... 
885  -O                                                                        (1 = 100.0%) {0.0%}
990  ... 

Histogram: PageLoad.PaintTiming.ParseStartToFirstContentfulPaint recorded 1 samples, mean = 507.0 (flags = 0x1)
0    ... 
505  -O                                                                        (1 = 100.0%) {0.0%}
565  ... 

Histogram: PageLoad.ParseTiming.ActualNavigationStartToParseStart recorded 1 samples, mean = 450.0 (flags = 0x1)
0    ... 
446  -O                                                                        (1 = 100.0%) {0.0%}
505  ... 

Histogram: PageLoad.ParseTiming.NavigationToParseStart recorded 1 samples, mean = 440.0 (flags = 0x1)
0    ... 
403  -O                                                                        (1 = 100.0%) {0.0%}
451  ... 

Histogram: PageLoad.ParseTiming.NavigationToParseStart.LoadType.NewNavigation recorded 1 samples, mean = 440.0 (flags = 0x1)
0    ... 
403  -O                                                                        (1 = 100.0%) {0.0%}
451  ... 

Histogram: PasswordManager.AffiliationDatabase.DatabaseSize recorded 1 samples, mean = 52.0 (flags = 0x1)
0  -O                                                                        (1 = 100.0%)
1000... 

Histogram: PasswordManager.GetAllLoginsWithAffiliationAndBrandingInformation.TimeSinceInit recorded 2 samples, mean = 250.0 (flags = 0x1)
0    ... 
220  --O                                                                       (2 = 100.0%) {0.0%}
280  ... 

Histogram: PasswordManager.GetAutofillableLogins.TimeSinceInit recorded 4 samples, mean = 250.0 (flags = 0x1)
0    ... 
220  ----O                                                                     (4 = 100.0%) {0.0%}
280  ... 

Histogram: PasswordManager.LoginDatabaseInit2 recorded 2 samples, mean = 0.0 (flags = 0x1)
0  --O                                                                       (2 = 100.0%)
1  ... 

Histogram: PasswordManager.OsCryptAsync.GetInstanceTime recorded 2 samples, mean = 0.0 (flags = 0x1)
0  --O                                                                       (2 = 100.0%)
1  ... 

Histogram: PasswordManager.PasswordStore.InitTime recorded 2 samples, mean = 250.0 (flags = 0x1)
0    ... 
226  --O                                                                       (2 = 100.0%) {0.0%}
268  ... 

Histogram: PasswordManager.PasswordStoreBackend.GetAllLoginsAsync recorded 4 samples, mean = 1.0 (flags = 0x1)
0  --O                                                                       (2 = 50.0%)
1  O                                                                         (0 = 0.0%) {50.0%}
2  --O                                                                       (2 = 50.0%) {50.0%}
3  ... 

Histogram: PasswordManager.PasswordStoreBackend.GetAllLoginsAsync.Latency recorded 2 samples, mean = 24.0 (flags = 0x1)
0   ... 
20  -O                                                                        (1 = 50.0%) {0.0%}
25  -O                                                                        (1 = 50.0%) {50.0%}
32  ... 

Histogram: PasswordManager.PasswordStoreBackend.GetAllLoginsAsync.Success recorded 2 samples, mean = 1.0 (flags = 0x1)
0  O                                                                         (0 = 0.0%)
1  --O                                                                       (2 = 100.0%) {0.0%}
2  O                                                                         (0 = 0.0%) {100.0%}

Histogram: PasswordManager.PasswordStoreBackend.GetAutofillableLoginsAsync recorded 8 samples, mean = 1.0 (flags = 0x1)
0  ----O                                                                     (4 = 50.0%)
1  O                                                                         (0 = 0.0%) {50.0%}
2  ----O                                                                     (4 = 50.0%) {50.0%}
3  ... 

Histogram: PasswordManager.PasswordStoreBackend.GetAutofillableLoginsAsync.Latency recorded 4 samples, mean = 24.0 (flags = 0x1)
0   ... 
20  --O                                                                       (2 = 50.0%) {0.0%}
25  --O                                                                       (2 = 50.0%) {50.0%}
32  ... 

Histogram: PasswordManager.PasswordStoreBackend.GetAutofillableLoginsAsync.Success recorded 4 samples, mean = 1.0 (flags = 0x1)
0  O                                                                         (0 = 0.0%)
1  ----O                                                                     (4 = 100.0%) {0.0%}
2  O                                                                         (0 = 0.0%) {100.0%}

Histogram: PasswordManager.PasswordStoreBuiltInBackend.GetAllLoginsAsync recorded 4 samples, mean = 1.0 (flags = 0x1)
0  --O                                                                       (2 = 50.0%)
1  O                                                                         (0 = 0.0%) {50.0%}
2  --O                                                                       (2 = 50.0%) {50.0%}
3  ... 

Histogram: PasswordManager.PasswordStoreBuiltInBackend.GetAllLoginsAsync.Latency recorded 2 samples, mean = 24.0 (flags = 0x1)
0   ... 
20  -O                                                                        (1 = 50.0%) {0.0%}
25  -O                                                                        (1 = 50.0%) {50.0%}
32  ... 

Histogram: PasswordManager.PasswordStoreBuiltInBackend.GetAllLoginsAsync.Success recorded 2 samples, mean = 1.0 (flags = 0x1)
0  O                                                                         (0 = 0.0%)
1  --O                                                                       (2 = 100.0%) {0.0%}
2  O                                                                         (0 = 0.0%) {100.0%}

Histogram: PasswordManager.PasswordStoreBuiltInBackend.GetAutofillableLoginsAsync recorded 8 samples, mean = 1.0 (flags = 0x1)
0  ----O                                                                     (4 = 50.0%)
1  O                                                                         (0 = 0.0%) {50.0%}
2  ----O                                                                     (4 = 50.0%) {50.0%}
3  ... 

Histogram: PasswordManager.PasswordStoreBuiltInBackend.GetAutofillableLoginsAsync.Latency recorded 4 samples, mean = 24.0 (flags = 0x1)
0   ... 
20  --O                                                                       (2 = 50.0%) {0.0%}
25  --O                                                                       (2 = 50.0%) {50.0%}
32  ... 

Histogram: PasswordManager.PasswordStoreBuiltInBackend.GetAutofillableLoginsAsync.Success recorded 4 samples, mean = 1.0 (flags = 0x1)
0  O                                                                         (0 = 0.0%)
1  ----O                                                                     (4 = 100.0%) {0.0%}
2  O                                                                         (0 = 0.0%) {100.0%}

Histogram: PasswordManager.PasswordsGrouping.Time recorded 1 samples, mean = 2.0 (flags = 0x1)
0  ... 
2  -O                                                                        (1 = 100.0%) {0.0%}
3  ... 

Histogram: PasswordManager.ReuseCheck.CheckedPasswords recorded 1 samples, mean = 0.0 (flags = 0x1)
0  -O                                                                        (1 = 100.0%)
1  ... 

Histogram: PasswordManager.ReuseCheck.ReusedPasswords recorded 1 samples, mean = 0.0 (flags = 0x1)
0  -O                                                                        (1 = 100.0%)
1  ... 

Histogram: PasswordManager.ReuseCheck.Time recorded 1 samples, mean = 2.0 (flags = 0x1)
0  ... 
2  -O                                                                        (1 = 100.0%) {0.0%}
3  ... 

Histogram: PasswordManager.SavedGaiaPasswordHashCount2 recorded 1 samples, mean = 0.0 (flags = 0x1)
0  -O                                                                        (1 = 100.0%)
1  ... 

Histogram: PasswordManager.SyncMetadataReadError2 recorded 2 samples, mean = 0.0 (flags = 0x1)
0  --O                                                                       (2 = 100.0%)
1  ... 

Histogram: PasswordManager.WeakCheck.CheckedPasswords recorded 1 samples, mean = 0.0 (flags = 0x1)
0  -O                                                                        (1 = 100.0%)
1  ... 

Histogram: PasswordManager.WeakCheck.Time recorded 1 samples, mean = 2.0 (flags = 0x1)
0  ... 
2  -O                                                                        (1 = 100.0%) {0.0%}
3  ... 

Histogram: PasswordManager.WeakCheck.WeakPasswords recorded 1 samples, mean = 0.0 (flags = 0x1)
0  -O                                                                        (1 = 100.0%)
1  ... 

Histogram: PaymentRequest.IsCanMakePaymentAllowedByPref.Startup recorded 1 samples, mean = 1.0 (flags = 0x1)
0  O                                                                         (0 = 0.0%)
1  -O                                                                        (1 = 100.0%) {0.0%}
2  O                                                                         (0 = 0.0%) {100.0%}

Histogram: PerformanceControls.Intervention.BackgroundTab.Cpu.MessageShownCount recorded 1 samples, mean = 0.0 (flags = 0x1)
0  -O                                                                        (1 = 100.0%)
1  ... 

Histogram: PerformanceControls.Intervention.BackgroundTab.Cpu.RateLimitedCount recorded 1 samples, mean = 0.0 (flags = 0x1)
0  -O                                                                        (1 = 100.0%)
1  ... 

Histogram: PerformanceManager.Discarding.DecisionResult recorded 1 samples, mean = 1.0 (flags = 0x1)
0  O                                                                         (0 = 0.0%)
1  -O                                                                        (1 = 100.0%) {0.0%}
2  ... 

Histogram: PerformanceManager.Discarding.DecisionResult.Urgent recorded 1 samples, mean = 1.0 (flags = 0x1)
0  O                                                                         (0 = 0.0%)
1  -O                                                                        (1 = 100.0%) {0.0%}
2  ... 

Histogram: PerformanceManager.Discarding.HadFormInteraction recorded 1 samples, mean = 0.0 (flags = 0x1)
0  -O                                                                        (1 = 100.0%)
1  ... 

Histogram: PerformanceManager.Discarding.HadUserEdits recorded 1 samples, mean = 0.0 (flags = 0x1)
0  -O                                                                        (1 = 100.0%)
1  ... 

Histogram: PerformanceManager.Discarding.TimeHiddenAtDecision recorded 1 samples, mean = 1682.0 (flags = 0x1)
0     ... 
1606  -O                                                                        (1 = 100.0%) {0.0%}
2035  ... 

Histogram: PerformanceManager.ResourceQueryTime.CPUMeasurementMonitor recorded 1 samples, mean = 3.0 (flags = 0x1)
0  ... 
3  -O                                                                        (1 = 100.0%) {0.0%}
4  ... 

Histogram: PerformanceManager.ResourceQueryTime.MemoryMeasurementProvider recorded 1 samples, mean = 16.0 (flags = 0x1)
0   ... 
15  -O                                                                        (1 = 100.0%) {0.0%}
21  ... 

Histogram: PerformanceManager.ResourceQueryTime.OnResultsReceived recorded 2 samples, mean = 1.5 (flags = 0x1)
0  -O                                                                        (1 = 50.0%)
1  ... 
3  -O                                                                        (1 = 50.0%) {50.0%}
4  ... 

Histogram: PerformanceManager.ResourceQueryTime.RequestResults recorded 2 samples, mean = 89975.5 (flags = 0x1)
0       ... 
29      -O                                                                        (1 = 50.0%) {0.0%}
40      ... 
141691  -O                                                                        (1 = 50.0%) {50.0%}
196583  ... 

Histogram: PerformanceManager.TabRevisitTracker.TimeToRevisit2 recorded 1 samples, mean = 0.0 (flags = 0x1)
0  -O                                                                        (1 = 100.0%)
1  ... 

Histogram: PerformanceManager.UserTuning.BatterySaverModeEnabledPercent recorded 1 samples, mean = 0.0 (flags = 0x1)
0  -O                                                                        (1 = 100.0%)
1  ... 

Histogram: PerformanceManager.UserTuning.MemorySaverModeEnabledPercent recorded 1 samples, mean = 0.0 (flags = 0x1)
0  -O                                                                        (1 = 100.0%)
1  ... 

Histogram: PerformanceMonitor.HasPreciseCPUUsage recorded 9 samples, mean = 1.0 (flags = 0x1)
0  O                                                                         (0 = 0.0%)
1  ---------O                                                                (9 = 100.0%) {0.0%}
2  O                                                                         (0 = 0.0%) {100.0%}

Histogram: Permissions.Experimental.PrimaryMainNavigationFinished.AudioCapture.TopLevelHeaderPolicy recorded 2 samples, mean = 2.5 (flags = 0x1)
0  -O                                                                        (1 = 50.0%)
1  ... 
5  -O                                                                        (1 = 50.0%) {50.0%}
6  O                                                                         (0 = 0.0%) {100.0%}

Histogram: Permissions.Experimental.PrimaryMainNavigationFinished.Geolocation.TopLevelHeaderPolicy recorded 2 samples, mean = 2.5 (flags = 0x1)
0  -O                                                                        (1 = 50.0%)
1  ... 
5  -O                                                                        (1 = 50.0%) {50.0%}
6  O                                                                         (0 = 0.0%) {100.0%}

Histogram: Permissions.Experimental.PrimaryMainNavigationFinished.VideoCapture.TopLevelHeaderPolicy recorded 2 samples, mean = 1.0 (flags = 0x1)
0  -O                                                                        (1 = 50.0%)
1  O                                                                         (0 = 0.0%) {50.0%}
2  -O                                                                        (1 = 50.0%) {50.0%}
3  ... 

Histogram: Permissions.Experimental.Usage.AudioCapture.IsBlockedDueToActuation recorded 5 samples, mean = 0.0 (flags = 0x1)
0  -----O                                                                    (5 = 100.0%)
1  ... 

Histogram: Permissions.Experimental.Usage.BackgroundSync.IsBlockedDueToActuation recorded 2 samples, mean = 0.0 (flags = 0x1)
0  --O                                                                       (2 = 100.0%)
1  ... 

Histogram: Permissions.Experimental.Usage.Geolocation.IsBlockedDueToActuation recorded 5 samples, mean = 0.0 (flags = 0x1)
0  -----O                                                                    (5 = 100.0%)
1  ... 

Histogram: Permissions.Experimental.Usage.Notifications.IsBlockedDueToActuation recorded 12 samples, mean = 0.0 (flags = 0x1)
0  ------------O                                                             (12 = 100.0%)
1  ... 

Histogram: Permissions.Experimental.Usage.VideoCapture.IsBlockedDueToActuation recorded 6 samples, mean = 0.0 (flags = 0x1)
0  ------O                                                                   (6 = 100.0%)
1  ... 

Histogram: Permissions.Experimental.Usage.WebAppInstallation.IsBlockedDueToActuation recorded 6 samples, mean = 0.0 (flags = 0x1)
0  ------O                                                                   (6 = 100.0%)
1  ... 

Histogram: Platform.IntelMaxMicroArchitecture recorded 1 samples, mean = 7.0 (flags = 0x1)
0  ... 
7  -O                                                                        (1 = 100.0%) {0.0%}
8  ... 

Histogram: Power.DarkMode.DarkColorScheme.InferredDarkPageColorScheme recorded 2 samples, mean = 0.0 (flags = 0x1)
0  --O                                                                       (2 = 100.0%)
1  ... 

Histogram: Power.DarkMode.InferredDarkPageColorScheme recorded 2 samples, mean = 0.0 (flags = 0x1)
0  --O                                                                       (2 = 100.0%)
1  ... 

Histogram: Prefs.JSonStore.SetValueKey recorded 325 samples (flags = 0x1)
1712681     -O                                                                        (1 = 0.3%)
7212632     --O                                                                       (2 = 0.6%)
11877007    -O                                                                        (1 = 0.3%)
13789350    -O                                                                        (1 = 0.3%)
21082293    -O                                                                        (1 = 0.3%)
21974204    -O                                                                        (1 = 0.3%)
26419977    -O                                                                        (1 = 0.3%)
30573267    -O                                                                        (1 = 0.3%)
35350868    -O                                                                        (1 = 0.3%)
48308786    -O                                                                        (1 = 0.3%)
48970665    -O                                                                        (1 = 0.3%)
58852327    -O                                                                        (1 = 0.3%)
63143740    -O                                                                        (1 = 0.3%)
67499933    -O                                                                        (1 = 0.3%)
71261148    -O                                                                        (1 = 0.3%)
78102545    -O                                                                        (1 = 0.3%)
87117049    -O                                                                        (1 = 0.3%)
90579432    -O                                                                        (1 = 0.3%)
96985887    -O                                                                        (1 = 0.3%)
98402640    -O                                                                        (1 = 0.3%)
109604609   -O                                                                        (1 = 0.3%)
114468136   -O                                                                        (1 = 0.3%)
117454545   -O                                                                        (1 = 0.3%)
125828842   -O                                                                        (1 = 0.3%)
141852236   -O                                                                        (1 = 0.3%)
158955843   -O                                                                        (1 = 0.3%)
160553050   -O                                                                        (1 = 0.3%)
162458103   -O                                                                        (1 = 0.3%)
174384190   --O                                                                       (2 = 0.6%)
179465432   -O                                                                        (1 = 0.3%)
186151032   -O                                                                        (1 = 0.3%)
242661357   -O                                                                        (1 = 0.3%)
252196214   -O                                                                        (1 = 0.3%)
257191935   -O                                                                        (1 = 0.3%)
262976443   -O                                                                        (1 = 0.3%)
263038368   -O                                                                        (1 = 0.3%)
263345014   -O                                                                        (1 = 0.3%)
319755574   -O                                                                        (1 = 0.3%)
321757638   -O                                                                        (1 = 0.3%)
331527866   -O                                                                        (1 = 0.3%)
334001693   -O                                                                        (1 = 0.3%)
342617479   -O                                                                        (1 = 0.3%)
372650250   -O                                                                        (1 = 0.3%)
375356597   --O                                                                       (2 = 0.6%)
375959834   -O                                                                        (1 = 0.3%)
380934801   -O                                                                        (1 = 0.3%)
397508730   -O                                                                        (1 = 0.3%)
407473099   -O                                                                        (1 = 0.3%)
418797199   -O                                                                        (1 = 0.3%)
422102490   -O                                                                        (1 = 0.3%)
424104555   -O                                                                        (1 = 0.3%)
433372514   -O                                                                        (1 = 0.3%)
435583371   -O                                                                        (1 = 0.3%)
445925679   -O                                                                        (1 = 0.3%)
461760843   -O                                                                        (1 = 0.3%)
463198118   -O                                                                        (1 = 0.3%)
464476325   -O                                                                        (1 = 0.3%)
466317399   -O                                                                        (1 = 0.3%)
471148032   -O                                                                        (1 = 0.3%)
472412021   -O                                                                        (1 = 0.3%)
481077272   -O                                                                        (1 = 0.3%)
484627004   -O                                                                        (1 = 0.3%)
488892608   -O                                                                        (1 = 0.3%)
493324768   -O                                                                        (1 = 0.3%)
499024108   -O                                                                        (1 = 0.3%)
519030766   -O                                                                        (1 = 0.3%)
527162312   -O                                                                        (1 = 0.3%)
555970183   -O                                                                        (1 = 0.3%)
561944458   --O                                                                       (2 = 0.6%)
572707311   -O                                                                        (1 = 0.3%)
579884491   -O                                                                        (1 = 0.3%)
595699865   -O                                                                        (1 = 0.3%)
597086904   -O                                                                        (1 = 0.3%)
608410936   -O                                                                        (1 = 0.3%)
613173636   -O                                                                        (1 = 0.3%)
613827290   -O                                                                        (1 = 0.3%)
617531793   -O                                                                        (1 = 0.3%)
622353495   -O                                                                        (1 = 0.3%)
627084923   -O                                                                        (1 = 0.3%)
642681645   -O                                                                        (1 = 0.3%)
655095885   -O                                                                        (1 = 0.3%)
666664082   -O                                                                        (1 = 0.3%)
671461121   -O                                                                        (1 = 0.3%)
679539879   -O                                                                        (1 = 0.3%)
683498415   -O                                                                        (1 = 0.3%)
696297815   -O                                                                        (1 = 0.3%)
697323505   -O                                                                        (1 = 0.3%)
705831090   -O                                                                        (1 = 0.3%)
730380737   -O                                                                        (1 = 0.3%)
740991542   -O                                                                        (1 = 0.3%)
749983760   -O                                                                        (1 = 0.3%)
751548493   -O                                                                        (1 = 0.3%)
768896682   -O                                                                        (1 = 0.3%)
770301572   -O                                                                        (1 = 0.3%)
777121523   -O                                                                        (1 = 0.3%)
786116064   -O                                                                        (1 = 0.3%)
794384026   -O                                                                        (1 = 0.3%)
795070778   -O                                                                        (1 = 0.3%)
795245622   -O                                                                        (1 = 0.3%)
802715303   -O                                                                        (1 = 0.3%)
802924577   -O                                                                        (1 = 0.3%)
810792148   -O                                                                        (1 = 0.3%)
816628188   -O                                                                        (1 = 0.3%)
819550135   -O                                                                        (1 = 0.3%)
830521985   -O                                                                        (1 = 0.3%)
844769099   -O                                                                        (1 = 0.3%)
848744689   -O                                                                        (1 = 0.3%)
851023268   -O                                                                        (1 = 0.3%)
852125461   -----O                                                                    (5 = 1.5%)
857791272   -O                                                                        (1 = 0.3%)
864339002   -O                                                                        (1 = 0.3%)
865778887   -O                                                                        (1 = 0.3%)
872344954   -O                                                                        (1 = 0.3%)
872963730   -O                                                                        (1 = 0.3%)
881217658   -O                                                                        (1 = 0.3%)
913260513   -O                                                                        (1 = 0.3%)
921459565   -O                                                                        (1 = 0.3%)
925026084   ---O                                                                      (3 = 0.9%)
943400181   -O                                                                        (1 = 0.3%)
958282039   -O                                                                        (1 = 0.3%)
960545962   -O                                                                        (1 = 0.3%)
962247939   -O                                                                        (1 = 0.3%)
963923282   -O                                                                        (1 = 0.3%)
987246806   -O                                                                        (1 = 0.3%)
991428855   -O                                                                        (1 = 0.3%)
1003532204  -O                                                                        (1 = 0.3%)
1011313312  -O                                                                        (1 = 0.3%)
1012213893  -O                                                                        (1 = 0.3%)
1021467883  -O                                                                        (1 = 0.3%)
1031488582  -O                                                                        (1 = 0.3%)
1033796515  -O                                                                        (1 = 0.3%)
1035736007  -O                                                                        (1 = 0.3%)
1039957397  -O                                                                        (1 = 0.3%)
1045889948  -O                                                                        (1 = 0.3%)
1046477838  -O                                                                        (1 = 0.3%)
1051113028  -O                                                                        (1 = 0.3%)
1054369040  -O                                                                        (1 = 0.3%)
1062610837  -O                                                                        (1 = 0.3%)
1078890699  -O                                                                        (1 = 0.3%)
1081542008  -O                                                                        (1 = 0.3%)
1092315712  -O                                                                        (1 = 0.3%)
1111105469  -O                                                                        (1 = 0.3%)
1118225086  -O                                                                        (1 = 0.3%)
1132730623  -O                                                                        (1 = 0.3%)
1133959830  -O                                                                        (1 = 0.3%)
1134056779  -O                                                                        (1 = 0.3%)
1139831465  -O                                                                        (1 = 0.3%)
1144448705  -O                                                                        (1 = 0.3%)
1146748962  -O                                                                        (1 = 0.3%)
1148371955  -O                                                                        (1 = 0.3%)
1157759408  -O                                                                        (1 = 0.3%)
1164925885  -O                                                                        (1 = 0.3%)
1170093265  -O                                                                        (1 = 0.3%)
1170146864  -O                                                                        (1 = 0.3%)
1186893056  -O                                                                        (1 = 0.3%)
1194755828  -O                                                                        (1 = 0.3%)
1202919152  -O                                                                        (1 = 0.3%)
1204335775  -O                                                                        (1 = 0.3%)
1204513693  -O                                                                        (1 = 0.3%)
1206946240  -O                                                                        (1 = 0.3%)
1207948742  -O                                                                        (1 = 0.3%)
1214492593  -O                                                                        (1 = 0.3%)
1215859080  -O                                                                        (1 = 0.3%)
1217018470  -O                                                                        (1 = 0.3%)
1239042930  -O                                                                        (1 = 0.3%)
1246784996  -O                                                                        (1 = 0.3%)
1250642367  -O                                                                        (1 = 0.3%)
1254057572  --O                                                                       (2 = 0.6%)
1264414433  -O                                                                        (1 = 0.3%)
1269810123  -O                                                                        (1 = 0.3%)
1276459689  -O                                                                        (1 = 0.3%)
1285180254  -O                                                                        (1 = 0.3%)
1294696564  -O                                                                        (1 = 0.3%)
1297436432  -O                                                                        (1 = 0.3%)
1300628586  -O                                                                        (1 = 0.3%)
1301278111  -O                                                                        (1 = 0.3%)
1313086172  -O                                                                        (1 = 0.3%)
1313270070  -O                                                                        (1 = 0.3%)
1321356235  -O                                                                        (1 = 0.3%)
1333612670  -O                                                                        (1 = 0.3%)
1339319477  -O                                                                        (1 = 0.3%)
1343572458  -O                                                                        (1 = 0.3%)
1347268800  -O                                                                        (1 = 0.3%)
1356212544  -O                                                                        (1 = 0.3%)
1377129115  -O                                                                        (1 = 0.3%)
1379540386  -O                                                                        (1 = 0.3%)
1379757714  -O                                                                        (1 = 0.3%)
1391887210  -O                                                                        (1 = 0.3%)
1394409974  -O                                                                        (1 = 0.3%)
1395982606  -O                                                                        (1 = 0.3%)
1396044923  -O                                                                        (1 = 0.3%)
1403974968  -O                                                                        (1 = 0.3%)
1413520755  -O                                                                        (1 = 0.3%)
1436230589  -O                                                                        (1 = 0.3%)
1441835268  -O                                                                        (1 = 0.3%)
1447558635  -O                                                                        (1 = 0.3%)
1449621037  -O                                                                        (1 = 0.3%)
1458079951  -O                                                                        (1 = 0.3%)
1460117349  -O                                                                        (1 = 0.3%)
1465289833  -O                                                                        (1 = 0.3%)
1465879228  -O                                                                        (1 = 0.3%)
1475173162  -O                                                                        (1 = 0.3%)
1497427762  -O                                                                        (1 = 0.3%)
1502249846  -O                                                                        (1 = 0.3%)
1506299170  -O                                                                        (1 = 0.3%)
1509500229  -O                                                                        (1 = 0.3%)
1535918026  -O                                                                        (1 = 0.3%)
1542400596  -O                                                                        (1 = 0.3%)
1545989813  -O                                                                        (1 = 0.3%)
1548031716  -O                                                                        (1 = 0.3%)
1557167617  -O                                                                        (1 = 0.3%)
1565577301  -O                                                                        (1 = 0.3%)
1568695205  -O                                                                        (1 = 0.3%)
1575119942  -O                                                                        (1 = 0.3%)
1590148671  -O                                                                        (1 = 0.3%)
1604139248  -O                                                                        (1 = 0.3%)
1607697931  -O                                                                        (1 = 0.3%)
1624055886  --O                                                                       (2 = 0.6%)
1625953325  -O                                                                        (1 = 0.3%)
1627819528  -O                                                                        (1 = 0.3%)
1628144753  -O                                                                        (1 = 0.3%)
1629392467  -O                                                                        (1 = 0.3%)
1634993303  -O                                                                        (1 = 0.3%)
1637903150  -O                                                                        (1 = 0.3%)
1648221394  -O                                                                        (1 = 0.3%)
1654304277  -O                                                                        (1 = 0.3%)
1664178055  -O                                                                        (1 = 0.3%)
1673724330  -O                                                                        (1 = 0.3%)
1681580510  -O                                                                        (1 = 0.3%)
1692858862  -O                                                                        (1 = 0.3%)
1697165548  -O                                                                        (1 = 0.3%)
1702456600  -O                                                                        (1 = 0.3%)
1703336632  -O                                                                        (1 = 0.3%)
1705059164  -O                                                                        (1 = 0.3%)
1706934116  -O                                                                        (1 = 0.3%)
1722128228  -O                                                                        (1 = 0.3%)
1733430817  -O                                                                        (1 = 0.3%)
1738282091  -O                                                                        (1 = 0.3%)
1749436058  -O                                                                        (1 = 0.3%)
1764284517  -O                                                                        (1 = 0.3%)
1768850504  -O                                                                        (1 = 0.3%)
1771736614  -O                                                                        (1 = 0.3%)
1774207023  -O                                                                        (1 = 0.3%)
1776276358  -O                                                                        (1 = 0.3%)
1791825499  -O                                                                        (1 = 0.3%)
1807713282  -O                                                                        (1 = 0.3%)
1820432981  -O                                                                        (1 = 0.3%)
1825768231  -O                                                                        (1 = 0.3%)
1827806851  -O                                                                        (1 = 0.3%)
1827948588  -O                                                                        (1 = 0.3%)
1828908270  -O                                                                        (1 = 0.3%)
1835174690  -O                                                                        (1 = 0.3%)
1840117079  -O                                                                        (1 = 0.3%)
1844334553  -O                                                                        (1 = 0.3%)
1849411376  -O                                                                        (1 = 0.3%)
1852853695  -O                                                                        (1 = 0.3%)
1858548678  -O                                                                        (1 = 0.3%)
1865358985  -O                                                                        (1 = 0.3%)
1869182481  -O                                                                        (1 = 0.3%)
1871704243  -O                                                                        (1 = 0.3%)
1879695078  -O                                                                        (1 = 0.3%)
1884546623  -O                                                                        (1 = 0.3%)
1886855768  -O                                                                        (1 = 0.3%)
1897359391  -O                                                                        (1 = 0.3%)
1898117986  -O                                                                        (1 = 0.3%)
1898903640  -O                                                                        (1 = 0.3%)
1902767660  -O                                                                        (1 = 0.3%)
1906465156  -O                                                                        (1 = 0.3%)
1906744565  -O                                                                        (1 = 0.3%)
1910938029  -O                                                                        (1 = 0.3%)
1923415074  --O                                                                       (2 = 0.6%)
1923604962  -O                                                                        (1 = 0.3%)
1924400671  -O                                                                        (1 = 0.3%)
1924555831  -O                                                                        (1 = 0.3%)
1924865606  -O                                                                        (1 = 0.3%)
1927273959  --O                                                                       (2 = 0.6%)
1927847838  -O                                                                        (1 = 0.3%)
1934697731  -O                                                                        (1 = 0.3%)
1936820420  --O                                                                       (2 = 0.6%)
1939178542  -O                                                                        (1 = 0.3%)
1946235510  -O                                                                        (1 = 0.3%)
1951969347  -O                                                                        (1 = 0.3%)
1956100443  -O                                                                        (1 = 0.3%)
1965922208  -O                                                                        (1 = 0.3%)
1971738601  -O                                                                        (1 = 0.3%)
1971940901  -O                                                                        (1 = 0.3%)
1982965365  -O                                                                        (1 = 0.3%)
1985461610  -O                                                                        (1 = 0.3%)
1993242959  -O                                                                        (1 = 0.3%)
1994005658  -O                                                                        (1 = 0.3%)
2005681410  -O                                                                        (1 = 0.3%)
2022894957  -O                                                                        (1 = 0.3%)
2032316464  -O                                                                        (1 = 0.3%)
2049316039  -O                                                                        (1 = 0.3%)
2053546720  -O                                                                        (1 = 0.3%)
2057869170  -O                                                                        (1 = 0.3%)
2074180478  -O                                                                        (1 = 0.3%)
2082071419  -O                                                                        (1 = 0.3%)
2082524502  -O                                                                        (1 = 0.3%)
2097306482  -O                                                                        (1 = 0.3%)
2109884390  -O                                                                        (1 = 0.3%)
2116434298  -O                                                                        (1 = 0.3%)
2124833576  -O                                                                        (1 = 0.3%)
2133246549  -O                                                                        (1 = 0.3%)
2134550145  -O                                                                        (1 = 0.3%)
2135411371  -O                                                                        (1 = 0.3%)
2137725514  -O                                                                        (1 = 0.3%)
2138054526  -O                                                                        (1 = 0.3%)
2141172979  -O                                                                        (1 = 0.3%)
2145939966  -O                                                                        (1 = 0.3%)

Histogram: PreloadServingMetrics.ForNavigationCommitted.PrefetchMatchMetrics.Count recorded 1 samples, mean = 2.0 (flags = 0x1)
0  ... 
2  -O                                                                        (1 = 100.0%) {0.0%}
3  ... 

Histogram: PreloadServingMetrics.ForNavigationCommitted.PrefetchMatchMetrics.IsPotentialMatch recorded 1 samples, mean = 0.0 (flags = 0x1)
0  -O                                                                        (1 = 100.0%)
1  ... 

Histogram: PreloadServingMetrics.PageLoad.Clients.PaintTiming.NavigationToFirstContentfulPaint.WithoutPreload recorded 1 samples, mean = 947.0 (flags = 0x1)
0    ... 
885  -O                                                                        (1 = 100.0%) {0.0%}
990  ... 

Histogram: Prerender.Experimental.PrerenderProcessReuseAvailability recorded 5 samples, mean = 3.0 (flags = 0x1)
0  ... 
3  -----O                                                                    (5 = 100.0%) {0.0%}
4  O                                                                         (0 = 0.0%) {100.0%}

Histogram: Privacy.CookieControlsSetting.RegularProfile recorded 1 samples, mean = 2.0 (flags = 0x1)
0  ... 
2  -O                                                                        (1 = 100.0%) {0.0%}
3  O                                                                         (0 = 0.0%) {100.0%}

Histogram: Privacy.DIPS.BtmBounceDetector.AllAccessesMatched recorded 5 samples, mean = 1.0 (flags = 0x1)
0  O                                                                         (0 = 0.0%)
1  -----O                                                                    (5 = 100.0%) {0.0%}
2  O                                                                         (0 = 0.0%) {100.0%}

Histogram: Privacy.DoNotTrackSetting2 recorded 1 samples, mean = 0.0 (flags = 0x1)
0  -O                                                                        (1 = 100.0%)
1  ... 

Histogram: Privacy.ThirdPartyCookieBlockingSetting.RegularProfile recorded 1 samples, mean = 0.0 (flags = 0x1)
0  -O                                                                        (1 = 100.0%)
1  ... 

Histogram: PrivacySandbox.Attestations.EstimateMemoryUsage.AttestationsMap recorded 1 samples, mean = 24.0 (flags = 0x1)
0   ... 
24  -O                                                                        (1 = 100.0%) {0.0%}
29  ... 

Histogram: PrivacySandbox.Attestations.InitializationDuration.ComponentReadyFromApplicationStart recorded 1 samples, mean = 427.0 (flags = 0x1)
0    ... 
372  -O                                                                        (1 = 100.0%) {0.0%}
429  ... 

Histogram: PrivacySandbox.Attestations.InitializationDuration.Parsing recorded 1 samples, mean = 0.0 (flags = 0x1)
0  -O                                                                        (1 = 100.0%)
1  ... 

Histogram: PrivacySandbox.Attestations.Parsing.Status recorded 1 samples, mean = 0.0 (flags = 0x1)
0  -O                                                                        (1 = 100.0%)
1  ... 

Histogram: PrivacySandbox.NoticeRequirement.IsVariationCountryEmpty recorded 4 samples, mean = 1.0 (flags = 0x1)
0  O                                                                         (0 = 0.0%)
1  ----O                                                                     (4 = 100.0%) {0.0%}
2  O                                                                         (0 = 0.0%) {100.0%}

Histogram: PrivacySandbox.NoticeRequirement.IsVariationServiceReady recorded 4 samples, mean = 1.0 (flags = 0x1)
0  O                                                                         (0 = 0.0%)
1  ----O                                                                     (4 = 100.0%) {0.0%}
2  O                                                                         (0 = 0.0%) {100.0%}

Histogram: Process.Sandbox.StartSandboxedWin.CreatePolicyDuration recorded 13 samples, mean = 7.6 (flags = 0x1)
0   --O                                                                       (2 = 15.4%)
5   O                                                                         (0 = 0.0%) {15.4%}
6   ---O                                                                      (3 = 23.1%) {15.4%}
7   ----O                                                                     (4 = 30.8%) {38.5%}
9   -O                                                                        (1 = 7.7%) {69.2%}
11  ---O                                                                      (3 = 23.1%) {76.9%}
14  ... 

Histogram: Process.Sandbox.StartSandboxedWin.GeneratePolicyDuration recorded 13 samples, mean = 86.7 (flags = 0x1)
0    --O                                                                       (2 = 15.4%)
5    --O                                                                       (2 = 15.4%) {15.4%}
6    --O                                                                       (2 = 15.4%) {30.8%}
7    ---O                                                                      (3 = 23.1%) {46.2%}
9    ... 
14   -O                                                                        (1 = 7.7%) {69.2%}
17   ... 
167  -O                                                                        (1 = 7.7%) {76.9%}
205  ... 
310  -O                                                                        (1 = 7.7%) {84.6%}
381  O                                                                         (0 = 0.0%) {92.3%}
468  -O                                                                        (1 = 7.7%) {92.3%}
575  ... 

Histogram: Process.Sandbox.StartSandboxedWin.PostSpawnTargetDuration recorded 13 samples, mean = 6.5 (flags = 0x1)
0   ---O                                                                      (3 = 23.1%)
5   O                                                                         (0 = 0.0%) {23.1%}
6   -----O                                                                    (5 = 38.5%) {23.1%}
7   ---O                                                                      (3 = 23.1%) {61.5%}
9   O                                                                         (0 = 0.0%) {84.6%}
11  -O                                                                        (1 = 7.7%) {84.6%}
14  -O                                                                        (1 = 7.7%) {92.3%}
17  ... 

Histogram: Process.Sandbox.StartSandboxedWin.SpawnTargetDuration recorded 13 samples, mean = 17383.4 (flags = 0x1)
0      ... 
3685   --O                                                                       (2 = 15.4%) {0.0%}
4529   --O                                                                       (2 = 15.4%) {15.4%}
5567   -O                                                                        (1 = 7.7%) {30.8%}
6843   ... 
10338  -O                                                                        (1 = 7.7%) {38.5%}
12707  O                                                                         (0 = 0.0%) {46.2%}
15618  -O                                                                        (1 = 7.7%) {46.2%}
19197  ---O                                                                      (3 = 23.1%) {53.8%}
23596  O                                                                         (0 = 0.0%) {76.9%}
29002  --O                                                                       (2 = 15.4%) {76.9%}
35647  -O                                                                        (1 = 7.7%) {92.3%}
43815  ... 

Histogram: Process.Sandbox.StartSandboxedWin.TotalDuration recorded 13 samples, mean = 17484.2 (flags = 0x1)
0      ... 
3685   --O                                                                       (2 = 15.4%) {0.0%}
4529   --O                                                                       (2 = 15.4%) {15.4%}
5567   -O                                                                        (1 = 7.7%) {30.8%}
6843   ... 
10338  -O                                                                        (1 = 7.7%) {38.5%}
12707  ... 
19197  ----O                                                                     (4 = 30.8%) {46.2%}
23596  O                                                                         (0 = 0.0%) {76.9%}
29002  -O                                                                        (1 = 7.7%) {76.9%}
35647  --O                                                                       (2 = 15.4%) {84.6%}
43815  ... 

Histogram: Profile.BrowserActive.PerProfile recorded 2 samples, mean = 1.0 (flags = 0x1)
0  O                                                                         (0 = 0.0%)
1  --O                                                                       (2 = 100.0%) {0.0%}
2  ... 

Histogram: Profile.Destroyer.OffTheRecord recorded 3 samples, mean = 0.7 (flags = 0x1)
0  -O                                                                        (1 = 33.3%)
1  --O                                                                       (2 = 66.7%) {33.3%}
2  ... 

Histogram: Profile.DidDestroyProfileBeforeShutdown recorded 1 samples, mean = 0.0 (flags = 0x1)
0  -O                                                                        (1 = 100.0%)
1  ... 

Histogram: Profile.Incognito.Lifetime recorded 1 samples, mean = 0.0 (flags = 0x1)
0  -O                                                                        (1 = 100.0%)
1  ... 

Histogram: Profile.Incognito.MainFrameNavigationsPerSession recorded 1 samples, mean = 0.0 (flags = 0x1)
0  -O                                                                        (1 = 100.0%)
1  ... 

Histogram: Profile.KeepAliveLeakAtShutdown recorded 2 samples, mean = 10.5 (flags = 0x1)
0   ... 
3   -O                                                                        (1 = 50.0%) {0.0%}
4   ... 
18  -O                                                                        (1 = 50.0%) {50.0%}
19  ... 

Histogram: Profile.NumberOfAccountsPerProfile recorded 2 samples, mean = 0.0 (flags = 0x1)
0  --O                                                                       (2 = 100.0%)
1  ... 

Histogram: Profile.NumberOfProfiles recorded 1 samples, mean = 0.0 (flags = 0x1)
0  -O                                                                        (1 = 100.0%)
1  ... 

Histogram: Profile.NumberOfProfilesAtProfileInit recorded 1 samples, mean = 1.0 (flags = 0x1)
0  O                                                                         (0 = 0.0%)
1  -O                                                                        (1 = 100.0%) {0.0%}
2  ... 

Histogram: Profile.State.LastUsed_All recorded 1 samples, mean = 0.0 (flags = 0x1)
0  -O                                                                        (1 = 100.0%)
1  ... 

Histogram: Profile.State.LastUsed_AllUnmanagedDevice recorded 1 samples, mean = 0.0 (flags = 0x1)
0  -O                                                                        (1 = 100.0%)
1  ... 

Histogram: Profile.State.LastUsed_ManagementDisclaimerNotAccepted recorded 1 samples, mean = 0.0 (flags = 0x1)
0  -O                                                                        (1 = 100.0%)
1  ... 

Histogram: Profile.State.LastUsed_SingleProfile recorded 1 samples, mean = 0.0 (flags = 0x1)
0  -O                                                                        (1 = 100.0%)
1  ... 

Histogram: Profile.State.SyncEnabled_All recorded 1 samples, mean = 0.0 (flags = 0x1)
0  -O                                                                        (1 = 100.0%)
1  ... 

Histogram: Profile.State.SyncEnabled_AllUnmanagedDevice recorded 1 samples, mean = 0.0 (flags = 0x1)
0  -O                                                                        (1 = 100.0%)
1  ... 

Histogram: Profile.State.SyncEnabled_ManagementDisclaimerNotAccepted recorded 1 samples, mean = 0.0 (flags = 0x1)
0  -O                                                                        (1 = 100.0%)
1  ... 

Histogram: Profile.State.SyncEnabled_SingleProfile recorded 1 samples, mean = 0.0 (flags = 0x1)
0  -O                                                                        (1 = 100.0%)
1  ... 

Histogram: Profile.State.UnconsentedPrimaryAccountType_All recorded 1 samples, mean = 3.0 (flags = 0x1)
0  ... 
3  -O                                                                        (1 = 100.0%) {0.0%}
4  O                                                                         (0 = 0.0%) {100.0%}

Histogram: Profile.State.UnconsentedPrimaryAccountType_AllUnmanagedDevice recorded 1 samples, mean = 3.0 (flags = 0x1)
0  ... 
3  -O                                                                        (1 = 100.0%) {0.0%}
4  O                                                                         (0 = 0.0%) {100.0%}

Histogram: Profile.State.UnconsentedPrimaryAccountType_ManagementDisclaimerNotAccepted recorded 1 samples, mean = 3.0 (flags = 0x1)
0  ... 
3  -O                                                                        (1 = 100.0%) {0.0%}
4  O                                                                         (0 = 0.0%) {100.0%}

Histogram: Profile.State.UnconsentedPrimaryAccountType_SingleProfile recorded 1 samples, mean = 3.0 (flags = 0x1)
0  ... 
3  -O                                                                        (1 = 100.0%) {0.0%}
4  O                                                                         (0 = 0.0%) {100.0%}

Histogram: Profile.UserAction.PerProfile recorded 7 samples, mean = 1.0 (flags = 0x1)
0  O                                                                         (0 = 0.0%)
1  -------O                                                                  (7 = 100.0%) {0.0%}
2  ... 

Histogram: ProtoDB.LoadEntriesSuccess.CommerceSubscriptionDatabase recorded 1 samples, mean = 1.0 (flags = 0x1)
0  O                                                                         (0 = 0.0%)
1  -O                                                                        (1 = 100.0%) {0.0%}
2  O                                                                         (0 = 0.0%) {100.0%}

Histogram: ProtoDB.LoadEntriesSuccess.DownloadDB recorded 1 samples, mean = 1.0 (flags = 0x1)
0  O                                                                         (0 = 0.0%)
1  -O                                                                        (1 = 100.0%) {0.0%}
2  O                                                                         (0 = 0.0%) {100.0%}

Histogram: ProtoDB.LoadEntriesSuccess.PersistentOriginTrials recorded 1 samples, mean = 1.0 (flags = 0x1)
0  O                                                                         (0 = 0.0%)
1  -O                                                                        (1 = 100.0%) {0.0%}
2  O                                                                         (0 = 0.0%) {100.0%}

Histogram: ProtoDB.LoadEntriesSuccess.SegmentInfoDatabase recorded 1 samples, mean = 1.0 (flags = 0x1)
0  O                                                                         (0 = 0.0%)
1  -O                                                                        (1 = 100.0%) {0.0%}
2  O                                                                         (0 = 0.0%) {100.0%}

Histogram: ProtoDB.LoadEntriesSuccess.SignalStorageConfigDatabase recorded 1 samples, mean = 1.0 (flags = 0x1)
0  O                                                                         (0 = 0.0%)
1  -O                                                                        (1 = 100.0%) {0.0%}
2  O                                                                         (0 = 0.0%) {100.0%}

Histogram: ProtoDB.SharedDbInitStatus recorded 35 samples, mean = 9.6 (flags = 0x1)
0   ------------O                                                             (12 = 34.3%)
1   ... 
7   -----------O                                                              (11 = 31.4%) {34.3%}
8   ... 
21  -----------O                                                              (11 = 31.4%) {65.7%}
22  ... 
27  -O                                                                        (1 = 2.9%) {97.1%}
28  ... 

Histogram: ProtoDB.UpdateSuccess.CartDatabase recorded 1 samples, mean = 1.0 (flags = 0x1)
0  O                                                                         (0 = 0.0%)
1  -O                                                                        (1 = 100.0%) {0.0%}
2  O                                                                         (0 = 0.0%) {100.0%}

Histogram: ProtoDB.UpdateSuccess.CommerceParcelTrackingDatabase recorded 1 samples, mean = 1.0 (flags = 0x1)
0  O                                                                         (0 = 0.0%)
1  -O                                                                        (1 = 100.0%) {0.0%}
2  O                                                                         (0 = 0.0%) {100.0%}

Histogram: ProtoDB.UpdateSuccess.DiscountsDatabase recorded 1 samples, mean = 1.0 (flags = 0x1)
0  O                                                                         (0 = 0.0%)
1  -O                                                                        (1 = 100.0%) {0.0%}
2  O                                                                         (0 = 0.0%) {100.0%}

Histogram: ProtoDB.UpdateSuccess.Metadata recorded 24 samples, mean = 1.0 (flags = 0x1)
0  O                                                                         (0 = 0.0%)
1  ------------------------O                                                 (24 = 100.0%) {0.0%}
2  O                                                                         (0 = 0.0%) {100.0%}

Histogram: ProtoDB.UpdateSuccess.SegmentInfoDatabase recorded 11 samples, mean = 1.0 (flags = 0x1)
0  O                                                                         (0 = 0.0%)
1  -----------O                                                              (11 = 100.0%) {0.0%}
2  O                                                                         (0 = 0.0%) {100.0%}

Histogram: ProtoDB.UpdateSuccess.SignalStorageConfigDatabase recorded 8 samples, mean = 1.0 (flags = 0x1)
0  O                                                                         (0 = 0.0%)
1  --------O                                                                 (8 = 100.0%) {0.0%}
2  O                                                                         (0 = 0.0%) {100.0%}

Histogram: ReadingList.Read.Count.OnModelLoaded.AccountStorage recorded 1 samples, mean = 0.0 (flags = 0x1)
0  -O                                                                        (1 = 100.0%)
1  ... 

Histogram: ReadingList.Read.Count.OnModelLoaded.LocalStorage recorded 1 samples, mean = 0.0 (flags = 0x1)
0  -O                                                                        (1 = 100.0%)
1  ... 

Histogram: ReadingList.Unread.Count.OnModelLoaded.AccountStorage recorded 1 samples, mean = 0.0 (flags = 0x1)
0  -O                                                                        (1 = 100.0%)
1  ... 

Histogram: ReadingList.Unread.Count.OnModelLoaded.LocalStorage recorded 1 samples, mean = 0.0 (flags = 0x1)
0  -O                                                                        (1 = 100.0%)
1  ... 

Histogram: RegionalCapabilities.FetchedCountryMatching recorded 1 samples, mean = 2.0 (flags = 0x1)
0  ... 
2  -O                                                                        (1 = 100.0%) {0.0%}
3  ... 

Histogram: RegionalCapabilities.LoadedCountrySource recorded 1 samples, mean = 1.0 (flags = 0x1)
0  O                                                                         (0 = 0.0%)
1  -O                                                                        (1 = 100.0%) {0.0%}
2  ... 

Histogram: RegionalCapabilities.PersistedCountryMatching recorded 1 samples, mean = 1.0 (flags = 0x1)
0  O                                                                         (0 = 0.0%)
1  -O                                                                        (1 = 100.0%) {0.0%}
2  ... 

Histogram: RenderTextHarfBuzz.MissingGlyphCount recorded 577 samples, mean = 0.0 (flags = 0x1)
0  ------------------------------------------------------------------------O (577 = 100.0%)
1  ... 

Histogram: RenderTextHarfBuzz.ShapeRunsFallback recorded 577 samples, mean = 1.0 (flags = 0x1)
0  O                                                                         (0 = 0.0%)
1  ------------------------------------------------------------------------O (577 = 100.0%) {0.0%}
2  ... 

Histogram: Renderer.ContentProduction.DelayFromUnhide recorded 1 samples, mean = 496.0 (flags = 0x1)
0    ... 
449  -O                                                                        (1 = 100.0%) {0.0%}
533  ... 

Histogram: Renderer.ContentProduction.SignalReceived recorded 1 samples, mean = 1.0 (flags = 0x1)
0  O                                                                         (0 = 0.0%)
1  -O                                                                        (1 = 100.0%) {0.0%}
2  O                                                                         (0 = 0.0%) {100.0%}

Histogram: Renderer.ProcessLifetime3 recorded 10 samples, mean = 1180.3 (flags = 0x1)
0     ----O                                                                     (4 = 40.0%)
1000  ... 
1590  --O                                                                       (2 = 20.0%) {40.0%}
1786  -O                                                                        (1 = 10.0%) {60.0%}
2006  ---O                                                                      (3 = 30.0%) {70.0%}
2253  ... 

Histogram: Renderer.ProcessLifetime3.Empty recorded 6 samples, mean = 651.5 (flags = 0x1)
0     ----O                                                                     (4 = 66.7%)
1000  ... 
1590  -O                                                                        (1 = 16.7%) {66.7%}
1786  -O                                                                        (1 = 16.7%) {83.3%}
2006  ... 

Histogram: Renderer.ProcessLifetime3.Extension recorded 1 samples, mean = 2069.0 (flags = 0x1)
0     ... 
2006  -O                                                                        (1 = 100.0%) {0.0%}
2253  ... 

Histogram: Renderer.ProcessLifetime3.MainFrame recorded 3 samples, mean = 1941.7 (flags = 0x1)
0     ... 
1590  -O                                                                        (1 = 33.3%) {0.0%}
1786  O                                                                         (0 = 0.0%) {33.3%}
2006  --O                                                                       (2 = 66.7%) {33.3%}
2253  ... 

Histogram: SBClientPhishing.HighConfidenceAllowlistCheckDuration recorded 1 samples, mean = 4.0 (flags = 0x1)
0  ... 
4  -O                                                                        (1 = 100.0%) {0.0%}
5  ... 

Histogram: SBClientPhishing.IsErrorDocumentOnSupportedMimeType recorded 1 samples, mean = 0.0 (flags = 0x1)
0  -O                                                                        (1 = 100.0%)
1  ... 

Histogram: SBClientPhishing.MatchHighConfidenceAllowlist recorded 1 samples, mean = 3.0 (flags = 0x1)
0  ... 
3  -O                                                                        (1 = 100.0%) {0.0%}
4  O                                                                         (0 = 0.0%) {100.0%}

Histogram: SBClientPhishing.MatchHighConfidenceAllowlist.TriggerModel recorded 1 samples, mean = 3.0 (flags = 0x1)
0  ... 
3  -O                                                                        (1 = 100.0%) {0.0%}
4  O                                                                         (0 = 0.0%) {100.0%}

Histogram: SBClientPhishing.OnDeviceModelSessionAliveOnDelegateShutdown recorded 1 samples, mean = 0.0 (flags = 0x1)
0  -O                                                                        (1 = 100.0%)
1  ... 

Histogram: SBClientPhishing.PreClassificationCheckResult recorded 2 samples, mean = 9.0 (flags = 0x1)
0   ... 
3   -O                                                                        (1 = 50.0%) {0.0%}
4   ... 
15  -O                                                                        (1 = 50.0%) {50.0%}
16  ... 

Histogram: SBClientPhishing.PreClassificationCheckResult.TriggerModel recorded 2 samples, mean = 9.0 (flags = 0x1)
0   ... 
3   -O                                                                        (1 = 50.0%) {0.0%}
4   ... 
15  -O                                                                        (1 = 50.0%) {50.0%}
16  ... 

Histogram: SBIRS.DroppedIncident recorded 3 samples, mean = 1.0 (flags = 0x1)
0  O                                                                         (0 = 0.0%)
1  ---O                                                                      (3 = 100.0%) {0.0%}
2  ... 

Histogram: SBIRS.ReceivedIncident recorded 3 samples, mean = 1.0 (flags = 0x1)
0  O                                                                         (0 = 0.0%)
1  ---O                                                                      (3 = 100.0%) {0.0%}
2  ... 

Histogram: SafeBrowsing.ApplicationAdvancedProtectionStatusDetector.Changed.Disabled recorded 1 samples, mean = 0.0 (flags = 0x1)
0  -O                                                                        (1 = 100.0%)
1  ... 

Histogram: SafeBrowsing.AsyncCheck.CommittedNavigationIdsSize recorded 4 samples, mean = 1.5 (flags = 0x1)
0  O                                                                         (0 = 0.0%)
1  --O                                                                       (2 = 50.0%) {0.0%}
2  --O                                                                       (2 = 50.0%) {50.0%}
3  ... 

Histogram: SafeBrowsing.BrowserThrottle.IntervalBetweenStartAndProcess recorded 3 samples, mean = 154.7 (flags = 0x1)
0    ... 
6    -O                                                                        (1 = 33.3%) {0.0%}
7    ... 
34   -O                                                                        (1 = 33.3%) {33.3%}
40   ... 
378  -O                                                                        (1 = 33.3%) {66.7%}
449  ... 

Histogram: SafeBrowsing.BrowserThrottle.IntervalBetweenStartAndProcess.FromNetwork recorded 3 samples, mean = 154.7 (flags = 0x1)
0    ... 
6    -O                                                                        (1 = 33.3%) {0.0%}
7    ... 
34   -O                                                                        (1 = 33.3%) {33.3%}
40   ... 
378  -O                                                                        (1 = 33.3%) {66.7%}
449  ... 

Histogram: SafeBrowsing.BrowserThrottle.IsAsyncCheckFasterThanSyncCheck recorded 2 samples, mean = 0.0 (flags = 0x1)
0  --O                                                                       (2 = 100.0%)
1  ... 

Histogram: SafeBrowsing.BrowserThrottle.IsAsyncCheckerTransferred recorded 2 samples, mean = 0.0 (flags = 0x1)
0  --O                                                                       (2 = 100.0%)
1  ... 

Histogram: SafeBrowsing.BrowserThrottle.IsCheckCompletedOnProcessResponse recorded 5 samples, mean = 1.0 (flags = 0x1)
0  O                                                                         (0 = 0.0%)
1  -----O                                                                    (5 = 100.0%) {0.0%}
2  O                                                                         (0 = 0.0%) {100.0%}

Histogram: SafeBrowsing.BrowserThrottle.RequestDestination recorded 5 samples, mean = 5.2 (flags = 0x1)
0   ... 
3   ----O                                                                     (4 = 80.0%) {0.0%}
4   ... 
14  -O                                                                        (1 = 20.0%) {80.0%}
15  ... 

Histogram: SafeBrowsing.BrowserThrottle.RequestDestination.Checked recorded 3 samples, mean = 3.0 (flags = 0x1)
0  ... 
3  ---O                                                                      (3 = 100.0%) {0.0%}
4  ... 

Histogram: SafeBrowsing.BrowserThrottle.RequestDestination.Skipped recorded 1 samples, mean = 14.0 (flags = 0x1)
0   ... 
14  -O                                                                        (1 = 100.0%) {0.0%}
15  ... 

Histogram: SafeBrowsing.BrowserThrottle.TotalDelay2.FromNetwork recorded 3 samples, mean = 0.0 (flags = 0x1)
0  ---O                                                                      (3 = 100.0%)
1  ... 

Histogram: SafeBrowsing.BrowserThrottle.TotalDelay2.HashPrefixDatabaseCheck recorded 3 samples, mean = 0.0 (flags = 0x1)
0  ---O                                                                      (3 = 100.0%)
1  ... 

Histogram: SafeBrowsing.CheckBrowseUrl.HasLocalMatch2 recorded 2 samples, mean = 0.0 (flags = 0x1)
0  --O                                                                       (2 = 100.0%)
1  ... 

Histogram: SafeBrowsing.CheckUrl.Action recorded 5 samples, mean = 0.0 (flags = 0x1)
0  -----O                                                                    (5 = 100.0%)
1  ... 

Histogram: SafeBrowsing.CheckUrl.TimeTaken.HashDatabase recorded 4 samples, mean = 2.5 (flags = 0x1)
0   ---O                                                                      (3 = 75.0%)
1   ... 
10  -O                                                                        (1 = 25.0%) {75.0%}
12  ... 

Histogram: SafeBrowsing.CheckUrl.TimeTaken.HashRealTime recorded 1 samples, mean = 10.0 (flags = 0x1)
0   ... 
10  -O                                                                        (1 = 100.0%) {0.0%}
12  ... 

Histogram: SafeBrowsing.CheckUrl.Timeout recorded 5 samples, mean = 0.0 (flags = 0x1)
0  -----O                                                                    (5 = 100.0%)
1  ... 

Histogram: SafeBrowsing.CheckUrl.UrlScheme recorded 5 samples, mean = 24.4 (flags = 0x1)
0   ... 
10  --O                                                                       (2 = 40.0%) {0.0%}
11  ... 
34  ---O                                                                      (3 = 60.0%) {40.0%}
35  O                                                                         (0 = 0.0%) {100.0%}

Histogram: SafeBrowsing.ClientSidePhishingDetection.AllowlistMatchResult recorded 1 samples, mean = 1.0 (flags = 0x1)
0  O                                                                         (0 = 0.0%)
1  -O                                                                        (1 = 100.0%) {0.0%}
2  ... 

Histogram: SafeBrowsing.Daily.BypassCountLast28Days.StandardProtection.AllEvents recorded 1 samples, mean = 0.0 (flags = 0x1)
0  -O                                                                        (1 = 100.0%)
1  ... 

Histogram: SafeBrowsing.Daily.SecuritySensitiveCountLast28Days.StandardProtection.AllEvents recorded 1 samples, mean = 0.0 (flags = 0x1)
0  -O                                                                        (1 = 100.0%)
1  ... 

Histogram: SafeBrowsing.Desktop.AdvancedProtection.Enabled recorded 1 samples, mean = 0.0 (flags = 0x1)
0  -O                                                                        (1 = 100.0%)
1  ... 

Histogram: SafeBrowsing.FileTypeUpdate.ResourceBundleResult recorded 1 samples (flags = 0x1)
1  -O                                                                        (1 = 100.0%)

Histogram: SafeBrowsing.FileTypeUpdate.ResourceBundleVersion recorded 1 samples (flags = 0x1)
69  -O                                                                        (1 = 100.0%)

Histogram: SafeBrowsing.HPRT.AllStoresAvailable recorded 1 samples, mean = 0.0 (flags = 0x1)
0  -O                                                                        (1 = 100.0%)
1  ... 

Histogram: SafeBrowsing.HPRT.AllowlistSizeTooSmall recorded 1 samples, mean = 1.0 (flags = 0x1)
0  O                                                                         (0 = 0.0%)
1  -O                                                                        (1 = 100.0%) {0.0%}
2  O                                                                         (0 = 0.0%) {100.0%}

Histogram: SafeBrowsing.HPRT.Cache.FullHashCount recorded 2 samples, mean = 0.0 (flags = 0x1)
0  --O                                                                       (2 = 100.0%)
1  ... 

Histogram: SafeBrowsing.HPRT.Cache.HashPrefixCount recorded 2 samples, mean = 0.0 (flags = 0x1)
0  --O                                                                       (2 = 100.0%)
1  ... 

Histogram: SafeBrowsing.HPRT.CanGetReputationOfUrl recorded 2 samples, mean = 0.5 (flags = 0x1)
0  -O                                                                        (1 = 50.0%)
1  -O                                                                        (1 = 50.0%) {50.0%}
2  O                                                                         (0 = 0.0%) {100.0%}

Histogram: SafeBrowsing.HPRT.HashDatabaseFallbackThreatType.AllowlistMatch recorded 1 samples, mean = 1.0 (flags = 0x1)
0  O                                                                         (0 = 0.0%)
1  -O                                                                        (1 = 100.0%) {0.0%}
2  ... 

Histogram: SafeBrowsing.HPRT.Ineligible.FeatureOff recorded 5 samples, mean = 0.0 (flags = 0x1)
0  -----O                                                                    (5 = 100.0%)
1  ... 

Histogram: SafeBrowsing.HPRT.Ineligible.IneligibleForLocation recorded 5 samples, mean = 0.0 (flags = 0x1)
0  -----O                                                                    (5 = 100.0%)
1  ... 

Histogram: SafeBrowsing.HPRT.Ineligible.IneligibleForSafeBrowsingState recorded 5 samples, mean = 0.0 (flags = 0x1)
0  -----O                                                                    (5 = 100.0%)
1  ... 

Histogram: SafeBrowsing.HPRT.Ineligible.IneligibleForSessionOrLocation recorded 5 samples, mean = 0.0 (flags = 0x1)
0  -----O                                                                    (5 = 100.0%)
1  ... 

Histogram: SafeBrowsing.HPRT.Ineligible.NoGoogleChromeBranding recorded 5 samples, mean = 0.0 (flags = 0x1)
0  -----O                                                                    (5 = 100.0%)
1  ... 

Histogram: SafeBrowsing.HPRT.Ineligible.NotAllowedByPolicy recorded 5 samples, mean = 0.0 (flags = 0x1)
0  -----O                                                                    (5 = 100.0%)
1  ... 

Histogram: SafeBrowsing.HPRT.Ineligible.OffTheRecord recorded 5 samples, mean = 0.4 (flags = 0x1)
0  ---O                                                                      (3 = 60.0%)
1  --O                                                                       (2 = 40.0%) {60.0%}
2  O                                                                         (0 = 0.0%) {100.0%}

Histogram: SafeBrowsing.HPRT.LocalMatch.Result recorded 1 samples, mean = 1.0 (flags = 0x1)
0  O                                                                         (0 = 0.0%)
1  -O                                                                        (1 = 100.0%) {0.0%}
2  ... 

Histogram: SafeBrowsing.HPRT.OhttpKeyService.BackoffState recorded 1 samples, mean = 0.0 (flags = 0x1)
0  -O                                                                        (1 = 100.0%)
1  ... 

Histogram: SafeBrowsing.HPRT.OhttpKeyService.FetchKeyTriggerReason recorded 1 samples, mean = 1.0 (flags = 0x1)
0  O                                                                         (0 = 0.0%)
1  -O                                                                        (1 = 100.0%) {0.0%}
2  ... 

Histogram: SafeBrowsing.HPRT.OhttpKeyService.Network.Result recorded 1 samples (flags = 0x1)
200  -O                                                                        (1 = 100.0%)

Histogram: SafeBrowsing.HPRT.OhttpKeyService.Network.Time recorded 1 samples, mean = 769.0 (flags = 0x1)
0    ... 
752  -O                                                                        (1 = 100.0%) {0.0%}
894  ... 

Histogram: SafeBrowsing.HPRT.OhttpKeyService.Network.Time.Success recorded 1 samples, mean = 769.0 (flags = 0x1)
0    ... 
752  -O                                                                        (1 = 100.0%) {0.0%}
894  ... 

Histogram: SafeBrowsing.HasCookieAtStartup2 recorded 1 samples, mean = 0.0 (flags = 0x1)
0  -O                                                                        (1 = 100.0%)
1  ... 

Histogram: SafeBrowsing.PageLoadToken.TokenCount recorded 2 samples, mean = 0.0 (flags = 0x1)
0  --O                                                                       (2 = 100.0%)
1  ... 

Histogram: SafeBrowsing.Pref.Daily.Extended recorded 1 samples, mean = 0.0 (flags = 0x1)
0  -O                                                                        (1 = 100.0%)
1  ... 

Histogram: SafeBrowsing.Pref.Daily.PasswordLeakToggle recorded 1 samples, mean = 1.0 (flags = 0x1)
0  O                                                                         (0 = 0.0%)
1  -O                                                                        (1 = 100.0%) {0.0%}
2  O                                                                         (0 = 0.0%) {100.0%}

Histogram: SafeBrowsing.Pref.Daily.SafeBrowsingModeManaged recorded 1 samples, mean = 0.0 (flags = 0x1)
0  -O                                                                        (1 = 100.0%)
1  ... 

Histogram: SafeBrowsing.Pref.Daily.SafeBrowsingState recorded 1 samples, mean = 1.0 (flags = 0x1)
0  O                                                                         (0 = 0.0%)
1  -O                                                                        (1 = 100.0%) {0.0%}
2  ... 

Histogram: SafeBrowsing.Pref.Enhanced recorded 1 samples, mean = 0.0 (flags = 0x1)
0  -O                                                                        (1 = 100.0%)
1  ... 

Histogram: SafeBrowsing.Pref.Enhanced.RegularProfile recorded 1 samples, mean = 0.0 (flags = 0x1)
0  -O                                                                        (1 = 100.0%)
1  ... 

Histogram: SafeBrowsing.Pref.General recorded 1 samples, mean = 1.0 (flags = 0x1)
0  O                                                                         (0 = 0.0%)
1  -O                                                                        (1 = 100.0%) {0.0%}
2  O                                                                         (0 = 0.0%) {100.0%}

Histogram: SafeBrowsing.Pref.JsOptimizerSetting recorded 1 samples, mean = 1.0 (flags = 0x1)
0  O                                                                         (0 = 0.0%)
1  -O                                                                        (1 = 100.0%) {0.0%}
2  ... 

Histogram: SafeBrowsing.RT.CacheManager.CleanUpTime recorded 2 samples, mean = 0.0 (flags = 0x1)
0  --O                                                                       (2 = 100.0%)
1  ... 

Histogram: SafeBrowsing.RT.CacheManager.CleanupReachedThreshold recorded 2 samples, mean = 0.0 (flags = 0x1)
0  --O                                                                       (2 = 100.0%)
1  ... 

Histogram: SafeBrowsing.RT.CacheManager.RealTimeVerdictCount2 recorded 2 samples, mean = 0.0 (flags = 0x1)
0  --O                                                                       (2 = 100.0%)
1  ... 

Histogram: SafeBrowsing.RT.CanCheckDatabase recorded 5 samples, mean = 1.0 (flags = 0x1)
0  O                                                                         (0 = 0.0%)
1  -----O                                                                    (5 = 100.0%) {0.0%}
2  O                                                                         (0 = 0.0%) {100.0%}

Histogram: SafeBrowsing.RT.ConsumerVersionReason recorded 20 samples, mean = 1.2 (flags = 0x1)
0  ----------O                                                               (10 = 50.0%)
1  O                                                                         (0 = 0.0%) {50.0%}
2  --------O                                                                 (8 = 40.0%) {50.0%}
3  O                                                                         (0 = 0.0%) {90.0%}
4  --O                                                                       (2 = 10.0%) {90.0%}
5  O                                                                         (0 = 0.0%) {100.0%}

Histogram: SafeBrowsing.SiteProtection.FamiliarityHeuristic recorded 2 samples, mean = 8.5 (flags = 0x1)
0  ... 
8  -O                                                                        (1 = 50.0%) {0.0%}
9  -O                                                                        (1 = 50.0%) {50.0%}
10 ... 

Histogram: SafeBrowsing.SiteProtection.FamiliarityHeuristic.Engagement15OrVisitedBeforeTodayOrHighConfidence recorded 1 samples, mean = 0.0 (flags = 0x1)
0  -O                                                                        (1 = 100.0%)
1  ... 

Histogram: SafeBrowsing.SiteProtection.FamiliarityMetricDataFetchDuration recorded 1 samples, mean = 454.0 (flags = 0x1)
0    ... 
449  -O                                                                        (1 = 100.0%) {0.0%}
533  ... 

Histogram: SafeBrowsing.SiteProtection.FamiliarityMetricDataFetchStart recorded 1 samples, mean = 1.0 (flags = 0x1)
0  O                                                                         (0 = 0.0%)
1  -O                                                                        (1 = 100.0%) {0.0%}
2  O                                                                         (0 = 0.0%) {100.0%}

Histogram: SafeBrowsing.V4Database.Size recorded 1 samples, mean = 0.0 (flags = 0x1)
0  -O                                                                        (1 = 100.0%)
1  ... 

Histogram: SafeBrowsing.V4Database.Size.ChromeExtMalware recorded 1 samples, mean = 0.0 (flags = 0x1)
0  -O                                                                        (1 = 100.0%)
1  ... 

Histogram: SafeBrowsing.V4Database.Size.UrlBilling recorded 1 samples, mean = 0.0 (flags = 0x1)
0  -O                                                                        (1 = 100.0%)
1  ... 

Histogram: SafeBrowsing.V4Database.Size.UrlCsdAllowlist recorded 1 samples, mean = 0.0 (flags = 0x1)
0  -O                                                                        (1 = 100.0%)
1  ... 

Histogram: SafeBrowsing.V4Database.Size.UrlCsdDownloadAllowlist recorded 1 samples, mean = 0.0 (flags = 0x1)
0  -O                                                                        (1 = 100.0%)
1  ... 

Histogram: SafeBrowsing.V4Database.Size.UrlHighConfidenceAllowlist recorded 1 samples, mean = 0.0 (flags = 0x1)
0  -O                                                                        (1 = 100.0%)
1  ... 

Histogram: SafeBrowsing.V4Database.Size.UrlMalBin recorded 1 samples, mean = 0.0 (flags = 0x1)
0  -O                                                                        (1 = 100.0%)
1  ... 

Histogram: SafeBrowsing.V4Database.Size.UrlMalware recorded 1 samples, mean = 0.0 (flags = 0x1)
0  -O                                                                        (1 = 100.0%)
1  ... 

Histogram: SafeBrowsing.V4Database.Size.UrlSoceng recorded 1 samples, mean = 0.0 (flags = 0x1)
0  -O                                                                        (1 = 100.0%)
1  ... 

Histogram: SafeBrowsing.V4Database.Size.UrlSubresourceFilter recorded 1 samples, mean = 0.0 (flags = 0x1)
0  -O                                                                        (1 = 100.0%)
1  ... 

Histogram: SafeBrowsing.V4Database.Size.UrlSuspiciousSite recorded 1 samples, mean = 0.0 (flags = 0x1)
0  -O                                                                        (1 = 100.0%)
1  ... 

Histogram: SafeBrowsing.V4Database.Size.UrlUws recorded 1 samples, mean = 0.0 (flags = 0x1)
0  -O                                                                        (1 = 100.0%)
1  ... 

Histogram: SafeBrowsing.V4Database.SizeLinear recorded 1 samples, mean = 0.0 (flags = 0x1)
0  -O                                                                        (1 = 100.0%)
1  ... 

Histogram: SafeBrowsing.V4Database.SizeLinear.ChromeExtMalware recorded 1 samples, mean = 0.0 (flags = 0x1)
0  -O                                                                        (1 = 100.0%)
1  ... 

Histogram: SafeBrowsing.V4Database.SizeLinear.UrlMalBin recorded 1 samples, mean = 0.0 (flags = 0x1)
0  -O                                                                        (1 = 100.0%)
1  ... 

Histogram: SafeBrowsing.V4Database.SizeLinear.UrlSoceng recorded 1 samples, mean = 0.0 (flags = 0x1)
0  -O                                                                        (1 = 100.0%)
1  ... 

Histogram: SafeBrowsing.V4DatabaseInitializationTime recorded 1 samples, mean = 121.0 (flags = 0x1)
0    ... 
114  -O                                                                        (1 = 100.0%) {0.0%}
135  ... 

Histogram: SafeBrowsing.V4Store.IsStoreValid recorded 11 samples, mean = 0.0 (flags = 0x1)
0  -----------O                                                              (11 = 100.0%)
1  ... 

Histogram: SafeBrowsing.V4Store.IsStoreValid.ChromeExtMalware recorded 1 samples, mean = 0.0 (flags = 0x1)
0  -O                                                                        (1 = 100.0%)
1  ... 

Histogram: SafeBrowsing.V4Store.IsStoreValid.UrlBilling recorded 1 samples, mean = 0.0 (flags = 0x1)
0  -O                                                                        (1 = 100.0%)
1  ... 

Histogram: SafeBrowsing.V4Store.IsStoreValid.UrlCsdAllowlist recorded 1 samples, mean = 0.0 (flags = 0x1)
0  -O                                                                        (1 = 100.0%)
1  ... 

Histogram: SafeBrowsing.V4Store.IsStoreValid.UrlCsdDownloadAllowlist recorded 1 samples, mean = 0.0 (flags = 0x1)
0  -O                                                                        (1 = 100.0%)
1  ... 

Histogram: SafeBrowsing.V4Store.IsStoreValid.UrlHighConfidenceAllowlist recorded 1 samples, mean = 0.0 (flags = 0x1)
0  -O                                                                        (1 = 100.0%)
1  ... 

Histogram: SafeBrowsing.V4Store.IsStoreValid.UrlMalBin recorded 1 samples, mean = 0.0 (flags = 0x1)
0  -O                                                                        (1 = 100.0%)
1  ... 

Histogram: SafeBrowsing.V4Store.IsStoreValid.UrlMalware recorded 1 samples, mean = 0.0 (flags = 0x1)
0  -O                                                                        (1 = 100.0%)
1  ... 

Histogram: SafeBrowsing.V4Store.IsStoreValid.UrlSoceng recorded 1 samples, mean = 0.0 (flags = 0x1)
0  -O                                                                        (1 = 100.0%)
1  ... 

Histogram: SafeBrowsing.V4Store.IsStoreValid.UrlSubresourceFilter recorded 1 samples, mean = 0.0 (flags = 0x1)
0  -O                                                                        (1 = 100.0%)
1  ... 

Histogram: SafeBrowsing.V4Store.IsStoreValid.UrlSuspiciousSite recorded 1 samples, mean = 0.0 (flags = 0x1)
0  -O                                                                        (1 = 100.0%)
1  ... 

Histogram: SafeBrowsing.V4Store.IsStoreValid.UrlUws recorded 1 samples, mean = 0.0 (flags = 0x1)
0  -O                                                                        (1 = 100.0%)
1  ... 

Histogram: SafeBrowsing.V4Store.ReadyOnStartup recorded 11 samples, mean = 0.0 (flags = 0x1)
0  -----------O                                                              (11 = 100.0%)
1  ... 

Histogram: SafeBrowsing.V4StoreRead.Result recorded 11 samples, mean = 2.0 (flags = 0x1)
0  ... 
2  -----------O                                                              (11 = 100.0%) {0.0%}
3  ... 

Histogram: Scheduling.MessagePumpTimeKeeper.BrowserIO recorded 0 samples (flags = 0x1)
0 ... 

Histogram: Scheduling.MessagePumpTimeKeeper.BrowserUI recorded 556 samples, mean = 5.0 (flags = 0x1)
0  ... 
5  ------------------------------------------------------------------------O (556 = 100.0%) {0.0%}
6  ... 

Histogram: Scheduling.ThreadController.ActiveIntervalDuration.Any.BrowserUI recorded 1 samples, mean = 0.0 (flags = 0x1)
0  -O                                                                        (1 = 100.0%)
1  ... 

Histogram: Scheduling.ThreadController.ActiveIntervalDuration.Any.Other recorded 1 samples, mean = 0.0 (flags = 0x1)
0  -O                                                                        (1 = 100.0%)
1  ... 

Histogram: Scheduling.ThreadController.ActiveIntervalDuration.Short.BrowserUI recorded 1 samples, mean = 263.0 (flags = 0x1)
0    ... 
258  -O                                                                        (1 = 100.0%) {0.0%}
271  ... 

Histogram: Scheduling.ThreadController.ActiveIntervalDuration.Short.Other recorded 1 samples, mean = 20.0 (flags = 0x1)
0   ... 
20  -O                                                                        (1 = 100.0%) {0.0%}
21  ... 

Histogram: Scheduling.ThreadController.ActiveIntervalOffCpuDuration.Any.BrowserUI recorded 1 samples, mean = 0.0 (flags = 0x1)
0  -O                                                                        (1 = 100.0%)
1  ... 

Histogram: Scheduling.ThreadController.ActiveIntervalOffCpuDuration.Any.Other recorded 1 samples, mean = 0.0 (flags = 0x1)
0  -O                                                                        (1 = 100.0%)
1  ... 

Histogram: Scheduling.ThreadController.ActiveIntervalOffCpuDuration.Short.BrowserUI recorded 1 samples, mean = 153.0 (flags = 0x1)
0    ... 
149  -O                                                                        (1 = 100.0%) {0.0%}
157  ... 

Histogram: Scheduling.ThreadController.ActiveIntervalOffCpuDuration.Short.Other recorded 1 samples, mean = 6.0 (flags = 0x1)
0  ... 
6  -O                                                                        (1 = 100.0%) {0.0%}
7  ... 

Histogram: Scheduling.ThreadController.ActiveIntervalOnCpuDuration.Any.BrowserUI recorded 1 samples, mean = 0.0 (flags = 0x1)
0  -O                                                                        (1 = 100.0%)
1  ... 

Histogram: Scheduling.ThreadController.ActiveIntervalOnCpuDuration.Any.Other recorded 1 samples, mean = 0.0 (flags = 0x1)
0  -O                                                                        (1 = 100.0%)
1  ... 

Histogram: Scheduling.ThreadController.ActiveIntervalOnCpuDuration.Short.BrowserUI recorded 1 samples, mean = 110.0 (flags = 0x1)
0    ... 
110  -O                                                                        (1 = 100.0%) {0.0%}
116  ... 

Histogram: Scheduling.ThreadController.ActiveIntervalOnCpuDuration.Short.Other recorded 1 samples, mean = 14.0 (flags = 0x1)
0   ... 
14  -O                                                                        (1 = 100.0%) {0.0%}
15  ... 

Histogram: Scheduling.ThreadController.ActiveIntervalOnCpuPercentage.Any.BrowserUI recorded 1 samples, mean = 41.0 (flags = 0x1)
0   ... 
41  -O                                                                        (1 = 100.0%) {0.0%}
42  ... 

Histogram: Scheduling.ThreadController.ActiveIntervalOnCpuPercentage.Any.Other recorded 1 samples, mean = 70.0 (flags = 0x1)
0   ... 
70  -O                                                                        (1 = 100.0%) {0.0%}
71  ... 

Histogram: Scheduling.ThreadController.ActiveIntervalOnCpuPercentage.Short.BrowserUI recorded 1 samples, mean = 41.0 (flags = 0x1)
0   ... 
41  -O                                                                        (1 = 100.0%) {0.0%}
42  ... 

Histogram: Scheduling.ThreadController.ActiveIntervalOnCpuPercentage.Short.Other recorded 1 samples, mean = 70.0 (flags = 0x1)
0   ... 
70  -O                                                                        (1 = 100.0%) {0.0%}
71  ... 

Histogram: Scheduling.ThreadController.IdleDuration.Any.BrowserUI recorded 1 samples, mean = 4.0 (flags = 0x1)
0  ... 
4  -O                                                                        (1 = 100.0%) {0.0%}
5  ... 

Histogram: Scheduling.ThreadController.IdleDuration.Any.Other recorded 1 samples, mean = 0.0 (flags = 0x1)
0  -O                                                                        (1 = 100.0%)
1  ... 

Histogram: Scheduling.ThreadController.IdleDuration.Medium.BrowserUI recorded 1 samples, mean = 4.0 (flags = 0x1)
0  ... 
4  -O                                                                        (1 = 100.0%) {0.0%}
5  ... 

Histogram: Scheduling.ThreadController.IdleDuration.Short.Other recorded 1 samples, mean = 84.0 (flags = 0x1)
0   ... 
82  -O                                                                        (1 = 100.0%) {0.0%}
86  ... 

Histogram: Search.ChoiceDebug.UnknownCountryIdStored recorded 1 samples, mean = 5.0 (flags = 0x1)
0  ... 
5  -O                                                                        (1 = 100.0%) {0.0%}
6  O                                                                         (0 = 0.0%) {100.0%}

Histogram: Search.DefaultSearchEngineMirrorCheckOutcome recorded 1 samples, mean = 0.0 (flags = 0x1)
0  -O                                                                        (1 = 100.0%)
1  ... 

Histogram: Search.DefaultSearchEngineMirrored recorded 1 samples, mean = 1.0 (flags = 0x1)
0  O                                                                         (0 = 0.0%)
1  -O                                                                        (1 = 100.0%) {0.0%}
2  O                                                                         (0 = 0.0%) {100.0%}

Histogram: Search.DefaultSearchProviderType2 recorded 1 samples, mean = 14.0 (flags = 0x1)
0   ... 
14  -O                                                                        (1 = 100.0%) {0.0%}
15  ... 

Histogram: Search.DefaultSearchProviderType2.Fallback recorded 1 samples, mean = 14.0 (flags = 0x1)
0   ... 
14  -O                                                                        (1 = 100.0%) {0.0%}
15  ... 

Histogram: Search.SearchProviderOverrideStatus recorded 2 samples, mean = 0.0 (flags = 0x1)
0  --O                                                                       (2 = 100.0%)
1  ... 

Histogram: Security.GwpAsan.Activated.Malloc.Browser recorded 1 samples, mean = 0.0 (flags = 0x1)
0  -O                                                                        (1 = 100.0%)
1  ... 

Histogram: Security.GwpAsan.Activated.PartitionAlloc.Browser recorded 1 samples, mean = 0.0 (flags = 0x1)
0  -O                                                                        (1 = 100.0%)
1  ... 

Histogram: Security.HttpsFirstMode.SettingEnabledAtStartup2 recorded 1 samples, mean = 0.0 (flags = 0x1)
0  -O                                                                        (1 = 100.0%)
1  ... 

Histogram: Security.NavigationRequestSecurityLevel recorded 3 samples, mean = 4.3 (flags = 0x1)
0  O                                                                         (0 = 0.0%)
1  -O                                                                        (1 = 33.3%) {0.0%}
2  ... 
6  --O                                                                       (2 = 66.7%) {33.3%}
7  ... 

Histogram: Security.PageEndReason.SECURE recorded 1 samples, mean = 6.0 (flags = 0x1)
0  ... 
6  -O                                                                        (1 = 100.0%) {0.0%}
7  ... 

Histogram: Security.PageEndReason.SafetyTip_None recorded 1 samples, mean = 6.0 (flags = 0x1)
0  ... 
6  -O                                                                        (1 = 100.0%) {0.0%}
7  ... 

Histogram: Security.SafetyTips.GetReputationStatusWithEngagedSitesTime recorded 1 samples, mean = 0.0 (flags = 0x1)
0  -O                                                                        (1 = 100.0%)
1  ... 

Histogram: Security.SafetyTips.ReputationCheckComplete.DidFinishNavigation recorded 1 samples, mean = 1.0 (flags = 0x1)
0  O                                                                         (0 = 0.0%)
1  -O                                                                        (1 = 100.0%) {0.0%}
2  ... 

Histogram: Security.SafetyTips.SafetyTipShown recorded 1 samples, mean = 1.0 (flags = 0x1)
0  O                                                                         (0 = 0.0%)
1  -O                                                                        (1 = 100.0%) {0.0%}
2  ... 

Histogram: Security.SafetyTips.StatusWithInitiator.Unknown recorded 1 samples, mean = 1.0 (flags = 0x1)
0  O                                                                         (0 = 0.0%)
1  -O                                                                        (1 = 100.0%) {0.0%}
2  ... 

Histogram: Security.SecurityLevel.OnCommit recorded 1 samples, mean = 3.0 (flags = 0x1)
0  ... 
3  -O                                                                        (1 = 100.0%) {0.0%}
4  ... 

Histogram: Security.SecurityLevel.OnComplete recorded 1 samples, mean = 3.0 (flags = 0x1)
0  ... 
3  -O                                                                        (1 = 100.0%) {0.0%}
4  ... 

Histogram: Security.SiteEngagement.SECURE recorded 1 samples, mean = 3.0 (flags = 0x1)
0  ... 
3  -O                                                                        (1 = 100.0%) {0.0%}
4  ... 

Histogram: Security.SiteEngagement.SafetyTip_None recorded 1 samples, mean = 3.0 (flags = 0x1)
0  ... 
3  -O                                                                        (1 = 100.0%) {0.0%}
4  ... 

Histogram: Security.TimeOnPage2.SECURE recorded 1 samples, mean = 1415.0 (flags = 0x1)
0     ... 
1349  -O                                                                        (1 = 100.0%) {0.0%}
1557  ... 

Histogram: Security.TimeOnPage2.SafetyTip_None recorded 1 samples, mean = 1415.0 (flags = 0x1)
0     ... 
1349  -O                                                                        (1 = 100.0%) {0.0%}
1557  ... 

Histogram: SegmentationPlatform.DefaultModelDelivery.Metadata.FeatureCount.ChromeLowUserEngagement recorded 1 samples, mean = 1.0 (flags = 0x1)
0  O                                                                         (0 = 0.0%)
1  -O                                                                        (1 = 100.0%) {0.0%}
2  ... 

Histogram: SegmentationPlatform.DefaultModelDelivery.Metadata.FeatureCount.ChromeUserEngagement recorded 1 samples, mean = 1.0 (flags = 0x1)
0  O                                                                         (0 = 0.0%)
1  -O                                                                        (1 = 100.0%) {0.0%}
2  ... 

Histogram: SegmentationPlatform.DefaultModelDelivery.Metadata.FeatureCount.ComposePromotion recorded 1 samples, mean = 1.0 (flags = 0x1)
0  O                                                                         (0 = 0.0%)
1  -O                                                                        (1 = 100.0%) {0.0%}
2  ... 

Histogram: SegmentationPlatform.DefaultModelDelivery.Metadata.FeatureCount.CrossDeviceUserSegment recorded 1 samples, mean = 4.0 (flags = 0x1)
0  ... 
4  -O                                                                        (1 = 100.0%) {0.0%}
5  ... 

Histogram: SegmentationPlatform.DefaultModelDelivery.Metadata.FeatureCount.DatabaseApiClients recorded 1 samples, mean = 3.0 (flags = 0x1)
0  ... 
3  -O                                                                        (1 = 100.0%) {0.0%}
4  ... 

Histogram: SegmentationPlatform.DefaultModelDelivery.Metadata.FeatureCount.DeviceSwitcher recorded 1 samples, mean = 1.0 (flags = 0x1)
0  O                                                                         (0 = 0.0%)
1  -O                                                                        (1 = 100.0%) {0.0%}
2  ... 

Histogram: SegmentationPlatform.DefaultModelDelivery.Metadata.FeatureCount.PasswordManagerUser recorded 1 samples, mean = 7.0 (flags = 0x1)
0  ... 
7  -O                                                                        (1 = 100.0%) {0.0%}
8  ... 

Histogram: SegmentationPlatform.DefaultModelDelivery.Metadata.FeatureCount.ResumeHeavyUserSegment recorded 1 samples, mean = 5.0 (flags = 0x1)
0  ... 
5  -O                                                                        (1 = 100.0%) {0.0%}
6  ... 

Histogram: SegmentationPlatform.DefaultModelDelivery.Metadata.FeatureCount.SearchUser recorded 1 samples, mean = 2.0 (flags = 0x1)
0  ... 
2  -O                                                                        (1 = 100.0%) {0.0%}
3  ... 

Histogram: SegmentationPlatform.DefaultModelDelivery.Metadata.FeatureCount.ShoppingUser recorded 1 samples, mean = 4.0 (flags = 0x1)
0  ... 
4  -O                                                                        (1 = 100.0%) {0.0%}
5  ... 

Histogram: SegmentationPlatform.DefaultModelDelivery.Metadata.FeatureCount.UrlVisitResumptionRanker recorded 1 samples, mean = 25.0 (flags = 0x1)
0   ... 
23  -O                                                                        (1 = 100.0%) {0.0%}
26  ... 

Histogram: SegmentationPlatform.DefaultModelDelivery.Metadata.Validation.Processed.ChromeLowUserEngagement recorded 1 samples, mean = 0.0 (flags = 0x1)
0  -O                                                                        (1 = 100.0%)
1  ... 

Histogram: SegmentationPlatform.DefaultModelDelivery.Metadata.Validation.Processed.ChromeUserEngagement recorded 1 samples, mean = 0.0 (flags = 0x1)
0  -O                                                                        (1 = 100.0%)
1  ... 

Histogram: SegmentationPlatform.DefaultModelDelivery.Metadata.Validation.Processed.ComposePromotion recorded 1 samples, mean = 0.0 (flags = 0x1)
0  -O                                                                        (1 = 100.0%)
1  ... 

Histogram: SegmentationPlatform.DefaultModelDelivery.Metadata.Validation.Processed.CrossDeviceUserSegment recorded 1 samples, mean = 0.0 (flags = 0x1)
0  -O                                                                        (1 = 100.0%)
1  ... 

Histogram: SegmentationPlatform.DefaultModelDelivery.Metadata.Validation.Processed.DatabaseApiClients recorded 1 samples, mean = 0.0 (flags = 0x1)
0  -O                                                                        (1 = 100.0%)
1  ... 

Histogram: SegmentationPlatform.DefaultModelDelivery.Metadata.Validation.Processed.DeviceSwitcher recorded 1 samples, mean = 0.0 (flags = 0x1)
0  -O                                                                        (1 = 100.0%)
1  ... 

Histogram: SegmentationPlatform.DefaultModelDelivery.Metadata.Validation.Processed.PasswordManagerUser recorded 1 samples, mean = 0.0 (flags = 0x1)
0  -O                                                                        (1 = 100.0%)
1  ... 

Histogram: SegmentationPlatform.DefaultModelDelivery.Metadata.Validation.Processed.ResumeHeavyUserSegment recorded 1 samples, mean = 0.0 (flags = 0x1)
0  -O                                                                        (1 = 100.0%)
1  ... 

Histogram: SegmentationPlatform.DefaultModelDelivery.Metadata.Validation.Processed.SearchUser recorded 1 samples, mean = 0.0 (flags = 0x1)
0  -O                                                                        (1 = 100.0%)
1  ... 

Histogram: SegmentationPlatform.DefaultModelDelivery.Metadata.Validation.Processed.ShoppingUser recorded 1 samples, mean = 0.0 (flags = 0x1)
0  -O                                                                        (1 = 100.0%)
1  ... 

Histogram: SegmentationPlatform.DefaultModelDelivery.Metadata.Validation.Processed.UrlVisitResumptionRanker recorded 1 samples, mean = 0.0 (flags = 0x1)
0  -O                                                                        (1 = 100.0%)
1  ... 

Histogram: SegmentationPlatform.DefaultModelDelivery.Received recorded 11 samples (flags = 0x1)
16    -O                                                                        (1 = 9.1%)
21    -O                                                                        (1 = 9.1%)
23    -O                                                                        (1 = 9.1%)
27    -O                                                                        (1 = 9.1%)
45    -O                                                                        (1 = 9.1%)
46    -O                                                                        (1 = 9.1%)
1001  -O                                                                        (1 = 9.1%)
1004  -O                                                                        (1 = 9.1%)
1007  -O                                                                        (1 = 9.1%)
1009  -O                                                                        (1 = 9.1%)
1014  -O                                                                        (1 = 9.1%)

Histogram: SegmentationPlatform.DefaultModelDelivery.SaveResult.ChromeLowUserEngagement recorded 1 samples, mean = 1.0 (flags = 0x1)
0  O                                                                         (0 = 0.0%)
1  -O                                                                        (1 = 100.0%) {0.0%}
2  O                                                                         (0 = 0.0%) {100.0%}

Histogram: SegmentationPlatform.DefaultModelDelivery.SaveResult.ChromeUserEngagement recorded 1 samples, mean = 1.0 (flags = 0x1)
0  O                                                                         (0 = 0.0%)
1  -O                                                                        (1 = 100.0%) {0.0%}
2  O                                                                         (0 = 0.0%) {100.0%}

Histogram: SegmentationPlatform.DefaultModelDelivery.SaveResult.ComposePromotion recorded 1 samples, mean = 1.0 (flags = 0x1)
0  O                                                                         (0 = 0.0%)
1  -O                                                                        (1 = 100.0%) {0.0%}
2  O                                                                         (0 = 0.0%) {100.0%}

Histogram: SegmentationPlatform.DefaultModelDelivery.SaveResult.CrossDeviceUserSegment recorded 1 samples, mean = 1.0 (flags = 0x1)
0  O                                                                         (0 = 0.0%)
1  -O                                                                        (1 = 100.0%) {0.0%}
2  O                                                                         (0 = 0.0%) {100.0%}

Histogram: SegmentationPlatform.DefaultModelDelivery.SaveResult.DatabaseApiClients recorded 1 samples, mean = 1.0 (flags = 0x1)
0  O                                                                         (0 = 0.0%)
1  -O                                                                        (1 = 100.0%) {0.0%}
2  O                                                                         (0 = 0.0%) {100.0%}

Histogram: SegmentationPlatform.DefaultModelDelivery.SaveResult.DeviceSwitcher recorded 1 samples, mean = 1.0 (flags = 0x1)
0  O                                                                         (0 = 0.0%)
1  -O                                                                        (1 = 100.0%) {0.0%}
2  O                                                                         (0 = 0.0%) {100.0%}

Histogram: SegmentationPlatform.DefaultModelDelivery.SaveResult.PasswordManagerUser recorded 1 samples, mean = 1.0 (flags = 0x1)
0  O                                                                         (0 = 0.0%)
1  -O                                                                        (1 = 100.0%) {0.0%}
2  O                                                                         (0 = 0.0%) {100.0%}

Histogram: SegmentationPlatform.DefaultModelDelivery.SaveResult.ResumeHeavyUserSegment recorded 1 samples, mean = 1.0 (flags = 0x1)
0  O                                                                         (0 = 0.0%)
1  -O                                                                        (1 = 100.0%) {0.0%}
2  O                                                                         (0 = 0.0%) {100.0%}

Histogram: SegmentationPlatform.DefaultModelDelivery.SaveResult.SearchUser recorded 1 samples, mean = 1.0 (flags = 0x1)
0  O                                                                         (0 = 0.0%)
1  -O                                                                        (1 = 100.0%) {0.0%}
2  O                                                                         (0 = 0.0%) {100.0%}

Histogram: SegmentationPlatform.DefaultModelDelivery.SaveResult.ShoppingUser recorded 1 samples, mean = 1.0 (flags = 0x1)
0  O                                                                         (0 = 0.0%)
1  -O                                                                        (1 = 100.0%) {0.0%}
2  O                                                                         (0 = 0.0%) {100.0%}

Histogram: SegmentationPlatform.DefaultModelDelivery.SaveResult.UrlVisitResumptionRanker recorded 1 samples, mean = 1.0 (flags = 0x1)
0  O                                                                         (0 = 0.0%)
1  -O                                                                        (1 = 100.0%) {0.0%}
2  O                                                                         (0 = 0.0%) {100.0%}

Histogram: SegmentationPlatform.Init.CreationToInitializationLatency recorded 1 samples, mean = 644.0 (flags = 0x1)
0    ... 
574  -O                                                                        (1 = 100.0%) {0.0%}
729  ... 

Histogram: SegmentationPlatform.Init.ModelUpdatedTimeDifferenceInDays.ChromeLowUserEngagement recorded 1 samples, mean = 0.0 (flags = 0x1)
0  -O                                                                        (1 = 100.0%)
1  ... 

Histogram: SegmentationPlatform.Init.ModelUpdatedTimeDifferenceInDays.ChromeUserEngagement recorded 1 samples, mean = 0.0 (flags = 0x1)
0  -O                                                                        (1 = 100.0%)
1  ... 

Histogram: SegmentationPlatform.Init.ModelUpdatedTimeDifferenceInDays.ComposePromotion recorded 1 samples, mean = 0.0 (flags = 0x1)
0  -O                                                                        (1 = 100.0%)
1  ... 

Histogram: SegmentationPlatform.Init.ModelUpdatedTimeDifferenceInDays.CrossDeviceUserSegment recorded 1 samples, mean = 0.0 (flags = 0x1)
0  -O                                                                        (1 = 100.0%)
1  ... 

Histogram: SegmentationPlatform.Init.ModelUpdatedTimeDifferenceInDays.DatabaseApiClients recorded 1 samples, mean = 0.0 (flags = 0x1)
0  -O                                                                        (1 = 100.0%)
1  ... 

Histogram: SegmentationPlatform.Init.ModelUpdatedTimeDifferenceInDays.DeviceSwitcher recorded 1 samples, mean = 0.0 (flags = 0x1)
0  -O                                                                        (1 = 100.0%)
1  ... 

Histogram: SegmentationPlatform.Init.ModelUpdatedTimeDifferenceInDays.PasswordManagerUser recorded 1 samples, mean = 0.0 (flags = 0x1)
0  -O                                                                        (1 = 100.0%)
1  ... 

Histogram: SegmentationPlatform.Init.ModelUpdatedTimeDifferenceInDays.ResumeHeavyUserSegment recorded 1 samples, mean = 0.0 (flags = 0x1)
0  -O                                                                        (1 = 100.0%)
1  ... 

Histogram: SegmentationPlatform.Init.ModelUpdatedTimeDifferenceInDays.SearchUser recorded 1 samples, mean = 0.0 (flags = 0x1)
0  -O                                                                        (1 = 100.0%)
1  ... 

Histogram: SegmentationPlatform.Init.ModelUpdatedTimeDifferenceInDays.ShoppingUser recorded 1 samples, mean = 0.0 (flags = 0x1)
0  -O                                                                        (1 = 100.0%)
1  ... 

Histogram: SegmentationPlatform.Init.ModelUpdatedTimeDifferenceInDays.UrlVisitResumptionRanker recorded 1 samples, mean = 0.0 (flags = 0x1)
0  -O                                                                        (1 = 100.0%)
1  ... 

Histogram: SegmentationPlatform.Init.ProcessCreationToServiceCreationLatency recorded 1 samples, mean = 7042852.0 (flags = 0x1)
0       ... 
180000  -O                                                                        (1 = 100.0%) {0.0%}

Histogram: SegmentationPlatform.ModelAvailability.ChromeLowUserEngagement recorded 1 samples, mean = 0.0 (flags = 0x1)
0  -O                                                                        (1 = 100.0%)
1  ... 

Histogram: SegmentationPlatform.ModelAvailability.ComposePromotion recorded 1 samples, mean = 0.0 (flags = 0x1)
0  -O                                                                        (1 = 100.0%)
1  ... 

Histogram: SegmentationPlatform.ModelAvailability.DeviceSwitcher recorded 1 samples, mean = 0.0 (flags = 0x1)
0  -O                                                                        (1 = 100.0%)
1  ... 

Histogram: SegmentationPlatform.ModelAvailability.SearchUser recorded 1 samples, mean = 0.0 (flags = 0x1)
0  -O                                                                        (1 = 100.0%)
1  ... 

Histogram: SegmentationPlatform.ModelAvailability.ShoppingUser recorded 1 samples, mean = 0.0 (flags = 0x1)
0  -O                                                                        (1 = 100.0%)
1  ... 

Histogram: SegmentationPlatform.ModelAvailability.UrlVisitResumptionRanker recorded 1 samples, mean = 0.0 (flags = 0x1)
0  -O                                                                        (1 = 100.0%)
1  ... 

Histogram: SegmentationPlatform.SegmentInfoDatabase.ProtoDBUpdateResult.ChromeLowUserEngagement recorded 1 samples, mean = 1.0 (flags = 0x1)
0  O                                                                         (0 = 0.0%)
1  -O                                                                        (1 = 100.0%) {0.0%}
2  O                                                                         (0 = 0.0%) {100.0%}

Histogram: SegmentationPlatform.SegmentInfoDatabase.ProtoDBUpdateResult.ChromeUserEngagement recorded 1 samples, mean = 1.0 (flags = 0x1)
0  O                                                                         (0 = 0.0%)
1  -O                                                                        (1 = 100.0%) {0.0%}
2  O                                                                         (0 = 0.0%) {100.0%}

Histogram: SegmentationPlatform.SegmentInfoDatabase.ProtoDBUpdateResult.ComposePromotion recorded 1 samples, mean = 1.0 (flags = 0x1)
0  O                                                                         (0 = 0.0%)
1  -O                                                                        (1 = 100.0%) {0.0%}
2  O                                                                         (0 = 0.0%) {100.0%}

Histogram: SegmentationPlatform.SegmentInfoDatabase.ProtoDBUpdateResult.CrossDeviceUserSegment recorded 1 samples, mean = 1.0 (flags = 0x1)
0  O                                                                         (0 = 0.0%)
1  -O                                                                        (1 = 100.0%) {0.0%}
2  O                                                                         (0 = 0.0%) {100.0%}

Histogram: SegmentationPlatform.SegmentInfoDatabase.ProtoDBUpdateResult.DatabaseApiClients recorded 1 samples, mean = 1.0 (flags = 0x1)
0  O                                                                         (0 = 0.0%)
1  -O                                                                        (1 = 100.0%) {0.0%}
2  O                                                                         (0 = 0.0%) {100.0%}

Histogram: SegmentationPlatform.SegmentInfoDatabase.ProtoDBUpdateResult.DeviceSwitcher recorded 1 samples, mean = 1.0 (flags = 0x1)
0  O                                                                         (0 = 0.0%)
1  -O                                                                        (1 = 100.0%) {0.0%}
2  O                                                                         (0 = 0.0%) {100.0%}

Histogram: SegmentationPlatform.SegmentInfoDatabase.ProtoDBUpdateResult.PasswordManagerUser recorded 1 samples, mean = 1.0 (flags = 0x1)
0  O                                                                         (0 = 0.0%)
1  -O                                                                        (1 = 100.0%) {0.0%}
2  O                                                                         (0 = 0.0%) {100.0%}

Histogram: SegmentationPlatform.SegmentInfoDatabase.ProtoDBUpdateResult.ResumeHeavyUserSegment recorded 1 samples, mean = 1.0 (flags = 0x1)
0  O                                                                         (0 = 0.0%)
1  -O                                                                        (1 = 100.0%) {0.0%}
2  O                                                                         (0 = 0.0%) {100.0%}

Histogram: SegmentationPlatform.SegmentInfoDatabase.ProtoDBUpdateResult.SearchUser recorded 1 samples, mean = 1.0 (flags = 0x1)
0  O                                                                         (0 = 0.0%)
1  -O                                                                        (1 = 100.0%) {0.0%}
2  O                                                                         (0 = 0.0%) {100.0%}

Histogram: SegmentationPlatform.SegmentInfoDatabase.ProtoDBUpdateResult.ShoppingUser recorded 1 samples, mean = 1.0 (flags = 0x1)
0  O                                                                         (0 = 0.0%)
1  -O                                                                        (1 = 100.0%) {0.0%}
2  O                                                                         (0 = 0.0%) {100.0%}

Histogram: SegmentationPlatform.SegmentInfoDatabase.ProtoDBUpdateResult.UrlVisitResumptionRanker recorded 1 samples, mean = 1.0 (flags = 0x1)
0  O                                                                         (0 = 0.0%)
1  -O                                                                        (1 = 100.0%) {0.0%}
2  O                                                                         (0 = 0.0%) {100.0%}

Histogram: SegmentationPlatform.SelectionFailedReason.ChromeLowUserEngagement recorded 1 samples, mean = 17.0 (flags = 0x1)
0   ... 
17  -O                                                                        (1 = 100.0%) {0.0%}
18  ... 

Histogram: SegmentationPlatform.SelectionFailedReason.ChromeUserEngagement recorded 1 samples, mean = 17.0 (flags = 0x1)
0   ... 
17  -O                                                                        (1 = 100.0%) {0.0%}
18  ... 

Histogram: SegmentationPlatform.SelectionFailedReason.ComposePromotion recorded 1 samples, mean = 17.0 (flags = 0x1)
0   ... 
17  -O                                                                        (1 = 100.0%) {0.0%}
18  ... 

Histogram: SegmentationPlatform.SelectionFailedReason.CrossDeviceUser recorded 1 samples, mean = 17.0 (flags = 0x1)
0   ... 
17  -O                                                                        (1 = 100.0%) {0.0%}
18  ... 

Histogram: SegmentationPlatform.SelectionFailedReason.DatabaseApiClients recorded 1 samples, mean = 17.0 (flags = 0x1)
0   ... 
17  -O                                                                        (1 = 100.0%) {0.0%}
18  ... 

Histogram: SegmentationPlatform.SelectionFailedReason.DeviceSwitcher recorded 1 samples, mean = 17.0 (flags = 0x1)
0   ... 
17  -O                                                                        (1 = 100.0%) {0.0%}
18  ... 

Histogram: SegmentationPlatform.SelectionFailedReason.PasswordManagerUser recorded 1 samples, mean = 17.0 (flags = 0x1)
0   ... 
17  -O                                                                        (1 = 100.0%) {0.0%}
18  ... 

Histogram: SegmentationPlatform.SelectionFailedReason.ResumeHeavyUser recorded 1 samples, mean = 17.0 (flags = 0x1)
0   ... 
17  -O                                                                        (1 = 100.0%) {0.0%}
18  ... 

Histogram: SegmentationPlatform.SelectionFailedReason.SearchUser recorded 1 samples, mean = 17.0 (flags = 0x1)
0   ... 
17  -O                                                                        (1 = 100.0%) {0.0%}
18  ... 

Histogram: SegmentationPlatform.SelectionFailedReason.ShoppingUser recorded 1 samples, mean = 17.0 (flags = 0x1)
0   ... 
17  -O                                                                        (1 = 100.0%) {0.0%}
18  ... 

Histogram: SegmentationPlatform.SelectionFailedReason.URLVisitResumptionRanker recorded 1 samples, mean = 17.0 (flags = 0x1)
0   ... 
17  -O                                                                        (1 = 100.0%) {0.0%}
18  ... 

Histogram: SegmentationPlatform.Signals.ListeningCount.HistogramEnum recorded 1 samples, mean = 7.0 (flags = 0x1)
0  ... 
7  -O                                                                        (1 = 100.0%) {0.0%}
8  ... 

Histogram: SegmentationPlatform.Signals.ListeningCount.HistogramValue recorded 1 samples, mean = 7.0 (flags = 0x1)
0  ... 
7  -O                                                                        (1 = 100.0%) {0.0%}
8  ... 

Histogram: SegmentationPlatform.Signals.ListeningCount.UserAction recorded 1 samples, mean = 7.0 (flags = 0x1)
0  ... 
7  -O                                                                        (1 = 100.0%) {0.0%}
8  ... 

Histogram: SegmentationPlatform.SyncSessions.TabsCountAtStartup recorded 1 samples, mean = 0.0 (flags = 0x1)
0  -O                                                                        (1 = 100.0%)
1  ... 

Histogram: SegmentationPlatform.UkmDatabase.InitTime recorded 1 samples, mean = 22.0 (flags = 0x1)
0   ... 
20  -O                                                                        (1 = 100.0%) {0.0%}
24  ... 

Histogram: ServiceWorker.Database.OpenResult recorded 1 samples, mean = 0.0 (flags = 0x1)
0  -O                                                                        (1 = 100.0%)
1  ... 

Histogram: ServiceWorker.Database.ReadResult recorded 3 samples, mean = 0.0 (flags = 0x1)
0  ---O                                                                      (3 = 100.0%)
1  ... 

Histogram: ServiceWorker.Database.WriteResult recorded 3 samples, mean = 0.0 (flags = 0x1)
0  ---O                                                                      (3 = 100.0%)
1  ... 

Histogram: ServiceWorker.DiskCache.InitResult recorded 1 samples, mean = 1.0 (flags = 0x1)
0  O                                                                         (0 = 0.0%)
1  -O                                                                        (1 = 100.0%) {0.0%}
2  O                                                                         (0 = 0.0%) {100.0%}

Histogram: ServiceWorker.DiskCache.WriteResponseResult recorded 2 samples, mean = 0.0 (flags = 0x1)
0  --O                                                                       (2 = 100.0%)
1  ... 

Histogram: ServiceWorker.FindRegistrationForClientUrl.IsCalledForNavigation recorded 4 samples, mean = 0.2 (flags = 0x1)
0  ---O                                                                      (3 = 75.0%)
1  -O                                                                        (1 = 25.0%) {75.0%}
2  O                                                                         (0 = 0.0%) {100.0%}

Histogram: ServiceWorker.FindRegistrationForClientUrl.SkippedMojoCall.OnNavigation2 recorded 1 samples, mean = 1.0 (flags = 0x1)
0  O                                                                         (0 = 0.0%)
1  -O                                                                        (1 = 100.0%) {0.0%}
2  O                                                                         (0 = 0.0%) {100.0%}

Histogram: ServiceWorker.FindRegistrationForClientUrl.SkippedMojoCall.OnNavigation2.StorageKeyIsFirstParty recorded 1 samples, mean = 1.0 (flags = 0x1)
0  O                                                                         (0 = 0.0%)
1  -O                                                                        (1 = 100.0%) {0.0%}
2  O                                                                         (0 = 0.0%) {100.0%}

Histogram: ServiceWorker.FoundServiceWorkerRegistrationOnNavigation recorded 1 samples, mean = 0.0 (flags = 0x1)
0  -O                                                                        (1 = 100.0%)
1  ... 

Histogram: ServiceWorker.OnBrowserStartup.FirstFindRegistrationForClientUrl.Time recorded 1 samples, mean = 48.0 (flags = 0x1)
0   ... 
41  -O                                                                        (1 = 100.0%) {0.0%}
52  ... 

Histogram: ServiceWorker.OnBrowserStartup.SkipServiceWorkerOnFirstNavigation recorded 1 samples, mean = 0.0 (flags = 0x1)
0  -O                                                                        (1 = 100.0%)
1  ... 

Histogram: ServiceWorker.RegisteredStorageKeyCount recorded 2 samples, mean = 0.0 (flags = 0x1)
0  --O                                                                       (2 = 100.0%)
1  ... 

Histogram: ServiceWorker.Storage.ReadInitialDataFromDB.Time recorded 2 samples, mean = 2.0 (flags = 0x1)
0  -O                                                                        (1 = 50.0%)
1  ... 
4  -O                                                                        (1 = 50.0%) {50.0%}
5  ... 

Histogram: ServiceWorker.Storage.RegisteredStorageKeyCacheInitialization.Time2 recorded 2 samples, mean = 142.5 (flags = 0x1)
0    ... 
107  -O                                                                        (1 = 50.0%) {0.0%}
136  -O                                                                        (1 = 50.0%) {50.0%}
173  ... 

Histogram: ServiceWorkerCache.CacheStorage.Scheduler.OperationDuration2 recorded 1 samples, mean = 0.0 (flags = 0x1)
0  -O                                                                        (1 = 100.0%)
1  ... 

Histogram: ServiceWorkerCache.CacheStorage.Scheduler.OperationDuration2.Init recorded 1 samples, mean = 0.0 (flags = 0x1)
0  -O                                                                        (1 = 100.0%)
1  ... 

Histogram: ServiceWorkerCache.CacheStorage.Scheduler.QueueDuration2 recorded 1 samples, mean = 0.0 (flags = 0x1)
0  -O                                                                        (1 = 100.0%)
1  ... 

Histogram: ServiceWorkerCache.CacheStorage.Scheduler.QueueDuration2.Init recorded 1 samples, mean = 0.0 (flags = 0x1)
0  -O                                                                        (1 = 100.0%)
1  ... 

Histogram: ServiceWorkerCache.CacheStorage.Scheduler.QueueLength recorded 1 samples, mean = 0.0 (flags = 0x1)
0  -O                                                                        (1 = 100.0%)
1  ... 

Histogram: ServiceWorkerCache.CacheStorage.Scheduler.QueueLength.Init recorded 1 samples, mean = 0.0 (flags = 0x1)
0  -O                                                                        (1 = 100.0%)
1  ... 

Histogram: SessionRestore.UnrecoverableWriteErrorCount recorded 1 samples, mean = 0.0 (flags = 0x1)
0  -O                                                                        (1 = 100.0%)
1  ... 

Histogram: Settings.AdvancedSpellcheck.OnStartup2 recorded 1 samples, mean = 0.0 (flags = 0x1)
0  -O                                                                        (1 = 100.0%)
1  ... 

Histogram: Settings.AutocompleteSearches.OnStartup2 recorded 1 samples, mean = 1.0 (flags = 0x1)
0  O                                                                         (0 = 0.0%)
1  -O                                                                        (1 = 100.0%) {0.0%}
2  O                                                                         (0 = 0.0%) {100.0%}

Histogram: Settings.FirstPartySets.State recorded 1 samples, mean = 0.0 (flags = 0x1)
0  -O                                                                        (1 = 100.0%)
1  ... 

Histogram: Settings.PreloadStatus.OnStartup3 recorded 1 samples, mean = 1.0 (flags = 0x1)
0  O                                                                         (0 = 0.0%)
1  -O                                                                        (1 = 100.0%) {0.0%}
2  ... 

Histogram: Settings.PrivacySandbox.AdMeasurement.Enabled recorded 1 samples, mean = 0.0 (flags = 0x1)
0  -O                                                                        (1 = 100.0%)
1  ... 

Histogram: Settings.PrivacySandbox.Fledge.Enabled recorded 1 samples, mean = 0.0 (flags = 0x1)
0  -O                                                                        (1 = 100.0%)
1  ... 

Histogram: Settings.PrivacySandbox.Topics.Enabled recorded 1 samples, mean = 0.0 (flags = 0x1)
0  -O                                                                        (1 = 100.0%)
1  ... 

Histogram: Settings.StartupPageLoadSettings2 recorded 1 samples, mean = 5.0 (flags = 0x1)
0  ... 
5  -O                                                                        (1 = 100.0%) {0.0%}
6  ... 

Histogram: Settings.TrackedPreferenceCleared.FromRegistry recorded 3 samples, mean = 17.3 (flags = 0x1)
0   ... 
5   -O                                                                        (1 = 33.3%) {0.0%}
6   ... 
11  -O                                                                        (1 = 33.3%) {33.3%}
12  ... 
36  -O                                                                        (1 = 33.3%) {66.7%}
37  ... 

Histogram: Settings.TrackedPreferenceNullInitialized recorded 26 samples, mean = 16.3 (flags = 0x1)
0   --O                                                                       (2 = 7.7%)
1   --O                                                                       (2 = 7.7%) {7.7%}
2   --O                                                                       (2 = 7.7%) {15.4%}
3   --O                                                                       (2 = 7.7%) {23.1%}
4   --O                                                                       (2 = 7.7%) {30.8%}
5   O                                                                         (0 = 0.0%) {38.5%}
6   -O                                                                        (1 = 3.8%) {38.5%}
7   -O                                                                        (1 = 3.8%) {42.3%}
8   ... 
11  -O                                                                        (1 = 3.8%) {46.2%}
12  ... 
14  -O                                                                        (1 = 3.8%) {50.0%}
15  -O                                                                        (1 = 3.8%) {53.8%}
16  ... 
18  -O                                                                        (1 = 3.8%) {57.7%}
19  ... 
23  -O                                                                        (1 = 3.8%) {61.5%}
24  ... 
29  -O                                                                        (1 = 3.8%) {65.4%}
30  ... 
32  -O                                                                        (1 = 3.8%) {69.2%}
33  -O                                                                        (1 = 3.8%) {73.1%}
34  -O                                                                        (1 = 3.8%) {76.9%}
35  --O                                                                       (2 = 7.7%) {80.8%}
36  -O                                                                        (1 = 3.8%) {88.5%}
37  -O                                                                        (1 = 3.8%) {92.3%}
38  -O                                                                        (1 = 3.8%) {96.2%}
39  O                                                                         (0 = 0.0%) {100.0%}

Histogram: Settings.TrackedPreferenceResets.Count recorded 2 samples, mean = 0.0 (flags = 0x1)
0  --O                                                                       (2 = 100.0%)
1  ... 

Histogram: Settings.TrackedPreferenceUnchanged recorded 1 samples, mean = 5.0 (flags = 0x1)
0  ... 
5  -O                                                                        (1 = 100.0%) {0.0%}
6  ... 

Histogram: Settings.TrackedPreferenceUnchanged.FromRegistry recorded 24 samples, mean = 15.7 (flags = 0x1)
0   --O                                                                       (2 = 8.3%)
1   --O                                                                       (2 = 8.3%) {8.3%}
2   --O                                                                       (2 = 8.3%) {16.7%}
3   --O                                                                       (2 = 8.3%) {25.0%}
4   --O                                                                       (2 = 8.3%) {33.3%}
5   O                                                                         (0 = 0.0%) {41.7%}
6   -O                                                                        (1 = 4.2%) {41.7%}
7   -O                                                                        (1 = 4.2%) {45.8%}
8   ... 
14  -O                                                                        (1 = 4.2%) {50.0%}
15  -O                                                                        (1 = 4.2%) {54.2%}
16  ... 
18  -O                                                                        (1 = 4.2%) {58.3%}
19  ... 
23  -O                                                                        (1 = 4.2%) {62.5%}
24  ... 
29  -O                                                                        (1 = 4.2%) {66.7%}
30  ... 
32  -O                                                                        (1 = 4.2%) {70.8%}
33  -O                                                                        (1 = 4.2%) {75.0%}
34  -O                                                                        (1 = 4.2%) {79.2%}
35  --O                                                                       (2 = 8.3%) {83.3%}
36  O                                                                         (0 = 0.0%) {91.7%}
37  -O                                                                        (1 = 4.2%) {91.7%}
38  -O                                                                        (1 = 4.2%) {95.8%}
39  O                                                                         (0 = 0.0%) {100.0%}

Histogram: Settings.TrackedPreferenceUnchangedViaHmacFallback recorded 19 samples, mean = 18.0 (flags = 0x1)
0   -O                                                                        (1 = 5.3%)
1   -O                                                                        (1 = 5.3%) {5.3%}
2   -O                                                                        (1 = 5.3%) {10.5%}
3   -O                                                                        (1 = 5.3%) {15.8%}
4   -O                                                                        (1 = 5.3%) {21.1%}
5   O                                                                         (0 = 0.0%) {26.3%}
6   -O                                                                        (1 = 5.3%) {26.3%}
7   -O                                                                        (1 = 5.3%) {31.6%}
8   ... 
11  -O                                                                        (1 = 5.3%) {36.8%}
12  ... 
14  -O                                                                        (1 = 5.3%) {42.1%}
15  -O                                                                        (1 = 5.3%) {47.4%}
16  ... 
18  -O                                                                        (1 = 5.3%) {52.6%}
19  ... 
23  -O                                                                        (1 = 5.3%) {57.9%}
24  ... 
29  -O                                                                        (1 = 5.3%) {63.2%}
30  ... 
32  -O                                                                        (1 = 5.3%) {68.4%}
33  -O                                                                        (1 = 5.3%) {73.7%}
34  -O                                                                        (1 = 5.3%) {78.9%}
35  -O                                                                        (1 = 5.3%) {84.2%}
36  O                                                                         (0 = 0.0%) {89.5%}
37  -O                                                                        (1 = 5.3%) {89.5%}
38  -O                                                                        (1 = 5.3%) {94.7%}
39  O                                                                         (0 = 0.0%) {100.0%}

Histogram: Settings.TrackingProtection.Enabled recorded 1 samples, mean = 0.0 (flags = 0x1)
0  -O                                                                        (1 = 100.0%)
1  ... 

Histogram: Signin.APIKeyMatchesFeatureOnStartup recorded 1 samples, mean = 0.0 (flags = 0x1)
0  -O                                                                        (1 = 100.0%)
1  ... 

Histogram: Signin.AccountTracker.CountOfLoadedAccounts recorded 1 samples, mean = 0.0 (flags = 0x1)
0  -O                                                                        (1 = 100.0%)
1  ... 

Histogram: Signin.BoundSessionCredentials.SessionCountOnInit recorded 2 samples, mean = 0.0 (flags = 0x1)
0  --O                                                                       (2 = 100.0%)
1  ... 

Histogram: Signin.CookieJar.SignedInCount_OnChange recorded 1 samples, mean = 0.0 (flags = 0x1)
0  -O                                                                        (1 = 100.0%)
1  ... 

Histogram: Signin.CookieJar.SignedInCount_Periodic recorded 1 samples, mean = 0.0 (flags = 0x1)
0  -O                                                                        (1 = 100.0%)
1  ... 

Histogram: Signin.CookieJar.SignedOutCount_OnChange recorded 1 samples, mean = 0.0 (flags = 0x1)
0  -O                                                                        (1 = 100.0%)
1  ... 

Histogram: Signin.CookieJar.SignedOutCount_Periodic recorded 1 samples, mean = 0.0 (flags = 0x1)
0  -O                                                                        (1 = 100.0%)
1  ... 

Histogram: Signin.CookieJar.StableAge_OnChange recorded 1 samples, mean = 0.0 (flags = 0x1)
0  -O                                                                        (1 = 100.0%)
1  ... 

Histogram: Signin.CookieJar.StableAge_Periodic recorded 1 samples, mean = 0.0 (flags = 0x1)
0  -O                                                                        (1 = 100.0%)
1  ... 

Histogram: Signin.CookieJar.TotalCount_OnChange recorded 1 samples, mean = 0.0 (flags = 0x1)
0  -O                                                                        (1 = 100.0%)
1  ... 

Histogram: Signin.CookieJar.TotalCount_Periodic recorded 1 samples, mean = 0.0 (flags = 0x1)
0  -O                                                                        (1 = 100.0%)
1  ... 

Histogram: Signin.DiceMigration.ForceMigrated recorded 1 samples, mean = 0.0 (flags = 0x1)
0  -O                                                                        (1 = 100.0%)
1  ... 

Histogram: Signin.ListAccountsFailure recorded 1 samples, mean = 0.0 (flags = 0x1)
0  -O                                                                        (1 = 100.0%)
1  ... 

Histogram: Signin.NumberOfActiveAccounts.Last28Days recorded 1 samples, mean = 0.0 (flags = 0x1)
0  -O                                                                        (1 = 100.0%)
1  ... 

Histogram: Signin.NumberOfActiveAccounts.Last7Days recorded 1 samples, mean = 0.0 (flags = 0x1)
0  -O                                                                        (1 = 100.0%)
1  ... 

Histogram: Signin.NumberOfActiveManagedAccounts.Last28Days recorded 1 samples, mean = 0.0 (flags = 0x1)
0  -O                                                                        (1 = 100.0%)
1  ... 

Histogram: Signin.NumberOfActiveManagedAccounts.Last7Days recorded 1 samples, mean = 0.0 (flags = 0x1)
0  -O                                                                        (1 = 100.0%)
1  ... 

Histogram: Signin.PAMInitialize.PrimaryAccountPrefs recorded 1 samples, mean = 2.0 (flags = 0x1)
0  ... 
2  -O                                                                        (1 = 100.0%) {0.0%}
3  ... 

Histogram: Signin.Reconciler.Duration.UpTo3mins.Success recorded 2 samples, mean = 252.5 (flags = 0x1)
0    -O                                                                        (1 = 50.0%)
1    ... 
458  -O                                                                        (1 = 50.0%) {50.0%}
512  ... 

Histogram: Signin.Reconciler.Operation recorded 2 samples, mean = 0.0 (flags = 0x1)
0  --O                                                                       (2 = 100.0%)
1  ... 

Histogram: Signin.Reconciler.Trigger.Noop recorded 2 samples, mean = 3.0 (flags = 0x1)
0  O                                                                         (0 = 0.0%)
1  -O                                                                        (1 = 50.0%) {0.0%}
2  ... 
5  -O                                                                        (1 = 50.0%) {50.0%}
6  ... 

Histogram: Signin.ReencryptTokensInDb recorded 1 samples, mean = 0.0 (flags = 0x1)
0  -O                                                                        (1 = 100.0%)
1  ... 

Histogram: Signin.SigninAllowed recorded 1 samples, mean = 1.0 (flags = 0x1)
0  O                                                                         (0 = 0.0%)
1  -O                                                                        (1 = 100.0%) {0.0%}
2  O                                                                         (0 = 0.0%) {100.0%}

Histogram: Signin.TokenBinding.BoundTokenPrevalence recorded 1 samples, mean = 0.0 (flags = 0x1)
0  -O                                                                        (1 = 100.0%)
1  ... 

Histogram: Signin.TokenTable.GetAllTokensSqlStatementValidity recorded 1 samples, mean = 1.0 (flags = 0x1)
0  O                                                                         (0 = 0.0%)
1  -O                                                                        (1 = 100.0%) {0.0%}
2  O                                                                         (0 = 0.0%) {100.0%}

Histogram: SimpleCache.App.CacheSizeOnInit2 recorded 1 samples, mean = 0.0 (flags = 0x1)
0  -O                                                                        (1 = 100.0%)
1  ... 

Histogram: SimpleCache.App.ConsistencyResult recorded 1 samples, mean = 0.0 (flags = 0x1)
0  -O                                                                        (1 = 100.0%)
1  ... 

Histogram: SimpleCache.App.CreationToIndex recorded 1 samples, mean = 18.0 (flags = 0x1)
0   ... 
17  -O                                                                        (1 = 100.0%) {0.0%}
20  ... 

Histogram: SimpleCache.App.DiskCloseLatency recorded 1 samples, mean = 0.0 (flags = 0x1)
0  -O                                                                        (1 = 100.0%)
1  ... 

Histogram: SimpleCache.App.DiskCreateLatency recorded 1 samples, mean = 2.0
0  ... 
2  -O                                                                        (1 = 100.0%) {0.0%}
3  ... 

Histogram: SimpleCache.App.DiskDoomLatency recorded 1 samples, mean = 2.0 (flags = 0x1)
0  ... 
2  -O                                                                        (1 = 100.0%) {0.0%}
3  ... 

Histogram: SimpleCache.App.DiskWriteLatency recorded 1 samples, mean = 0.0 (flags = 0x1)
0  -O                                                                        (1 = 100.0%)
1  ... 

Histogram: SimpleCache.App.EntryCreationTime recorded 1 samples, mean = 2.0 (flags = 0x1)
0  ... 
2  -O                                                                        (1 = 100.0%) {0.0%}
3  ... 

Histogram: SimpleCache.App.HeaderSize recorded 1 samples, mean = 188.0 (flags = 0x1)
0    ... 
160  -O                                                                        (1 = 100.0%) {0.0%}
190  ... 

Histogram: SimpleCache.App.IndexCreatedEntryCount recorded 1 samples, mean = 0.0 (flags = 0x1)
0  -O                                                                        (1 = 100.0%)
1  ... 

Histogram: SimpleCache.App.IndexInitializeMethod recorded 1 samples, mean = 2.0 (flags = 0x1)
0  ... 
2  -O                                                                        (1 = 100.0%) {0.0%}
3  O                                                                         (0 = 0.0%) {100.0%}

Histogram: SimpleCache.App.IndexNumEntriesOnInit2 recorded 1 samples, mean = 1.0 (flags = 0x1)
0  O                                                                         (0 = 0.0%)
1  -O                                                                        (1 = 100.0%) {0.0%}
2  ... 

Histogram: SimpleCache.App.IndexRestoreTime recorded 1 samples, mean = 0.0 (flags = 0x1)
0  -O                                                                        (1 = 100.0%)
10 ... 

Histogram: SimpleCache.App.MaxCacheSizeOnInit2 recorded 1 samples, mean = 0.0 (flags = 0x1)
0  -O                                                                        (1 = 100.0%)
1  ... 

Histogram: SimpleCache.App.SyncCloseResult recorded 1 samples, mean = 0.0
0  -O                                                                        (1 = 100.0%)
1  ... 

Histogram: SimpleCache.App.SyncWriteResult recorded 1 samples, mean = 0.0
0  -O                                                                        (1 = 100.0%)
1  ... 

Histogram: SimpleCache.Code.CacheSizeOnInit2 recorded 1 samples, mean = 0.0 (flags = 0x1)
0  -O                                                                        (1 = 100.0%)
1  ... 

Histogram: SimpleCache.Code.ConsistencyResult recorded 1 samples, mean = 0.0 (flags = 0x1)
0  -O                                                                        (1 = 100.0%)
1  ... 

Histogram: SimpleCache.Code.CreationToIndex recorded 1 samples, mean = 118.0 (flags = 0x1)
0    ... 
114  -O                                                                        (1 = 100.0%) {0.0%}
135  ... 

Histogram: SimpleCache.Code.DiskCloseLatency recorded 11 samples, mean = 11.4 (flags = 0x1)
0   --------O                                                                 (8 = 72.7%)
1   -O                                                                        (1 = 9.1%) {72.7%}
2   ... 
57  --O                                                                       (2 = 18.2%) {81.8%}
68  ... 

Histogram: SimpleCache.Code.DiskCreateLatency recorded 11 samples, mean = 0.2
0  ----------O                                                               (10 = 90.9%)
1  O                                                                         (0 = 0.0%) {90.9%}
2  -O                                                                        (1 = 9.1%) {90.9%}
3  ... 

Histogram: SimpleCache.Code.EntryCreationTime recorded 11 samples, mean = 2.5 (flags = 0x1)
0  -O                                                                        (1 = 9.1%)
1  -O                                                                        (1 = 9.1%) {9.1%}
2  -O                                                                        (1 = 9.1%) {18.2%}
3  -------O                                                                  (7 = 63.6%) {27.3%}
4  -O                                                                        (1 = 9.1%) {90.9%}
5  ... 

Histogram: SimpleCache.Code.HeaderSize recorded 11 samples, mean = 39.6 (flags = 0x1)
0   ... 
34  ----------O                                                               (10 = 90.9%) {0.0%}
40  ... 
68  -O                                                                        (1 = 9.1%) {90.9%}
81  ... 

Histogram: SimpleCache.Code.IndexCreatedEntryCount recorded 1 samples, mean = 0.0 (flags = 0x1)
0  -O                                                                        (1 = 100.0%)
1  ... 

Histogram: SimpleCache.Code.IndexInitializeMethod recorded 1 samples, mean = 2.0 (flags = 0x1)
0  ... 
2  -O                                                                        (1 = 100.0%) {0.0%}
3  O                                                                         (0 = 0.0%) {100.0%}

Histogram: SimpleCache.Code.IndexNumEntriesOnInit2 recorded 1 samples, mean = 0.0 (flags = 0x1)
0  -O                                                                        (1 = 100.0%)
1  ... 

Histogram: SimpleCache.Code.IndexRestoreTime recorded 1 samples, mean = 28.0 (flags = 0x1)
0   ... 
27  -O                                                                        (1 = 100.0%) {0.0%}
33  ... 

Histogram: SimpleCache.Code.MaxCacheSizeOnInit2 recorded 1 samples, mean = 200.0 (flags = 0x1)
0    ... 
197  -O                                                                        (1 = 100.0%) {0.0%}
211  ... 

Histogram: SimpleCache.Code.OpenEntryIndexState recorded 22 samples, mean = 1.0 (flags = 0x1)
0  O                                                                         (0 = 0.0%)
1  ----------------------O                                                   (22 = 100.0%) {0.0%}
2  ... 

Histogram: SimpleCache.Code.SyncCloseResult recorded 11 samples, mean = 0.0
0  -----------O                                                              (11 = 100.0%)
1  ... 

Histogram: SiteEngagementService.EngagementType recorded 2 samples, mean = 4.0 (flags = 0x1)
0  -O                                                                        (1 = 50.0%)
1  ... 
8  -O                                                                        (1 = 50.0%) {50.0%}
9  ... 

Histogram: SiteIsolatedCodeCache.JS.Behaviour recorded 22 samples, mean = 2.5 (flags = 0x1)
0  O                                                                         (0 = 0.0%)
1  -----------O                                                              (11 = 50.0%) {0.0%}
2  ... 
4  -----------O                                                              (11 = 50.0%) {50.0%}
5  ... 

Histogram: SiteIsolatedCodeCache.JS.Hit recorded 11 samples, mean = 0.0 (flags = 0x1)
0  -----------O                                                              (11 = 100.0%)
1  ... 

Histogram: SiteIsolatedCodeCache.JS.PotentialMemoryBackedCodeCacheHit recorded 11 samples, mean = 0.0 (flags = 0x1)
0  -----------O                                                              (11 = 100.0%)
1  ... 

Histogram: SiteIsolatedCodeCache.WASM.Behaviour recorded 1 samples, mean = 1.0 (flags = 0x1)
0  O                                                                         (0 = 0.0%)
1  -O                                                                        (1 = 100.0%) {0.0%}
2  ... 

Histogram: SiteIsolation.BrowsingInstance.MaxCountPerProcess recorded 11 samples, mean = 0.6 (flags = 0x1)
0  ----O                                                                     (4 = 36.4%)
1  -------O                                                                  (7 = 63.6%) {36.4%}
2  ... 

Histogram: SiteIsolation.CreateOpenerProxiesTime recorded 5 samples, mean = 4.8 (flags = 0x1)
0  ... 
3  -O                                                                        (1 = 20.0%) {0.0%}
4  ---O                                                                      (3 = 60.0%) {20.0%}
6  O                                                                         (0 = 0.0%) {80.0%}
8  -O                                                                        (1 = 20.0%) {80.0%}
11 ... 

Histogram: SiteIsolation.IsSitePerProcessOrStricter recorded 1 samples, mean = 1.0 (flags = 0x1)
0  O                                                                         (0 = 0.0%)
1  -O                                                                        (1 = 100.0%) {0.0%}
2  O                                                                         (0 = 0.0%) {100.0%}

Histogram: SiteIsolation.MainFrameProcessReuse.BlockReason recorded 6 samples, mean = 2.2 (flags = 0x1)
0  ... 
2  -----O                                                                    (5 = 83.3%) {0.0%}
3  -O                                                                        (1 = 16.7%) {83.3%}
4  ... 

Histogram: SiteIsolation.MissedReuseOpportunity.Found.MainFrame recorded 2 samples, mean = 0.0 (flags = 0x1)
0  --O                                                                       (2 = 100.0%)
1  ... 

Histogram: SiteIsolation.ProcessPerSiteWithMainFrameThreshold.IsDevToolsUser recorded 1 samples, mean = 0.0 (flags = 0x1)
0  -O                                                                        (1 = 100.0%)
1  ... 

Histogram: Sql.Database.Success.OpenInternalTime.Affiliation recorded 1 samples, mean = 28697.0 (flags = 0x1)
0      ... 
24691  -O                                                                        (1 = 100.0%) {0.0%}
29361  ... 

Histogram: Sql.Database.Success.OpenInternalTime.History recorded 1 samples, mean = 495.0 (flags = 0x1)
0    ... 
459  -O                                                                        (1 = 100.0%) {0.0%}
546  ... 

Histogram: Sql.Database.Success.OpenInternalTime.HistoryInMemoryDB recorded 1 samples, mean = 167.0 (flags = 0x1)
0    ... 
162  -O                                                                        (1 = 100.0%) {0.0%}
193  ... 

Histogram: Sql.Database.Success.OpenInternalTime.Passwords recorded 2 samples, mean = 27798.5 (flags = 0x1)
0      ... 
24691  -O                                                                        (1 = 50.0%) {0.0%}
29361  -O                                                                        (1 = 50.0%) {50.0%}
34915  ... 

Histogram: Sql.Database.Success.OpenInternalTime.Quota recorded 1 samples, mean = 1300.0 (flags = 0x1)
0     ... 
1299  -O                                                                        (1 = 100.0%) {0.0%}
1545  ... 

Histogram: Sql.Database.Success.OpenInternalTime.ServerCertificate recorded 1 samples, mean = 9307.0 (flags = 0x1)
0     ... 
8732  -O                                                                        (1 = 100.0%) {0.0%}
10384 ... 

Histogram: Sql.Database.Success.OpenInternalTime.SharedStorage recorded 1 samples, mean = 25985.0 (flags = 0x1)
0      ... 
24691  -O                                                                        (1 = 100.0%) {0.0%}
29361  ... 

Histogram: Sql.Database.Success.OpenInternalTime.Thumbnail recorded 1 samples, mean = 2672.0 (flags = 0x1)
0     ... 
2597  -O                                                                        (1 = 100.0%) {0.0%}
3088  ... 

Histogram: Sql.Database.Success.OpenInternalTime.TopSites recorded 1 samples, mean = 456.0 (flags = 0x1)
0    ... 
386  -O                                                                        (1 = 100.0%) {0.0%}
459  ... 

Histogram: Sql.Database.Success.OpenInternalTime.UKMMetrics recorded 1 samples, mean = 12115.0 (flags = 0x1)
0      ... 
10384  -O                                                                        (1 = 100.0%) {0.0%}
12348  ... 

Histogram: Sql.Database.Success.OpenInternalTime.Web recorded 2 samples, mean = 8092.5 (flags = 0x1)
0      ... 
772    -O                                                                        (1 = 50.0%) {0.0%}
918    ... 
14684  -O                                                                        (1 = 50.0%) {50.0%}
17461  ... 

Histogram: Sql.Database.Success.SqliteOpenTime.Affiliation recorded 1 samples, mean = 23096.0 (flags = 0x1)
0      ... 
20764  -O                                                                        (1 = 100.0%) {0.0%}
24691  ... 

Histogram: Sql.Database.Success.SqliteOpenTime.History recorded 1 samples, mean = 272.0 (flags = 0x1)
0    ... 
230  -O                                                                        (1 = 100.0%) {0.0%}
273  ... 

Histogram: Sql.Database.Success.SqliteOpenTime.HistoryInMemoryDB recorded 1 samples, mean = 27.0 (flags = 0x1)
0   ... 
24  -O                                                                        (1 = 100.0%) {0.0%}
29  ... 

Histogram: Sql.Database.Success.SqliteOpenTime.Passwords recorded 2 samples, mean = 22538.5 (flags = 0x1)
0      ... 
20764  --O                                                                       (2 = 100.0%) {0.0%}
24691  ... 

Histogram: Sql.Database.Success.SqliteOpenTime.Quota recorded 1 samples, mean = 505.0 (flags = 0x1)
0    ... 
459  -O                                                                        (1 = 100.0%) {0.0%}
546  ... 

Histogram: Sql.Database.Success.SqliteOpenTime.ServerCertificate recorded 1 samples, mean = 1955.0 (flags = 0x1)
0     ... 
1837  -O                                                                        (1 = 100.0%) {0.0%}
2184  ... 

Histogram: Sql.Database.Success.SqliteOpenTime.SharedStorage recorded 1 samples, mean = 370.0 (flags = 0x1)
0    ... 
325  -O                                                                        (1 = 100.0%) {0.0%}
386  ... 

Histogram: Sql.Database.Success.SqliteOpenTime.Thumbnail recorded 1 samples, mean = 2302.0 (flags = 0x1)
0     ... 
2184  -O                                                                        (1 = 100.0%) {0.0%}
2597  ... 

Histogram: Sql.Database.Success.SqliteOpenTime.TopSites recorded 1 samples, mean = 258.0 (flags = 0x1)
0    ... 
230  -O                                                                        (1 = 100.0%) {0.0%}
273  ... 

Histogram: Sql.Database.Success.SqliteOpenTime.UKMMetrics recorded 1 samples, mean = 1833.0 (flags = 0x1)
0     ... 
1545  -O                                                                        (1 = 100.0%) {0.0%}
1837  ... 

Histogram: Sql.Database.Success.SqliteOpenTime.Web recorded 2 samples, mean = 2723.5 (flags = 0x1)
0     ... 
459   -O                                                                        (1 = 50.0%) {0.0%}
546   ... 
4367  -O                                                                        (1 = 50.0%) {50.0%}
5193  ... 

Histogram: Sql.Statement.Affiliation.VMSteps recorded 26 samples, mean = 14.7 (flags = 0x1)
0   ... 
3   ----------O                                                               (10 = 38.5%) {0.0%}
4   O                                                                         (0 = 0.0%) {38.5%}
5   -O                                                                        (1 = 3.8%) {38.5%}
6   -O                                                                        (1 = 3.8%) {42.3%}
7   O                                                                         (0 = 0.0%) {46.2%}
8   -O                                                                        (1 = 3.8%) {46.2%}
10  O                                                                         (0 = 0.0%) {50.0%}
12  --O                                                                       (2 = 7.7%) {50.0%}
14  --O                                                                       (2 = 7.7%) {57.7%}
17  ---O                                                                      (3 = 11.5%) {65.4%}
20  O                                                                         (0 = 0.0%) {76.9%}
24  --O                                                                       (2 = 7.7%) {76.9%}
29  O                                                                         (0 = 0.0%) {84.6%}
34  --O                                                                       (2 = 7.7%) {84.6%}
40  O                                                                         (0 = 0.0%) {92.3%}
48  --O                                                                       (2 = 7.7%) {92.3%}
57  ... 

Histogram: Sql.Statement.ExecutionTime.Affiliation recorded 26 samples, mean = 7805.9 (flags = 0x1)
0       -O                                                                        (1 = 3.8%)
1       ---O                                                                      (3 = 11.5%) {3.8%}
2       -----O                                                                    (5 = 19.2%) {15.4%}
3       -----O                                                                    (5 = 19.2%) {34.6%}
4       -O                                                                        (1 = 3.8%) {53.8%}
5       -O                                                                        (1 = 3.8%) {57.7%}
6       ... 
8       -O                                                                        (1 = 3.8%) {61.5%}
10      ... 
17      -O                                                                        (1 = 3.8%) {65.4%}
20      -O                                                                        (1 = 3.8%) {69.2%}
24      ... 
40      -O                                                                        (1 = 3.8%) {73.1%}
48      O                                                                         (0 = 0.0%) {76.9%}
57      -O                                                                        (1 = 3.8%) {76.9%}
68      ... 
2597    --O                                                                       (2 = 7.7%) {80.8%}
3088    O                                                                         (0 = 0.0%) {88.5%}
3672    -O                                                                        (1 = 3.8%) {88.5%}
4367    O                                                                         (0 = 0.0%) {92.3%}
5193    -O                                                                        (1 = 3.8%) {92.3%}
6175    ... 
166011  -O                                                                        (1 = 3.8%) {96.2%}
197412  ... 

Histogram: Sql.Statement.ExecutionTime.History recorded 113 samples, mean = 203.7 (flags = 0x1)
0      O                                                                         (0 = 0.0%)
1      -------O                                                                  (7 = 6.2%) {0.0%}
2      ----------------------------------------O                                 (40 = 35.4%) {6.2%}
3      ----------------O                                                         (16 = 14.2%) {41.6%}
4      ----------O                                                               (10 = 8.8%) {55.8%}
5      -----O                                                                    (5 = 4.4%) {64.6%}
6      O                                                                         (0 = 0.0%) {69.0%}
7      ---O                                                                      (3 = 2.7%) {69.0%}
8      ----O                                                                     (4 = 3.5%) {71.7%}
10     -----O                                                                    (5 = 4.4%) {75.2%}
12     -------O                                                                  (7 = 6.2%) {79.6%}
14     -O                                                                        (1 = 0.9%) {85.8%}
17     ... 
24     --O                                                                       (2 = 1.8%) {86.7%}
29     ... 
57     -O                                                                        (1 = 0.9%) {88.5%}
68     -O                                                                        (1 = 0.9%) {89.4%}
81     -O                                                                        (1 = 0.9%) {90.3%}
96     -O                                                                        (1 = 0.9%) {91.2%}
114    --O                                                                       (2 = 1.8%) {92.0%}
136    -O                                                                        (1 = 0.9%) {93.8%}
162    -O                                                                        (1 = 0.9%) {94.7%}
193    O                                                                         (0 = 0.0%) {95.6%}
230    -O                                                                        (1 = 0.9%) {95.6%}
273    ... 
772    -O                                                                        (1 = 0.9%) {96.5%}
918    -O                                                                        (1 = 0.9%) {97.3%}
1092   ... 
7343   -O                                                                        (1 = 0.9%) {98.2%}
8732   O                                                                         (0 = 0.0%) {99.1%}
10384  -O                                                                        (1 = 0.9%) {99.1%}
12348  ... 

Histogram: Sql.Statement.ExecutionTime.HistoryInMemoryDB recorded 7 samples, mean = 154.4 (flags = 0x1)
0    -O                                                                        (1 = 14.3%)
1    -O                                                                        (1 = 14.3%) {14.3%}
2    -O                                                                        (1 = 14.3%) {28.6%}
3    ... 
17   -O                                                                        (1 = 14.3%) {42.9%}
20   ... 
29   -O                                                                        (1 = 14.3%) {57.1%}
34   ... 
81   -O                                                                        (1 = 14.3%) {71.4%}
96   ... 
918  -O                                                                        (1 = 14.3%) {85.7%}
1092 ... 

Histogram: Sql.Statement.ExecutionTime.Passwords recorded 50 samples, mean = 392.4 (flags = 0x1)
0      O                                                                         (0 = 0.0%)
1      ------------O                                                             (12 = 24.0%) {0.0%}
2      --------O                                                                 (8 = 16.0%) {24.0%}
3      --O                                                                       (2 = 4.0%) {40.0%}
4      ------O                                                                   (6 = 12.0%) {44.0%}
5      -O                                                                        (1 = 2.0%) {56.0%}
6      ---O                                                                      (3 = 6.0%) {58.0%}
7      --------O                                                                 (8 = 16.0%) {64.0%}
8      -O                                                                        (1 = 2.0%) {80.0%}
10     --O                                                                       (2 = 4.0%) {82.0%}
12     O                                                                         (0 = 0.0%) {86.0%}
14     -O                                                                        (1 = 2.0%) {86.0%}
17     ... 
24     -O                                                                        (1 = 2.0%) {88.0%}
29     ... 
40     --O                                                                       (2 = 4.0%) {90.0%}
48     ... 
1837   -O                                                                        (1 = 2.0%) {94.0%}
2184   ... 
6175   -O                                                                        (1 = 2.0%) {96.0%}
7343   ... 
10384  -O                                                                        (1 = 2.0%) {98.0%}
12348  ... 

Histogram: Sql.Statement.ExecutionTime.Quota recorded 20 samples, mean = 6574.7 (flags = 0x1)
0       --O                                                                       (2 = 10.0%)
1       ---O                                                                      (3 = 15.0%) {10.0%}
2       ---O                                                                      (3 = 15.0%) {25.0%}
3       O                                                                         (0 = 0.0%) {40.0%}
4       -O                                                                        (1 = 5.0%) {40.0%}
5       ... 
10      --O                                                                       (2 = 10.0%) {45.0%}
12      -O                                                                        (1 = 5.0%) {55.0%}
14      -O                                                                        (1 = 5.0%) {60.0%}
17      ... 
57      -O                                                                        (1 = 5.0%) {65.0%}
68      ... 
273     --O                                                                       (2 = 10.0%) {70.0%}
325     ... 
918     -O                                                                        (1 = 5.0%) {80.0%}
1092    ... 
3088    -O                                                                        (1 = 5.0%) {85.0%}
3672    ... 
6175    -O                                                                        (1 = 5.0%) {90.0%}
7343    ... 
117399  -O                                                                        (1 = 5.0%) {95.0%}
139605  ... 

Histogram: Sql.Statement.ExecutionTime.ServerCertificate recorded 11 samples, mean = 1554.6 (flags = 0x1)
0      O                                                                         (0 = 0.0%)
1      ---O                                                                      (3 = 27.3%) {0.0%}
2      -O                                                                        (1 = 9.1%) {27.3%}
3      --O                                                                       (2 = 18.2%) {36.4%}
4      ... 
48     --O                                                                       (2 = 18.2%) {54.5%}
57     -O                                                                        (1 = 9.1%) {72.7%}
68     ... 
3672   -O                                                                        (1 = 9.1%) {81.8%}
4367   ... 
12348  -O                                                                        (1 = 9.1%) {90.9%}
14684  ... 

Histogram: Sql.Statement.ExecutionTime.SharedStorage recorded 2 samples, mean = 168.0 (flags = 0x1)
0    -O                                                                        (1 = 50.0%)
1    ... 
325  -O                                                                        (1 = 50.0%) {50.0%}
386  ... 

Histogram: Sql.Statement.ExecutionTime.Thumbnail recorded 15 samples, mean = 1177.7 (flags = 0x1)
0      O                                                                         (0 = 0.0%)
1      ---O                                                                      (3 = 20.0%) {0.0%}
2      -O                                                                        (1 = 6.7%) {20.0%}
3      --O                                                                       (2 = 13.3%) {26.7%}
4      -O                                                                        (1 = 6.7%) {40.0%}
5      O                                                                         (0 = 0.0%) {46.7%}
6      -O                                                                        (1 = 6.7%) {46.7%}
7      -O                                                                        (1 = 6.7%) {53.3%}
8      -O                                                                        (1 = 6.7%) {60.0%}
10     -O                                                                        (1 = 6.7%) {66.7%}
12     -O                                                                        (1 = 6.7%) {73.3%}
14     O                                                                         (0 = 0.0%) {80.0%}
17     -O                                                                        (1 = 6.7%) {80.0%}
20     ... 
2184   -O                                                                        (1 = 6.7%) {86.7%}
2597   ... 
14684  -O                                                                        (1 = 6.7%) {93.3%}
17461  ... 

Histogram: Sql.Statement.ExecutionTime.TopSites recorded 19 samples, mean = 6378.1 (flags = 0x1)
0      -O                                                                        (1 = 5.3%)
1      ----O                                                                     (4 = 21.1%) {5.3%}
2      --O                                                                       (2 = 10.5%) {26.3%}
3      ---O                                                                      (3 = 15.8%) {36.8%}
4      ---O                                                                      (3 = 15.8%) {52.6%}
5      ... 
12     -O                                                                        (1 = 5.3%) {68.4%}
14     O                                                                         (0 = 0.0%) {73.7%}
17     -O                                                                        (1 = 5.3%) {73.7%}
20     ... 
57     -O                                                                        (1 = 5.3%) {78.9%}
68     ... 
273    -O                                                                        (1 = 5.3%) {84.2%}
325    ... 
6175   -O                                                                        (1 = 5.3%) {89.5%}
7343   ... 
98725  -O                                                                        (1 = 5.3%) {94.7%}
117399 ... 

Histogram: Sql.Statement.ExecutionTime.UKMMetrics recorded 3 samples, mean = 4.0 (flags = 0x1)
0  O                                                                         (0 = 0.0%)
1  -O                                                                        (1 = 33.3%) {0.0%}
2  -O                                                                        (1 = 33.3%) {33.3%}
3  ... 
8  -O                                                                        (1 = 33.3%) {66.7%}
10 ... 

Histogram: Sql.Statement.ExecutionTime.Web recorded 181 samples, mean = 632.9 (flags = 0x1)
0      -----O                                                                    (5 = 2.8%)
1      --------------------------------O                                         (32 = 17.7%) {2.8%}
2      ----------------------------O                                             (28 = 15.5%) {20.4%}
3      ------O                                                                   (6 = 3.3%) {35.9%}
4      -------------O                                                            (13 = 7.2%) {39.2%}
5      ---------------O                                                          (15 = 8.3%) {46.4%}
6      ------------O                                                             (12 = 6.6%) {54.7%}
7      ----------------O                                                         (16 = 8.8%) {61.3%}
8      ----------------O                                                         (16 = 8.8%) {70.2%}
10     -----O                                                                    (5 = 2.8%) {79.0%}
12     ----O                                                                     (4 = 2.2%) {81.8%}
14     ----O                                                                     (4 = 2.2%) {84.0%}
17     --O                                                                       (2 = 1.1%) {86.2%}
20     -----O                                                                    (5 = 2.8%) {87.3%}
24     O                                                                         (0 = 0.0%) {90.1%}
29     --O                                                                       (2 = 1.1%) {90.1%}
34     ... 
48     -O                                                                        (1 = 0.6%) {91.2%}
57     ... 
96     --O                                                                       (2 = 1.1%) {91.7%}
114    O                                                                         (0 = 0.0%) {92.8%}
136    -O                                                                        (1 = 0.6%) {92.8%}
162    --O                                                                       (2 = 1.1%) {93.4%}
193    O                                                                         (0 = 0.0%) {94.5%}
230    -O                                                                        (1 = 0.6%) {94.5%}
273    O                                                                         (0 = 0.0%) {95.0%}
325    -O                                                                        (1 = 0.6%) {95.0%}
386    ... 
2597   -O                                                                        (1 = 0.6%) {95.6%}
3088   -O                                                                        (1 = 0.6%) {96.1%}
3672   O                                                                         (0 = 0.0%) {96.7%}
4367   --O                                                                       (2 = 1.1%) {96.7%}
5193   -O                                                                        (1 = 0.6%) {97.8%}
6175   ... 
20764  -O                                                                        (1 = 0.6%) {98.3%}
24691  O                                                                         (0 = 0.0%) {98.9%}
29361  --O                                                                       (2 = 1.1%) {98.9%}
34915  ... 

Histogram: Sql.Statement.History.VMSteps recorded 113 samples, mean = 24.4 (flags = 0x1)
0    ... 
3    ----O                                                                     (4 = 3.5%) {0.0%}
4    O                                                                         (0 = 0.0%) {3.5%}
5    -O                                                                        (1 = 0.9%) {3.5%}
6    ---O                                                                      (3 = 2.7%) {4.4%}
7    --O                                                                       (2 = 1.8%) {7.1%}
8    ------O                                                                   (6 = 5.3%) {8.8%}
10   -----O                                                                    (5 = 4.4%) {14.2%}
12   -------O                                                                  (7 = 6.2%) {18.6%}
14   ----O                                                                     (4 = 3.5%) {24.8%}
17   --------------------------------------------------O                       (50 = 44.2%) {28.3%}
20   --O                                                                       (2 = 1.8%) {72.6%}
24   ---------O                                                                (9 = 8.0%) {74.3%}
29   -----O                                                                    (5 = 4.4%) {82.3%}
34   -O                                                                        (1 = 0.9%) {86.7%}
40   O                                                                         (0 = 0.0%) {87.6%}
48   -O                                                                        (1 = 0.9%) {87.6%}
57   --O                                                                       (2 = 1.8%) {88.5%}
68   -------O                                                                  (7 = 6.2%) {90.3%}
81   --O                                                                       (2 = 1.8%) {96.5%}
96   ... 
135  --O                                                                       (2 = 1.8%) {98.2%}
160  ... 

Histogram: Sql.Statement.HistoryInMemoryDB.VMSteps recorded 7 samples, mean = 20.9 (flags = 0x1)
0   ... 
4   -O                                                                        (1 = 14.3%) {0.0%}
5   ... 
8   ---O                                                                      (3 = 42.9%) {14.3%}
10  ... 
17  -O                                                                        (1 = 14.3%) {57.1%}
20  ... 
48  --O                                                                       (2 = 28.6%) {71.4%}
57  ... 

Histogram: Sql.Statement.Passwords.VMSteps recorded 50 samples, mean = 23.9 (flags = 0x1)
0   ... 
3   ----O                                                                     (4 = 8.0%) {0.0%}
4   O                                                                         (0 = 0.0%) {8.0%}
5   --O                                                                       (2 = 4.0%) {8.0%}
6   --------O                                                                 (8 = 16.0%) {12.0%}
7   --O                                                                       (2 = 4.0%) {28.0%}
8   ------O                                                                   (6 = 12.0%) {32.0%}
10  O                                                                         (0 = 0.0%) {44.0%}
12  ----O                                                                     (4 = 8.0%) {44.0%}
14  --O                                                                       (2 = 4.0%) {52.0%}
17  ------O                                                                   (6 = 12.0%) {56.0%}
20  ... 
29  --O                                                                       (2 = 4.0%) {68.0%}
34  --O                                                                       (2 = 4.0%) {72.0%}
40  --O                                                                       (2 = 4.0%) {76.0%}
48  --O                                                                       (2 = 4.0%) {80.0%}
57  ----O                                                                     (4 = 8.0%) {84.0%}
68  ----O                                                                     (4 = 8.0%) {92.0%}
81  ... 

Histogram: Sql.Statement.Quota.VMSteps recorded 20 samples, mean = 14.2 (flags = 0x1)
0   ... 
3   ------O                                                                   (6 = 30.0%) {0.0%}
4   O                                                                         (0 = 0.0%) {30.0%}
5   -O                                                                        (1 = 5.0%) {30.0%}
6   ... 
8   --O                                                                       (2 = 10.0%) {35.0%}
10  ---O                                                                      (3 = 15.0%) {45.0%}
12  -O                                                                        (1 = 5.0%) {60.0%}
14  O                                                                         (0 = 0.0%) {65.0%}
17  -----O                                                                    (5 = 25.0%) {65.0%}
20  -O                                                                        (1 = 5.0%) {90.0%}
24  ... 
81  -O                                                                        (1 = 5.0%) {95.0%}
96  ... 

Histogram: Sql.Statement.ServerCertificate.VMSteps recorded 11 samples, mean = 9.5 (flags = 0x1)
0   ... 
3   --O                                                                       (2 = 18.2%) {0.0%}
4   O                                                                         (0 = 0.0%) {18.2%}
5   -O                                                                        (1 = 9.1%) {18.2%}
6   --O                                                                       (2 = 18.2%) {27.3%}
7   O                                                                         (0 = 0.0%) {45.5%}
8   --O                                                                       (2 = 18.2%) {45.5%}
10  O                                                                         (0 = 0.0%) {63.6%}
12  -O                                                                        (1 = 9.1%) {63.6%}
14  O                                                                         (0 = 0.0%) {72.7%}
17  ---O                                                                      (3 = 27.3%) {72.7%}
20  ... 

Histogram: Sql.Statement.SharedStorage.VMSteps recorded 2 samples, mean = 7.5 (flags = 0x1)
0   ... 
5   -O                                                                        (1 = 50.0%) {0.0%}
6   ... 
10  -O                                                                        (1 = 50.0%) {50.0%}
12  ... 

Histogram: Sql.Statement.StepTime.Affiliation recorded 26 samples, mean = 7805.9 (flags = 0x1)
0       -O                                                                        (1 = 3.8%)
1       ---O                                                                      (3 = 11.5%) {3.8%}
2       -----O                                                                    (5 = 19.2%) {15.4%}
3       -----O                                                                    (5 = 19.2%) {34.6%}
4       -O                                                                        (1 = 3.8%) {53.8%}
5       -O                                                                        (1 = 3.8%) {57.7%}
6       ... 
8       -O                                                                        (1 = 3.8%) {61.5%}
10      ... 
17      -O                                                                        (1 = 3.8%) {65.4%}
20      -O                                                                        (1 = 3.8%) {69.2%}
24      ... 
40      -O                                                                        (1 = 3.8%) {73.1%}
48      O                                                                         (0 = 0.0%) {76.9%}
57      -O                                                                        (1 = 3.8%) {76.9%}
68      ... 
2597    --O                                                                       (2 = 7.7%) {80.8%}
3088    O                                                                         (0 = 0.0%) {88.5%}
3672    -O                                                                        (1 = 3.8%) {88.5%}
4367    O                                                                         (0 = 0.0%) {92.3%}
5193    -O                                                                        (1 = 3.8%) {92.3%}
6175    ... 
166011  -O                                                                        (1 = 3.8%) {96.2%}
197412  ... 

Histogram: Sql.Statement.StepTime.History recorded 116 samples, mean = 198.5 (flags = 0x1)
0      O                                                                         (0 = 0.0%)
1      -------O                                                                  (7 = 6.0%) {0.0%}
2      ----------------------------------------O                                 (40 = 34.5%) {6.0%}
3      ------------------O                                                       (18 = 15.5%) {40.5%}
4      ----------O                                                               (10 = 8.6%) {56.0%}
5      -----O                                                                    (5 = 4.3%) {64.7%}
6      -O                                                                        (1 = 0.9%) {69.0%}
7      ---O                                                                      (3 = 2.6%) {69.8%}
8      ----O                                                                     (4 = 3.4%) {72.4%}
10     -----O                                                                    (5 = 4.3%) {75.9%}
12     -------O                                                                  (7 = 6.0%) {80.2%}
14     -O                                                                        (1 = 0.9%) {86.2%}
17     ... 
24     --O                                                                       (2 = 1.7%) {87.1%}
29     ... 
57     --O                                                                       (2 = 1.7%) {88.8%}
68     -O                                                                        (1 = 0.9%) {90.5%}
81     O                                                                         (0 = 0.0%) {91.4%}
96     -O                                                                        (1 = 0.9%) {91.4%}
114    --O                                                                       (2 = 1.7%) {92.2%}
136    -O                                                                        (1 = 0.9%) {94.0%}
162    -O                                                                        (1 = 0.9%) {94.8%}
193    O                                                                         (0 = 0.0%) {95.7%}
230    -O                                                                        (1 = 0.9%) {95.7%}
273    ... 
772    -O                                                                        (1 = 0.9%) {96.6%}
918    -O                                                                        (1 = 0.9%) {97.4%}
1092   ... 
7343   -O                                                                        (1 = 0.9%) {98.3%}
8732   O                                                                         (0 = 0.0%) {99.1%}
10384  -O                                                                        (1 = 0.9%) {99.1%}
12348  ... 

Histogram: Sql.Statement.StepTime.HistoryInMemoryDB recorded 7 samples, mean = 154.4 (flags = 0x1)
0    -O                                                                        (1 = 14.3%)
1    -O                                                                        (1 = 14.3%) {14.3%}
2    -O                                                                        (1 = 14.3%) {28.6%}
3    ... 
17   -O                                                                        (1 = 14.3%) {42.9%}
20   ... 
29   -O                                                                        (1 = 14.3%) {57.1%}
34   ... 
81   -O                                                                        (1 = 14.3%) {71.4%}
96   ... 
918  -O                                                                        (1 = 14.3%) {85.7%}
1092 ... 

Histogram: Sql.Statement.StepTime.Passwords recorded 50 samples, mean = 392.4 (flags = 0x1)
0      O                                                                         (0 = 0.0%)
1      ------------O                                                             (12 = 24.0%) {0.0%}
2      --------O                                                                 (8 = 16.0%) {24.0%}
3      --O                                                                       (2 = 4.0%) {40.0%}
4      ------O                                                                   (6 = 12.0%) {44.0%}
5      -O                                                                        (1 = 2.0%) {56.0%}
6      ---O                                                                      (3 = 6.0%) {58.0%}
7      --------O                                                                 (8 = 16.0%) {64.0%}
8      -O                                                                        (1 = 2.0%) {80.0%}
10     --O                                                                       (2 = 4.0%) {82.0%}
12     O                                                                         (0 = 0.0%) {86.0%}
14     -O                                                                        (1 = 2.0%) {86.0%}
17     ... 
24     -O                                                                        (1 = 2.0%) {88.0%}
29     ... 
40     --O                                                                       (2 = 4.0%) {90.0%}
48     ... 
1837   -O                                                                        (1 = 2.0%) {94.0%}
2184   ... 
6175   -O                                                                        (1 = 2.0%) {96.0%}
7343   ... 
10384  -O                                                                        (1 = 2.0%) {98.0%}
12348  ... 

Histogram: Sql.Statement.StepTime.Quota recorded 21 samples, mean = 6261.6 (flags = 0x1)
0       --O                                                                       (2 = 9.5%)
1       ---O                                                                      (3 = 14.3%) {9.5%}
2       ---O                                                                      (3 = 14.3%) {23.8%}
3       O                                                                         (0 = 0.0%) {38.1%}
4       -O                                                                        (1 = 4.8%) {38.1%}
5       ... 
7       -O                                                                        (1 = 4.8%) {42.9%}
8       O                                                                         (0 = 0.0%) {47.6%}
10      --O                                                                       (2 = 9.5%) {47.6%}
12      -O                                                                        (1 = 4.8%) {57.1%}
14      -O                                                                        (1 = 4.8%) {61.9%}
17      ... 
57      -O                                                                        (1 = 4.8%) {66.7%}
68      ... 
273     --O                                                                       (2 = 9.5%) {71.4%}
325     ... 
918     -O                                                                        (1 = 4.8%) {81.0%}
1092    ... 
3088    -O                                                                        (1 = 4.8%) {85.7%}
3672    ... 
6175    -O                                                                        (1 = 4.8%) {90.5%}
7343    ... 
117399  -O                                                                        (1 = 4.8%) {95.2%}
139605  ... 

Histogram: Sql.Statement.StepTime.ServerCertificate recorded 11 samples, mean = 1554.6 (flags = 0x1)
0      O                                                                         (0 = 0.0%)
1      ---O                                                                      (3 = 27.3%) {0.0%}
2      -O                                                                        (1 = 9.1%) {27.3%}
3      --O                                                                       (2 = 18.2%) {36.4%}
4      ... 
48     --O                                                                       (2 = 18.2%) {54.5%}
57     -O                                                                        (1 = 9.1%) {72.7%}
68     ... 
3672   -O                                                                        (1 = 9.1%) {81.8%}
4367   ... 
12348  -O                                                                        (1 = 9.1%) {90.9%}
14684  ... 

Histogram: Sql.Statement.StepTime.SharedStorage recorded 2 samples, mean = 168.0 (flags = 0x1)
0    -O                                                                        (1 = 50.0%)
1    ... 
325  -O                                                                        (1 = 50.0%) {50.0%}
386  ... 

Histogram: Sql.Statement.StepTime.Thumbnail recorded 15 samples, mean = 1177.7 (flags = 0x1)
0      O                                                                         (0 = 0.0%)
1      ---O                                                                      (3 = 20.0%) {0.0%}
2      -O                                                                        (1 = 6.7%) {20.0%}
3      --O                                                                       (2 = 13.3%) {26.7%}
4      -O                                                                        (1 = 6.7%) {40.0%}
5      O                                                                         (0 = 0.0%) {46.7%}
6      -O                                                                        (1 = 6.7%) {46.7%}
7      -O                                                                        (1 = 6.7%) {53.3%}
8      -O                                                                        (1 = 6.7%) {60.0%}
10     -O                                                                        (1 = 6.7%) {66.7%}
12     -O                                                                        (1 = 6.7%) {73.3%}
14     O                                                                         (0 = 0.0%) {80.0%}
17     -O                                                                        (1 = 6.7%) {80.0%}
20     ... 
2184   -O                                                                        (1 = 6.7%) {86.7%}
2597   ... 
14684  -O                                                                        (1 = 6.7%) {93.3%}
17461  ... 

Histogram: Sql.Statement.StepTime.TopSites recorded 19 samples, mean = 6378.1 (flags = 0x1)
0      -O                                                                        (1 = 5.3%)
1      ----O                                                                     (4 = 21.1%) {5.3%}
2      --O                                                                       (2 = 10.5%) {26.3%}
3      ---O                                                                      (3 = 15.8%) {36.8%}
4      ---O                                                                      (3 = 15.8%) {52.6%}
5      ... 
12     -O                                                                        (1 = 5.3%) {68.4%}
14     O                                                                         (0 = 0.0%) {73.7%}
17     -O                                                                        (1 = 5.3%) {73.7%}
20     ... 
57     -O                                                                        (1 = 5.3%) {78.9%}
68     ... 
273    -O                                                                        (1 = 5.3%) {84.2%}
325    ... 
6175   -O                                                                        (1 = 5.3%) {89.5%}
7343   ... 
98725  -O                                                                        (1 = 5.3%) {94.7%}
117399 ... 

Histogram: Sql.Statement.StepTime.UKMMetrics recorded 3 samples, mean = 4.0 (flags = 0x1)
0  O                                                                         (0 = 0.0%)
1  -O                                                                        (1 = 33.3%) {0.0%}
2  -O                                                                        (1 = 33.3%) {33.3%}
3  ... 
8  -O                                                                        (1 = 33.3%) {66.7%}
10 ... 

Histogram: Sql.Statement.StepTime.Web recorded 181 samples, mean = 632.9 (flags = 0x1)
0      -----O                                                                    (5 = 2.8%)
1      --------------------------------O                                         (32 = 17.7%) {2.8%}
2      ----------------------------O                                             (28 = 15.5%) {20.4%}
3      ------O                                                                   (6 = 3.3%) {35.9%}
4      -------------O                                                            (13 = 7.2%) {39.2%}
5      ---------------O                                                          (15 = 8.3%) {46.4%}
6      ------------O                                                             (12 = 6.6%) {54.7%}
7      ----------------O                                                         (16 = 8.8%) {61.3%}
8      ----------------O                                                         (16 = 8.8%) {70.2%}
10     -----O                                                                    (5 = 2.8%) {79.0%}
12     ----O                                                                     (4 = 2.2%) {81.8%}
14     ----O                                                                     (4 = 2.2%) {84.0%}
17     --O                                                                       (2 = 1.1%) {86.2%}
20     -----O                                                                    (5 = 2.8%) {87.3%}
24     O                                                                         (0 = 0.0%) {90.1%}
29     --O                                                                       (2 = 1.1%) {90.1%}
34     ... 
48     -O                                                                        (1 = 0.6%) {91.2%}
57     ... 
96     --O                                                                       (2 = 1.1%) {91.7%}
114    O                                                                         (0 = 0.0%) {92.8%}
136    -O                                                                        (1 = 0.6%) {92.8%}
162    --O                                                                       (2 = 1.1%) {93.4%}
193    O                                                                         (0 = 0.0%) {94.5%}
230    -O                                                                        (1 = 0.6%) {94.5%}
273    O                                                                         (0 = 0.0%) {95.0%}
325    -O                                                                        (1 = 0.6%) {95.0%}
386    ... 
2597   -O                                                                        (1 = 0.6%) {95.6%}
3088   -O                                                                        (1 = 0.6%) {96.1%}
3672   O                                                                         (0 = 0.0%) {96.7%}
4367   --O                                                                       (2 = 1.1%) {96.7%}
5193   -O                                                                        (1 = 0.6%) {97.8%}
6175   ... 
20764  -O                                                                        (1 = 0.6%) {98.3%}
24691  O                                                                         (0 = 0.0%) {98.9%}
29361  --O                                                                       (2 = 1.1%) {98.9%}
34915  ... 

Histogram: Sql.Statement.Thumbnail.VMSteps recorded 15 samples, mean = 10.0 (flags = 0x1)
0   ... 
3   ----O                                                                     (4 = 26.7%) {0.0%}
4   O                                                                         (0 = 0.0%) {26.7%}
5   -O                                                                        (1 = 6.7%) {26.7%}
6   ... 
8   --O                                                                       (2 = 13.3%) {33.3%}
10  -O                                                                        (1 = 6.7%) {46.7%}
12  --O                                                                       (2 = 13.3%) {53.3%}
14  --O                                                                       (2 = 13.3%) {66.7%}
17  ---O                                                                      (3 = 20.0%) {80.0%}
20  ... 

Histogram: Sql.Statement.TopSites.VMSteps recorded 19 samples, mean = 10.8 (flags = 0x1)
0   ... 
3   ----O                                                                     (4 = 21.1%) {0.0%}
4   O                                                                         (0 = 0.0%) {21.1%}
5   -O                                                                        (1 = 5.3%) {21.1%}
6   ... 
8   ----O                                                                     (4 = 21.1%) {26.3%}
10  -O                                                                        (1 = 5.3%) {47.4%}
12  ----O                                                                     (4 = 21.1%) {52.6%}
14  O                                                                         (0 = 0.0%) {73.7%}
17  ---O                                                                      (3 = 15.8%) {73.7%}
20  --O                                                                       (2 = 10.5%) {89.5%}
24  ... 

Histogram: Sql.Statement.UKMMetrics.VMSteps recorded 3 samples, mean = 11.0 (flags = 0x1)
0   ... 
3   -O                                                                        (1 = 33.3%) {0.0%}
4   O                                                                         (0 = 0.0%) {33.3%}
5   -O                                                                        (1 = 33.3%) {33.3%}
6   ... 
24  -O                                                                        (1 = 33.3%) {66.7%}
29  ... 

Histogram: Sql.Statement.Web.VMSteps recorded 181 samples, mean = 43.8 (flags = 0x1)
0    ... 
3    --------------------O                                                     (20 = 11.0%) {0.0%}
4    O                                                                         (0 = 0.0%) {11.0%}
5    --O                                                                       (2 = 1.1%) {11.0%}
6    ----------------------O                                                   (22 = 12.2%) {12.2%}
7    ---------------------O                                                    (21 = 11.6%) {24.3%}
8    --------O                                                                 (8 = 4.4%) {35.9%}
10   --------------------O                                                     (20 = 11.0%) {40.3%}
12   --------O                                                                 (8 = 4.4%) {51.4%}
14   --O                                                                       (2 = 1.1%) {55.8%}
17   ----------O                                                               (10 = 5.5%) {56.9%}
20   O                                                                         (0 = 0.0%) {62.4%}
24   --O                                                                       (2 = 1.1%) {62.4%}
29   --O                                                                       (2 = 1.1%) {63.5%}
34   --O                                                                       (2 = 1.1%) {64.6%}
40   ---------------O                                                          (15 = 8.3%) {65.7%}
48   --O                                                                       (2 = 1.1%) {74.0%}
57   -----O                                                                    (5 = 2.8%) {75.1%}
68   --O                                                                       (2 = 1.1%) {77.9%}
81   ------O                                                                   (6 = 3.3%) {79.0%}
96   ------O                                                                   (6 = 3.3%) {82.3%}
114  -------O                                                                  (7 = 3.9%) {85.6%}
135  ------O                                                                   (6 = 3.3%) {89.5%}
160  ----O                                                                     (4 = 2.2%) {92.8%}
190  ----O                                                                     (4 = 2.2%) {95.0%}
226  -----O                                                                    (5 = 2.8%) {97.2%}
268  ... 

Histogram: Sql.vfs.SyncTime recorded 121 samples, mean = 6.8 (flags = 0x1)
0    -----------------------------------------------O                          (47 = 38.8%)
1    -----------------------------O                                            (29 = 24.0%) {38.8%}
2    -----------------O                                                        (17 = 14.0%) {62.8%}
3    -------O                                                                  (7 = 5.8%) {76.9%}
4    -----O                                                                    (5 = 4.1%) {82.6%}
5    --O                                                                       (2 = 1.7%) {86.8%}
6    -O                                                                        (1 = 0.8%) {88.4%}
7    -O                                                                        (1 = 0.8%) {89.3%}
8    ---O                                                                      (3 = 2.5%) {90.1%}
10   -O                                                                        (1 = 0.8%) {92.6%}
12   O                                                                         (0 = 0.0%) {93.4%}
14   --O                                                                       (2 = 1.7%) {93.4%}
17   -O                                                                        (1 = 0.8%) {95.0%}
20   ... 
29   -O                                                                        (1 = 0.8%) {95.9%}
34   ... 
96   -O                                                                        (1 = 0.8%) {96.7%}
114  -O                                                                        (1 = 0.8%) {97.5%}
135  O                                                                         (0 = 0.0%) {98.3%}
160  --O                                                                       (2 = 1.7%) {98.3%}
190  ... 

Histogram: Stability.Counts2 recorded 14 samples, mean = 23.5 (flags = 0x3)
0   ... 
2   --O                                                                       (2 = 14.3%) {0.0%}
3   ... 
15  -O                                                                        (1 = 7.1%) {14.3%}
16  ... 
26  -----O                                                                    (5 = 35.7%) {21.4%}
27  ---O                                                                      (3 = 21.4%) {57.1%}
28  ... 
33  ---O                                                                      (3 = 21.4%) {78.6%}
34  O                                                                         (0 = 0.0%) {100.0%}

Histogram: Stability.Experimental.PageLoads recorded 5 samples, mean = 9.4 (flags = 0x1)
0   --O                                                                       (2 = 40.0%)
1   ... 
15  --O                                                                       (2 = 40.0%) {40.0%}
16  O                                                                         (0 = 0.0%) {80.0%}
17  -O                                                                        (1 = 20.0%) {80.0%}
18  O                                                                         (0 = 0.0%) {100.0%}

Histogram: Startup.Browser.LoadTime.PreReadFile recorded 1 samples, mean = 28.0 (flags = 0x1)
0   ... 
26  -O                                                                        (1 = 100.0%) {0.0%}
35  ... 

Histogram: Startup.Browser.LoadTime.PreReadFile.WarmStartup recorded 1 samples, mean = 28.0 (flags = 0x1)
0   ... 
26  -O                                                                        (1 = 100.0%) {0.0%}
35  ... 

Histogram: Startup.BrowserMainRunnerImplInitializeLongTime recorded 1 samples, mean = 246.0 (flags = 0x1)
0    ... 
242  -O                                                                        (1 = 100.0%) {0.0%}
279  ... 

Histogram: Startup.BrowserMessageLoopFirstIdle recorded 1 samples, mean = 441.0 (flags = 0x1)
0    ... 
429  -O                                                                        (1 = 100.0%) {0.0%}
495  ... 

Histogram: Startup.BrowserMessageLoopFirstIdle.WarmStartup recorded 1 samples, mean = 441.0 (flags = 0x1)
0    ... 
429  -O                                                                        (1 = 100.0%) {0.0%}
495  ... 

Histogram: Startup.BrowserMessageLoopStartHardFaultCount recorded 1 samples, mean = 0.0 (flags = 0x1)
0  -O                                                                        (1 = 100.0%)
1  ... 

Histogram: Startup.BrowserMessageLoopStartTime recorded 1 samples, mean = 404.0 (flags = 0x1)
0    ... 
372  -O                                                                        (1 = 100.0%) {0.0%}
429  ... 

Histogram: Startup.BrowserMessageLoopStartTime.WarmStartup recorded 1 samples, mean = 404.0 (flags = 0x1)
0    ... 
372  -O                                                                        (1 = 100.0%) {0.0%}
429  ... 

Histogram: Startup.BrowserWindow.FirstPaint recorded 1 samples, mean = 900.0 (flags = 0x1)
0    ... 
878  -O                                                                        (1 = 100.0%) {0.0%}
1013 ... 

Histogram: Startup.BrowserWindow.FirstPaint.WarmStartup recorded 1 samples, mean = 900.0 (flags = 0x1)
0    ... 
878  -O                                                                        (1 = 100.0%) {0.0%}
1013 ... 

Histogram: Startup.BrowserWindowDisplay recorded 1 samples, mean = 404.0 (flags = 0x1)
0    ... 
398  -O                                                                        (1 = 100.0%) {0.0%}
539  ... 

Histogram: Startup.BrowserWindowDisplay.WarmStartup recorded 1 samples, mean = 404.0 (flags = 0x1)
0    ... 
398  -O                                                                        (1 = 100.0%) {0.0%}
539  ... 

Histogram: Startup.CreateFirstProfile recorded 1 samples, mean = 63.0 (flags = 0x1)
0   ... 
47  -O                                                                        (1 = 100.0%) {0.0%}
64  ... 

Histogram: Startup.FirstWebContents.FinishReason recorded 1 samples, mean = 6.0 (flags = 0x1)
0  ... 
6  -O                                                                        (1 = 100.0%) {0.0%}
7  ... 

Histogram: Startup.IncognitoForcedStart recorded 1 samples, mean = 3.0 (flags = 0x1)
0  ... 
3  -O                                                                        (1 = 100.0%) {0.0%}
4  O                                                                         (0 = 0.0%) {100.0%}

Histogram: Startup.LoadTime.ApplicationStartToChromeMain recorded 1 samples, mean = 34.0 (flags = 0x1)
0   ... 
26  -O                                                                        (1 = 100.0%) {0.0%}
35  ... 

Histogram: Startup.LoadTime.ApplicationStartToChromeMain.WarmStartup recorded 1 samples, mean = 34.0 (flags = 0x1)
0   ... 
26  -O                                                                        (1 = 100.0%) {0.0%}
35  ... 

Histogram: Startup.LoadTime.ProcessCreateToApplicationStart recorded 1 samples, mean = 82.0 (flags = 0x1)
0   ... 
64  -O                                                                        (1 = 100.0%) {0.0%}
87  ... 

Histogram: Startup.LoadTime.ProcessCreateToApplicationStart.WarmStartup recorded 1 samples, mean = 82.0 (flags = 0x1)
0   ... 
64  -O                                                                        (1 = 100.0%) {0.0%}
87  ... 

Histogram: Startup.LoadTime.RecordedProcessCreation recorded 1 samples, mean = 1.0 (flags = 0x1)
0  O                                                                         (0 = 0.0%)
1  -O                                                                        (1 = 100.0%) {0.0%}
2  O                                                                         (0 = 0.0%) {100.0%}

Histogram: Startup.PreMainMessageLoopRunImplLongTime recorded 1 samples, mean = 172.0 (flags = 0x1)
0    ... 
158  -O                                                                        (1 = 100.0%) {0.0%}
182  ... 

Histogram: Startup.StartupBrowserCreator.LaunchBrowser recorded 1 samples, mean = 84.0 (flags = 0x1)
0   ... 
81  -O                                                                        (1 = 100.0%) {0.0%}
96  ... 

Histogram: Startup.Temperature recorded 1 samples, mean = 1.0 (flags = 0x1)
0  O                                                                         (0 = 0.0%)
1  -O                                                                        (1 = 100.0%) {0.0%}
2  ... 

Histogram: Storage.SharedStorage.Database.Timing.OpenImpl recorded 1 samples, mean = 26.0 (flags = 0x1)
0   ... 
24  -O                                                                        (1 = 100.0%) {0.0%}
29  ... 

Histogram: Storage.SharedStorage.OnShutdown.HasSqlErrors recorded 2 samples, mean = 0.0 (flags = 0x1)
0  --O                                                                       (2 = 100.0%)
1  ... 

Histogram: Storage.SharedStorage.OnShutdown.NumSqlErrors recorded 2 samples, mean = 0.0 (flags = 0x1)
0  --O                                                                       (2 = 100.0%)
1  ... 

Histogram: Storage.SharedStorage.OnShutdown.RecoveryFromInitFailureAttempted recorded 2 samples, mean = 0.0 (flags = 0x1)
0  --O                                                                       (2 = 100.0%)
1  ... 

Histogram: Storage.SharedStorage.OnShutdown.RecoveryOnDiskAttempted recorded 2 samples, mean = 0.0 (flags = 0x1)
0  --O                                                                       (2 = 100.0%)
1  ... 

Histogram: Storage.SharedStorage.Worklet.NumPerPage recorded 1 samples, mean = 0.0 (flags = 0x1)
0  -O                                                                        (1 = 100.0%)
1  ... 

Histogram: Storage.SharedStorage.Worklet.SelectURL.CallsPerPage recorded 1 samples, mean = 0.0 (flags = 0x1)
0  -O                                                                        (1 = 100.0%)
1  ... 

Histogram: SubresourceFilter.PageLoad.ActivationDecision recorded 1 samples, mean = 1.0 (flags = 0x1)
0  O                                                                         (0 = 0.0%)
1  -O                                                                        (1 = 100.0%) {0.0%}
2  ... 

Histogram: SubresourceFilter.PageLoad.ActivationList recorded 1 samples, mean = 0.0 (flags = 0x1)
0  -O                                                                        (1 = 100.0%)
1  ... 

Histogram: SubresourceFilter.PageLoad.ActivationState recorded 2 samples, mean = 0.0 (flags = 0x1)
0  --O                                                                       (2 = 100.0%)
1  ... 

Histogram: SubresourceFilter.PageLoad.ActivationState.DisabledReason recorded 2 samples, mean = 7.5 (flags = 0x1)
0  ... 
7  -O                                                                        (1 = 50.0%) {0.0%}
8  -O                                                                        (1 = 50.0%) {50.0%}
9  O                                                                         (0 = 0.0%) {100.0%}

Histogram: SubresourceFilter.PageLoad.SafeBrowsingDelay recorded 1 samples, mean = 0.0 (flags = 0x1)
0  -O                                                                        (1 = 100.0%)
1  ... 

Histogram: SubresourceFilter.SafeBrowsing.TotalCheckTime recorded 1 samples, mean = 0.0 (flags = 0x1)
0  -O                                                                        (1 = 100.0%)
1  ... 

Histogram: Sync.DataTypeStoreBackendError.ReadRecords recorded 24 samples, mean = 1.0 (flags = 0x1)
0  O                                                                         (0 = 0.0%)
1  ------------------------O                                                 (24 = 100.0%) {0.0%}
2  ... 

Histogram: Sync.DataTypeStoreBackendInitializationSuccess recorded 1 samples, mean = 1.0 (flags = 0x1)
0  O                                                                         (0 = 0.0%)
1  -O                                                                        (1 = 100.0%) {0.0%}
2  O                                                                         (0 = 0.0%) {100.0%}

Histogram: Sync.FeatureStatusForSyncToSigninMigration recorded 1 samples, mean = 0.0 (flags = 0x1)
0  -O                                                                        (1 = 100.0%)
1  ... 

Histogram: Sync.InitialState2 recorded 1 samples, mean = 1.0 (flags = 0x1)
0  O                                                                         (0 = 0.0%)
1  -O                                                                        (1 = 100.0%) {0.0%}
2  ... 

Histogram: Sync.Local.Enabled2 recorded 1 samples, mean = 0.0 (flags = 0x1)
0  -O                                                                        (1 = 100.0%)
1  ... 

Histogram: Sync.PassphraseType2 recorded 1 samples, mean = 0.0 (flags = 0x1)
0  -O                                                                        (1 = 100.0%)
1  ... 

Histogram: Sync.PrefModelAssociator.OnPrefValueChanged.PREFERENCE recorded 8 samples (flags = 0x1)
5       -O                                                                        (1 = 12.5%)
60      -O                                                                        (1 = 12.5%)
96      -O                                                                        (1 = 12.5%)
100142  -O                                                                        (1 = 12.5%)
100143  -O                                                                        (1 = 12.5%)
100300  -O                                                                        (1 = 12.5%)
100323  -O                                                                        (1 = 12.5%)
100324  -O                                                                        (1 = 12.5%)

Histogram: Sync.SearchEngine.AddedKeywordHasAccountData recorded 11 samples, mean = 0.0 (flags = 0x1)
0  -----------O                                                              (11 = 100.0%)
1  ... 

Histogram: Sync.SyncSetupIncompleteMigrationDecision recorded 1 samples, mean = 1.0 (flags = 0x1)
0  O                                                                         (0 = 0.0%)
1  -O                                                                        (1 = 100.0%) {0.0%}
2  ... 

Histogram: Sync.SyncToSigninMigration.MigrationType recorded 1 samples, mean = 4.0 (flags = 0x1)
0  ... 
4  -O                                                                        (1 = 100.0%) {0.0%}
5  O                                                                         (0 = 0.0%) {100.0%}

Histogram: Sync.SyncToSigninMigrationDecision recorded 1 samples, mean = 1.0 (flags = 0x1)
0  O                                                                         (0 = 0.0%)
1  -O                                                                        (1 = 100.0%) {0.0%}
2  ... 

Histogram: Sync.SyncableService.MaybeClearDataIfMetadataEmptyOrInvalid.APP recorded 1 samples, mean = 1.0 (flags = 0x1)
0  O                                                                         (0 = 0.0%)
1  -O                                                                        (1 = 100.0%) {0.0%}
2  O                                                                         (0 = 0.0%) {100.0%}

Histogram: Sync.SyncableService.MaybeClearDataIfMetadataEmptyOrInvalid.APP_SETTING recorded 1 samples, mean = 1.0 (flags = 0x1)
0  O                                                                         (0 = 0.0%)
1  -O                                                                        (1 = 100.0%) {0.0%}
2  O                                                                         (0 = 0.0%) {100.0%}

Histogram: Sync.SyncableService.MaybeClearDataIfMetadataEmptyOrInvalid.DICTIONARY recorded 1 samples, mean = 1.0 (flags = 0x1)
0  O                                                                         (0 = 0.0%)
1  -O                                                                        (1 = 100.0%) {0.0%}
2  O                                                                         (0 = 0.0%) {100.0%}

Histogram: Sync.SyncableService.MaybeClearDataIfMetadataEmptyOrInvalid.EXTENSION recorded 1 samples, mean = 1.0 (flags = 0x1)
0  O                                                                         (0 = 0.0%)
1  -O                                                                        (1 = 100.0%) {0.0%}
2  O                                                                         (0 = 0.0%) {100.0%}

Histogram: Sync.SyncableService.MaybeClearDataIfMetadataEmptyOrInvalid.EXTENSION_SETTING recorded 1 samples, mean = 1.0 (flags = 0x1)
0  O                                                                         (0 = 0.0%)
1  -O                                                                        (1 = 100.0%) {0.0%}
2  O                                                                         (0 = 0.0%) {100.0%}

Histogram: Sync.SyncableService.MaybeClearDataIfMetadataEmptyOrInvalid.HISTORY_DELETE_DIRECTIVE recorded 1 samples, mean = 1.0 (flags = 0x1)
0  O                                                                         (0 = 0.0%)
1  -O                                                                        (1 = 100.0%) {0.0%}
2  O                                                                         (0 = 0.0%) {100.0%}

Histogram: Sync.SyncableService.MaybeClearDataIfMetadataEmptyOrInvalid.MANAGED_USER_SETTING recorded 1 samples, mean = 1.0 (flags = 0x1)
0  O                                                                         (0 = 0.0%)
1  -O                                                                        (1 = 100.0%) {0.0%}
2  O                                                                         (0 = 0.0%) {100.0%}

Histogram: Sync.SyncableService.MaybeClearDataIfMetadataEmptyOrInvalid.PREFERENCE recorded 1 samples, mean = 1.0 (flags = 0x1)
0  O                                                                         (0 = 0.0%)
1  -O                                                                        (1 = 100.0%) {0.0%}
2  O                                                                         (0 = 0.0%) {100.0%}

Histogram: Sync.SyncableService.MaybeClearDataIfMetadataEmptyOrInvalid.PRIORITY_PREFERENCE recorded 1 samples, mean = 1.0 (flags = 0x1)
0  O                                                                         (0 = 0.0%)
1  -O                                                                        (1 = 100.0%) {0.0%}
2  O                                                                         (0 = 0.0%) {100.0%}

Histogram: Sync.SyncableService.MaybeClearDataIfMetadataEmptyOrInvalid.SEARCH_ENGINE recorded 1 samples, mean = 1.0 (flags = 0x1)
0  O                                                                         (0 = 0.0%)
1  -O                                                                        (1 = 100.0%) {0.0%}
2  O                                                                         (0 = 0.0%) {100.0%}

Histogram: Sync.SyncableService.MaybeClearDataIfMetadataEmptyOrInvalid.THEME recorded 1 samples, mean = 1.0 (flags = 0x1)
0  O                                                                         (0 = 0.0%)
1  -O                                                                        (1 = 100.0%) {0.0%}
2  O                                                                         (0 = 0.0%) {100.0%}

Histogram: Tab.Count.Incognito recorded 1 samples, mean = 0.0 (flags = 0x1)
0  -O                                                                        (1 = 100.0%)
1  ... 

Histogram: TabGroups.CollapsedGroupCountPerLoad recorded 2 samples, mean = 0.0 (flags = 0x1)
0  --O                                                                       (2 = 100.0%)
1  ... 

Histogram: TabGroups.ParseSavedTabGroupDataEntries.ParseFailurePercentage recorded 1 samples, mean = 0.0 (flags = 0x1)
0  -O                                                                        (1 = 100.0%)
1  ... 

Histogram: TabGroups.SavedTabGroupSyncBridge.MigrationResult recorded 6 samples, mean = 6.3 (flags = 0x1)
0   O                                                                         (0 = 0.0%)
1   -O                                                                        (1 = 16.7%) {0.0%}
2   O                                                                         (0 = 0.0%) {16.7%}
3   -O                                                                        (1 = 16.7%) {16.7%}
4   -O                                                                        (1 = 16.7%) {33.3%}
5   ... 
7   -O                                                                        (1 = 16.7%) {50.0%}
8   -O                                                                        (1 = 16.7%) {66.7%}
9   ... 
15  -O                                                                        (1 = 16.7%) {83.3%}
16  O                                                                         (0 = 0.0%) {100.0%}

Histogram: TabGroups.UserCustomizedGroupCountPerLoad recorded 2 samples, mean = 0.0 (flags = 0x1)
0  --O                                                                       (2 = 100.0%)
1  ... 

Histogram: TabGroups.UserGroupCountPerLoad recorded 2 samples, mean = 0.0 (flags = 0x1)
0  --O                                                                       (2 = 100.0%)
1  ... 

Histogram: TabGroups.UserPinnedTabCountPerLoad recorded 2 samples, mean = 0.0 (flags = 0x1)
0  --O                                                                       (2 = 100.0%)
1  ... 

Histogram: Tabs.NewNavigationWithSameOriginTab recorded 1 samples, mean = 0.0 (flags = 0x1)
0  -O                                                                        (1 = 100.0%)
1  ... 

Histogram: Tabs.PageLoad.TimeSinceActive2 recorded 1 samples, mean = 215.0 (flags = 0x1)
0    ... 
167  -O                                                                        (1 = 100.0%) {0.0%}
259  ... 

Histogram: Tabs.PageLoad.TimeSinceCreated2 recorded 1 samples, mean = 269.0 (flags = 0x1)
0    ... 
259  -O                                                                        (1 = 100.0%) {0.0%}
401  ... 

Histogram: Tabs.Selections.Count recorded 2 samples, mean = 0.5 (flags = 0x1)
0  -O                                                                        (1 = 50.0%)
1  -O                                                                        (1 = 50.0%) {50.0%}
2  ... 

Histogram: Tabs.TabCountActiveWindow recorded 4 samples, mean = 0.5 (flags = 0x1)
0  --O                                                                       (2 = 50.0%)
1  --O                                                                       (2 = 50.0%) {50.0%}
2  ... 

Histogram: Tabs.TabCountInGroupPerLoad recorded 2 samples, mean = 0.0 (flags = 0x1)
0  --O                                                                       (2 = 100.0%)
1  ... 

Histogram: Tabs.TabCountPerLoad recorded 2 samples, mean = 1.0 (flags = 0x1)
0  O                                                                         (0 = 0.0%)
1  --O                                                                       (2 = 100.0%) {0.0%}
2  ... 

Histogram: Tabs.TabCountPerWindow recorded 4 samples, mean = 0.5 (flags = 0x1)
0  --O                                                                       (2 = 50.0%)
1  --O                                                                       (2 = 50.0%) {50.0%}
2  ... 

Histogram: Tabs.TabSearch.PositionInTabstrip2 recorded 2 samples, mean = 0.0 (flags = 0x1)
0  --O                                                                       (2 = 100.0%)
1  ... 

Histogram: Tabs.VerticalTabs.EnabledAtSessionStart recorded 1 samples, mean = 0.0 (flags = 0x1)
0  -O                                                                        (1 = 100.0%)
1  ... 

Histogram: Theme.ThemePrefMigration.AlreadyMigrated recorded 1 samples, mean = 0.0 (flags = 0x1)
0  -O                                                                        (1 = 100.0%)
1  ... 

Histogram: Theme.ThemePrefMigration.PrefRegistered recorded 1 samples, mean = 1.0 (flags = 0x1)
0  O                                                                         (0 = 0.0%)
1  -O                                                                        (1 = 100.0%) {0.0%}
2  O                                                                         (0 = 0.0%) {100.0%}

Histogram: ThreadPool.UnnecessaryWakeup.Browser.Background recorded 1 samples, mean = 1.0 (flags = 0x1)
0  O                                                                         (0 = 0.0%)
1  -O                                                                        (1 = 100.0%) {0.0%}
2  O                                                                         (0 = 0.0%) {100.0%}

Histogram: ThreadPool.UnnecessaryWakeup.Browser.Foreground recorded 67 samples, mean = 1.0 (flags = 0x1)
0  O                                                                         (0 = 0.0%)
1  -------------------------------------------------------------------O      (67 = 100.0%) {0.0%}
2  O                                                                         (0 = 0.0%) {100.0%}

Histogram: Touch.DevicePosture.Startup recorded 1 samples, mean = 1.0 (flags = 0x1)
0  O                                                                         (0 = 0.0%)
1  -O                                                                        (1 = 100.0%) {0.0%}
2  O                                                                         (0 = 0.0%) {100.0%}

Histogram: Tracing.Init.InitTracing recorded 1 samples, mean = 0.0 (flags = 0x1)
0  -O                                                                        (1 = 100.0%)
1  ... 

Histogram: Tracing.Init.Perfetto.Initialize recorded 1 samples, mean = 0.0 (flags = 0x1)
0  -O                                                                        (1 = 100.0%)
1  ... 

Histogram: Translate.ApplicationStart.AlwaysTranslateLanguage.Count recorded 1 samples, mean = 0.0 (flags = 0x1)
0  -O                                                                        (1 = 100.0%)
1  ... 

Histogram: Translate.ApplicationStart.NeverTranslateLanguage recorded 1 samples (flags = 0x1)
-74147910-O                                                                        (1 = 100.0%)

Histogram: Translate.ApplicationStart.NeverTranslateLanguage.Count recorded 1 samples, mean = 1.0 (flags = 0x1)
0  O                                                                         (0 = 0.0%)
1  -O                                                                        (1 = 100.0%) {0.0%}
2  ... 

Histogram: Translate.ApplicationStart.NeverTranslateSite.Count recorded 1 samples, mean = 0.0 (flags = 0x1)
0  -O                                                                        (1 = 100.0%)
1  ... 

Histogram: Translate.LanguageDetection.ContentLength recorded 1 samples, mean = 176.0 (flags = 0x1)
0    ... 
149  -O                                                                        (1 = 100.0%) {0.0%}
186  ... 

Histogram: Translate.LanguageDeterminedDuration recorded 1 samples, mean = 568.0 (flags = 0x1)
0    ... 
539  -O                                                                        (1 = 100.0%) {0.0%}
730  ... 

Histogram: Translate.PageLoad.FinalSourceLanguage recorded 1 samples (flags = 0x1)
42532257  -O                                                                        (1 = 100.0%)

Histogram: Translate.PageLoad.FinalState recorded 1 samples, mean = 3.0 (flags = 0x1)
0  ... 
3  -O                                                                        (1 = 100.0%) {0.0%}
4  ... 

Histogram: Translate.PageLoad.FinalTargetLanguage recorded 1 samples (flags = 0x1)
-74147910-O                                                                        (1 = 100.0%)

Histogram: Translate.PageLoad.InitialSourceLanguage recorded 1 samples (flags = 0x1)
42532257  -O                                                                        (1 = 100.0%)

Histogram: Translate.PageLoad.InitialState recorded 1 samples, mean = 3.0 (flags = 0x1)
0  ... 
3  -O                                                                        (1 = 100.0%) {0.0%}
4  ... 

Histogram: Translate.PageLoad.InitialTargetLanguage recorded 1 samples (flags = 0x1)
-74147910-O                                                                        (1 = 100.0%)

Histogram: Translate.PageLoad.InitialTargetLanguage.Origin recorded 1 samples, mean = 1.0 (flags = 0x1)
0  O                                                                         (0 = 0.0%)
1  -O                                                                        (1 = 100.0%) {0.0%}
2  ... 

Histogram: Translate.PageLoad.IsInitialSourceLanguageInUsersContentLanguages recorded 1 samples, mean = 0.0 (flags = 0x1)
0  -O                                                                        (1 = 100.0%)
1  ... 

Histogram: Translate.PageLoad.NumReversions recorded 1 samples, mean = 0.0 (flags = 0x1)
0  -O                                                                        (1 = 100.0%)
1  ... 

Histogram: Translate.PageLoad.NumTargetLanguageChanges recorded 1 samples, mean = 0.0 (flags = 0x1)
0  -O                                                                        (1 = 100.0%)
1  ... 

Histogram: Translate.PageLoad.NumTranslations recorded 1 samples, mean = 0.0 (flags = 0x1)
0  -O                                                                        (1 = 100.0%)
1  ... 

Histogram: Translate.PageLoad.Ranker.Decision recorded 1 samples, mean = 1.0 (flags = 0x1)
0  O                                                                         (0 = 0.0%)
1  -O                                                                        (1 = 100.0%) {0.0%}
2  ... 

Histogram: Translate.PageLoad.Ranker.Version recorded 1 samples (flags = 0x1)
0  -O                                                                        (1 = 100.0%)

Histogram: Translate.PageLoad.TriggerDecision recorded 1 samples, mean = 13.0 (flags = 0x1)
0   ... 
13  -O                                                                        (1 = 100.0%) {0.0%}
14  ... 

Histogram: Translate.UiInteraction.Event recorded 1 samples, mean = 9.0 (flags = 0x1)
0  ... 
9  -O                                                                        (1 = 100.0%) {0.0%}
10 ... 

Histogram: TrustedVault.AccessTokenFetchSuccess.HwProtected recorded 1 samples, mean = 0.0 (flags = 0x1)
0  -O                                                                        (1 = 100.0%)
1  ... 

Histogram: TrustedVault.DownloadAuthenticationFactorsRegistrationState.HwProtected recorded 1 samples, mean = 0.0 (flags = 0x1)
0  -O                                                                        (1 = 100.0%)
1  ... 

Histogram: TrustedVault.FileReadStatus.ChromeSync recorded 1 samples, mean = 1.0 (flags = 0x1)
0  O                                                                         (0 = 0.0%)
1  -O                                                                        (1 = 100.0%) {0.0%}
2  ... 

Histogram: TrustedVault.FileWriteSuccess.ChromeSync recorded 1 samples, mean = 1.0 (flags = 0x1)
0  O                                                                         (0 = 0.0%)
1  -O                                                                        (1 = 100.0%) {0.0%}
2  O                                                                         (0 = 0.0%) {100.0%}

Histogram: TrustedVault.ListSecurityDomainMembersPinStatus.HwProtected recorded 1 samples, mean = 2.0 (flags = 0x1)
0  ... 
2  -O                                                                        (1 = 100.0%) {0.0%}
3  O                                                                         (0 = 0.0%) {100.0%}

Histogram: UKM.ConsentObserver.Purge recorded 1 samples, mean = 0.0 (flags = 0x1)
0  -O                                                                        (1 = 100.0%)
1  ... 

Histogram: UKM.Entries.Dropped recorded 79 samples, mean = 1.0 (flags = 0x1)
0  O                                                                         (0 = 0.0%)
1  ------------------------------------------------------------------------O (79 = 100.0%) {0.0%}
2  ... 

Histogram: UKM.Entries.Dropped.ByEntryHash recorded 79 samples (flags = 0x1)
42578854    -O                                                                        (1 = 1.3%)
58315124    -O                                                                        (1 = 1.3%)
119435925   -O                                                                        (1 = 1.3%)
182085608   ----O                                                                     (4 = 5.1%)
189164898   -O                                                                        (1 = 1.3%)
239399480   -O                                                                        (1 = 1.3%)
251237400   -O                                                                        (1 = 1.3%)
270025173   -O                                                                        (1 = 1.3%)
385121421   ----O                                                                     (4 = 5.1%)
410645267   -O                                                                        (1 = 1.3%)
480593958   ---O                                                                      (3 = 3.8%)
532600439   -----O                                                                    (5 = 6.3%)
624513781   --O                                                                       (2 = 2.5%)
661477988   -O                                                                        (1 = 1.3%)
705322609   --O                                                                       (2 = 2.5%)
854760832   -O                                                                        (1 = 1.3%)
911916855   -----O                                                                    (5 = 6.3%)
923024503   -O                                                                        (1 = 1.3%)
1004547038  -O                                                                        (1 = 1.3%)
1035062417  -----O                                                                    (5 = 6.3%)
1039214744  -O                                                                        (1 = 1.3%)
1262170432  ----O                                                                     (4 = 5.1%)
1354891390  -O                                                                        (1 = 1.3%)
1486378388  -O                                                                        (1 = 1.3%)
1548358279  -O                                                                        (1 = 1.3%)
1604233346  ----------O                                                               (10 = 12.7%)
1663717192  -O                                                                        (1 = 1.3%)
1682881113  -O                                                                        (1 = 1.3%)
1767609109  ---------O                                                                (9 = 11.4%)
1832900131  ---O                                                                      (3 = 3.8%)
1871083634  -O                                                                        (1 = 1.3%)
1892405964  --O                                                                       (2 = 2.5%)
2037740339  -O                                                                        (1 = 1.3%)
2066033668  -O                                                                        (1 = 1.3%)

Histogram: UKM.PersistentLogRecall.Status recorded 1 samples, mean = 1.0 (flags = 0x1)
0  O                                                                         (0 = 0.0%)
1  -O                                                                        (1 = 100.0%) {0.0%}
2  ... 

Histogram: UKM.Sources.Dropped recorded 8 samples, mean = 1.0 (flags = 0x1)
0  O                                                                         (0 = 0.0%)
1  --------O                                                                 (8 = 100.0%) {0.0%}
2  ... 

Histogram: UKM.WebDXFeatureSets.Dropped recorded 1 samples, mean = 1.0 (flags = 0x1)
0  O                                                                         (0 = 0.0%)
1  -O                                                                        (1 = 100.0%) {0.0%}
2  ... 

Histogram: UMA.ChildProcess.Ping.SharedMemorySetUp recorded 20 samples, mean = 0.8 (flags = 0x1)
0  ------------O                                                             (12 = 60.0%)
1  O                                                                         (0 = 0.0%) {60.0%}
2  --------O                                                                 (8 = 40.0%) {60.0%}
3  O                                                                         (0 = 0.0%) {100.0%}

Histogram: UMA.CleanExitBeaconConsistency3 recorded 1 samples, mean = 6.0 (flags = 0x1)
0  ... 
6  -O                                                                        (1 = 100.0%) {0.0%}
7  ... 

Histogram: UMA.EntropySourceType recorded 1 samples, mean = 1.0 (flags = 0x1)
0  O                                                                         (0 = 0.0%)
1  -O                                                                        (1 = 100.0%) {0.0%}
2  ... 

Histogram: UMA.LocalHistogram recorded 2 samples, mean = 1.0
0  O                                                                         (0 = 0.0%)
1  --O                                                                       (2 = 100.0%) {0.0%}
2  O                                                                         (0 = 0.0%) {100.0%}

Histogram: UMA.MetricsService.Initialize.Time recorded 1 samples, mean = 818.0 (flags = 0x1)
0    ... 
777  -O                                                                        (1 = 100.0%) {0.0%}
1023 ... 

Histogram: UMA.MetricsService.PendingOngoingLogOnDisable recorded 1 samples, mean = 0.0 (flags = 0x1)
0  -O                                                                        (1 = 100.0%)
1  ... 

Histogram: UMA.PersistentAllocator.FieldTrialAllocator.UsedPct recorded 14 samples, mean = 0.0 (flags = 0x1)
0  --------------O                                                           (14 = 100.0%)
1  ... 

Histogram: UMA.Pseudo.PageLoad.LayoutInstability.CumulativeShiftScore recorded 1 samples, mean = 0.0 (flags = 0x1)
0  -O                                                                        (1 = 100.0%)
1  ... 

Histogram: UMA.Pseudo.PageLoad.LayoutInstability.MaxCumulativeShiftScore.SessionWindow.Gap1000ms.Max5000ms2 recorded 1 samples, mean = 0.0 (flags = 0x1)
0  -O                                                                        (1 = 100.0%)
1  ... 

Histogram: UnifiedConsent.MakeSearchesAndBrowsingBetter.OnProfileLoad recorded 1 samples, mean = 0.0 (flags = 0x1)
0  -O                                                                        (1 = 100.0%)
1  ... 

Histogram: UserEducation.Session.ActivePeriodDuration.Min.Under1Hour recorded 1 samples, mean = 0.0 (flags = 0x1)
0  -O                                                                        (1 = 100.0%)
1  ... 

Histogram: UserEducation.Session.ActivePeriodDuration.Min.Under24Hours recorded 1 samples, mean = 0.0 (flags = 0x1)
0  -O                                                                        (1 = 100.0%)
1  ... 

Histogram: UserEducation.Session.IdlePeriodDuration.Hr.Under28Days recorded 1 samples, mean = 3729675.0 (flags = 0x1)
0    ... 
672  -O                                                                        (1 = 100.0%) {0.0%}

Histogram: UserEducation.Session.IdlePeriodDuration.Min.Under24Hours recorded 1 samples, mean = 223780512.0 (flags = 0x1)
0     ... 
1440  -O                                                                        (1 = 100.0%) {0.0%}

Histogram: Variations.ExtendedSafeMode.BeaconFileDeserializationError recorded 1 samples (flags = 0x1)
1003  -O                                                                        (1 = 100.0%)

Histogram: Variations.ExtendedSafeMode.BeaconFileStateAtStartup recorded 1 samples, mean = 1.0 (flags = 0x1)
0  O                                                                         (0 = 0.0%)
1  -O                                                                        (1 = 100.0%) {0.0%}
2  ... 

Histogram: Variations.ExtendedSafeMode.BeaconFileWrite recorded 2 samples, mean = 1.0 (flags = 0x1)
0  O                                                                         (0 = 0.0%)
1  --O                                                                       (2 = 100.0%) {0.0%}
2  O                                                                         (0 = 0.0%) {100.0%}

Histogram: Variations.ForcedFieldTrialsAtStartupForInternalsPage recorded 1 samples, mean = 0.0 (flags = 0x1)
0  -O                                                                        (1 = 100.0%)
1  ... 

Histogram: Variations.Headers.ExperimentCount recorded 12 samples, mean = 1.0 (flags = 0x1)
0  O                                                                         (0 = 0.0%)
1  ------------O                                                             (12 = 100.0%) {0.0%}
2  ... 

Histogram: Variations.Headers.RequestContextCategory recorded 3 samples, mean = 0.0 (flags = 0x1)
0  ---O                                                                      (3 = 100.0%)
1  ... 

Histogram: Variations.Headers.TimeSource recorded 16 samples, mean = 1.3 (flags = 0x1)
0  O                                                                         (0 = 0.0%)
1  -----------O                                                              (11 = 68.8%) {0.0%}
2  -----O                                                                    (5 = 31.2%) {68.8%}
3  O                                                                         (0 = 0.0%) {100.0%}

Histogram: Variations.Limits.VariationKeySize.Default recorded 26 samples, mean = 0.0 (flags = 0x1)
0  --------------------------O                                               (26 = 100.0%)
1  ... 

Histogram: Variations.LoadPermanentConsistencyCountryResult recorded 1 samples, mean = 0.0 (flags = 0x1)
0  -O                                                                        (1 = 100.0%)
1  ... 

Histogram: Variations.PolicyRestriction recorded 1 samples, mean = 0.0 (flags = 0x1)
0  -O                                                                        (1 = 100.0%)
1  ... 

Histogram: Variations.ResourceRequestsAllowed recorded 2 samples, mean = 4.0 (flags = 0x1)
0  ... 
2  -O                                                                        (1 = 50.0%) {0.0%}
3  ... 
6  -O                                                                        (1 = 50.0%) {50.0%}
7  O                                                                         (0 = 0.0%) {100.0%}

Histogram: Variations.SafeMode.Streak.Crashes recorded 1 samples (flags = 0x1)
0  -O                                                                        (1 = 100.0%)

Histogram: Variations.SafeMode.Streak.FetchFailures recorded 1 samples (flags = 0x1)
0  -O                                                                        (1 = 100.0%)

Histogram: Variations.SeedFetchResponseOrErrorCode recorded 1 samples (flags = 0x1)
200  -O                                                                        (1 = 100.0%)

Histogram: Variations.SeedFetchTimeOnFirstRun recorded 1 samples, mean = 658.0 (flags = 0x1)
0    ... 
633  -O                                                                        (1 = 100.0%) {0.0%}
752  ... 

Histogram: Variations.SeedLoadResult recorded 1 samples, mean = 1.0 (flags = 0x1)
0  O                                                                         (0 = 0.0%)
1  -O                                                                        (1 = 100.0%) {0.0%}
2  ... 

Histogram: Variations.SeedStoreResult recorded 1 samples, mean = 14.0 (flags = 0x1)
0   ... 
14  -O                                                                        (1 = 100.0%) {0.0%}
15  ... 

Histogram: Variations.SeedUsage recorded 1 samples, mean = 2.0 (flags = 0x1)
0  ... 
2  -O                                                                        (1 = 100.0%) {0.0%}
3  ... 

Histogram: Variations.StoreSeed.DataSize recorded 1 samples, mean = 56.0 (flags = 0x1)
0   ... 
53  -O                                                                        (1 = 100.0%) {0.0%}
60  ... 

Histogram: Variations.TimeSinceLastFetchAttempt recorded 1 samples, mean = 0.0 (flags = 0x1)
0  -O                                                                        (1 = 100.0%)
1  ... 

Histogram: Variations.UserChannel recorded 1 samples (flags = 0x1)
3  -O                                                                        (1 = 100.0%)

Histogram: Views.Browser.NumColorProvidersInitializedDuringOnNativeThemeUpdated recorded 1 samples, mean = 0.0 (flags = 0x1)
0  -O                                                                        (1 = 100.0%)
1  ... 

Histogram: Views.Browser.TimeSpentInitializingColorProvider recorded 4 samples, mean = 0.5 (flags = 0x1)
0  --O                                                                       (2 = 50.0%)
1  --O                                                                       (2 = 50.0%) {50.0%}
2  ... 

Histogram: Views.Browser.TimeSpentProcessingOnNativeThemeUpdatedEvent recorded 1 samples, mean = 0.0 (flags = 0x1)
0  -O                                                                        (1 = 100.0%)
1  ... 

Histogram: Views.ColorProviderCacheSize recorded 4 samples, mean = 2.5 (flags = 0x1)
0  O                                                                         (0 = 0.0%)
1  -O                                                                        (1 = 25.0%) {0.0%}
2  -O                                                                        (1 = 25.0%) {25.0%}
3  -O                                                                        (1 = 25.0%) {50.0%}
4  -O                                                                        (1 = 25.0%) {75.0%}
5  ... 

Histogram: Views.InvalidatesDuringLayout recorded 4060 samples, mean = 0.1 (flags = 0x1)
0   ------------------------------------------------------------------------O (4035 = 99.4%)
1   O                                                                         (6 = 0.1%) {99.4%}
2   O                                                                         (3 = 0.1%) {99.5%}
3   O                                                                         (2 = 0.0%) {99.6%}
4   ... 
8   O                                                                         (2 = 0.0%) {99.7%}
9   ... 
18  O                                                                         (2 = 0.0%) {99.7%}
19  ... 
28  O                                                                         (2 = 0.0%) {99.8%}
30  ... 
40  O                                                                         (2 = 0.0%) {99.8%}
42  ... 
48  O                                                                         (2 = 0.0%) {99.9%}
51  ... 
60  O                                                                         (2 = 0.0%) {99.9%}
64  O                                                                         (0 = 0.0%) {100.0%}
68  O                                                                         (2 = 0.0%) {100.0%}
72  ... 

Histogram: Views.LayoutCallDepth recorded 3864 samples, mean = 1.1 (flags = 0x1)
0  O                                                                         (0 = 0.0%)
1  ------------------------------------------------------------------------O (3668 = 94.9%) {0.0%}
2  ----O                                                                     (196 = 5.1%) {94.9%}
3  ... 

Histogram: Views.UnnecessaryLayouts recorded 1247 samples, mean = 3.1 (flags = 0x1)
0   ------O                                                                   (56 = 4.5%)
1   ------------------------------------------------------------------------O (662 = 53.1%) {4.5%}
2   -----------------------O                                                  (211 = 16.9%) {57.6%}
3   -------O                                                                  (60 = 4.8%) {74.5%}
4   ---O                                                                      (23 = 1.8%) {79.3%}
5   --O                                                                       (20 = 1.6%) {81.2%}
6   -------O                                                                  (68 = 5.5%) {82.8%}
7   ----O                                                                     (36 = 2.9%) {88.2%}
8   -O                                                                        (13 = 1.0%) {91.1%}
9   -O                                                                        (8 = 0.6%) {92.1%}
10  O                                                                         (3 = 0.2%) {92.8%}
11  -O                                                                        (5 = 0.4%) {93.0%}
12  O                                                                         (0 = 0.0%) {93.4%}
13  O                                                                         (2 = 0.2%) {93.4%}
14  O                                                                         (1 = 0.1%) {93.6%}
15  O                                                                         (1 = 0.1%) {93.7%}
16  O                                                                         (1 = 0.1%) {93.7%}
17  O                                                                         (1 = 0.1%) {93.8%}
18  -----O                                                                    (42 = 3.4%) {93.9%}
19  ---O                                                                      (30 = 2.4%) {97.3%}
20  O                                                                         (1 = 0.1%) {99.7%}
21  O                                                                         (2 = 0.2%) {99.8%}
22  O                                                                         (0 = 0.0%) {99.9%}
23  O                                                                         (1 = 0.1%) {99.9%}
24  ... 

Histogram: Viz.ExternalBeginFrameSource.Interval recorded 2 samples, mean = 16.0 (flags = 0x1)
0   ... 
16  --O                                                                       (2 = 100.0%) {0.0%}
17  ... 

Histogram: WebApp.Database.VersionUpgradedTo recorded 7 samples (flags = 0x1)
1  -O                                                                        (1 = 14.3%)
2  -O                                                                        (1 = 14.3%)
3  -O                                                                        (1 = 14.3%)
4  -O                                                                        (1 = 14.3%)
5  -O                                                                        (1 = 14.3%)
6  -O                                                                        (1 = 14.3%)
7  -O                                                                        (1 = 14.3%)

Histogram: WebApp.DiyAppsInstalledCount.ByUser recorded 1 samples, mean = 0.0 (flags = 0x1)
0  -O                                                                        (1 = 100.0%)
1  ... 

Histogram: WebApp.Engagement.NoUserInstalledApps recorded 1 samples, mean = 0.0 (flags = 0x1)
0  -O                                                                        (1 = 100.0%)
1  ... 

Histogram: WebApp.GeneratedIconFix.StartUpAttemptCount recorded 1 samples, mean = 0.0 (flags = 0x1)
0  -O                                                                        (1 = 100.0%)
1  ... 

Histogram: WebApp.InstalledCount.ByUser recorded 1 samples, mean = 0.0 (flags = 0x1)
0  -O                                                                        (1 = 100.0%)
1  ... 

Histogram: WebApp.InstalledCount.ByUserNotLocallyInstalled recorded 1 samples, mean = 0.0 (flags = 0x1)
0  -O                                                                        (1 = 100.0%)
1  ... 

Histogram: WebApp.InstalledCount.ByUserNotLocallyInstalled.SyncDisabled recorded 1 samples, mean = 0.0 (flags = 0x1)
0  -O                                                                        (1 = 100.0%)
1  ... 

Histogram: WebApp.InstalledCount.HasNoTrustedIcons recorded 1 samples, mean = 0.0 (flags = 0x1)
0  -O                                                                        (1 = 100.0%)
1  ... 

Histogram: WebApp.InstalledCount.HasTrustedIcons recorded 1 samples, mean = 0.0 (flags = 0x1)
0  -O                                                                        (1 = 100.0%)
1  ... 

Histogram: WebApp.Migrations.DefaultDisplayModeToPlatform recorded 1 samples, mean = 0.0 (flags = 0x1)
0  -O                                                                        (1 = 100.0%)
1  ... 

Histogram: WebApp.Migrations.DeprecatedLaunchHandlerToClientMode recorded 1 samples, mean = 0.0 (flags = 0x1)
0  -O                                                                        (1 = 100.0%)
1  ... 

Histogram: WebApp.Migrations.DisplayModeOverrideToDisplayOverrides recorded 1 samples, mean = 0.0 (flags = 0x1)
0  -O                                                                        (1 = 100.0%)
1  ... 

Histogram: WebApp.Migrations.InstallSourceAddUserInstalled recorded 1 samples, mean = 0.0 (flags = 0x1)
0  -O                                                                        (1 = 100.0%)
1  ... 

Histogram: WebApp.Migrations.PartiallyInstalledAppsToCorrectState recorded 1 samples, mean = 0.0 (flags = 0x1)
0  -O                                                                        (1 = 100.0%)
1  ... 

Histogram: WebApp.Migrations.PendingInfoWasIgnoredMigrated recorded 1 samples, mean = 0.0 (flags = 0x1)
0  -O                                                                        (1 = 100.0%)
1  ... 

Histogram: WebApp.Migrations.PendingUpdateInfoIconDataCorrupted recorded 1 samples, mean = 0.0 (flags = 0x1)
0  -O                                                                        (1 = 100.0%)
1  ... 

Histogram: WebApp.Migrations.RelativeManifestIdFragmentRemoved recorded 1 samples, mean = 0.0 (flags = 0x1)
0  -O                                                                        (1 = 100.0%)
1  ... 

Histogram: WebApp.Migrations.RelativeManifestIdPopulatedOrFixed recorded 1 samples, mean = 0.0 (flags = 0x1)
0  -O                                                                        (1 = 100.0%)
1  ... 

Histogram: WebApp.Migrations.ScopeMismatchedWithStartUrl recorded 1 samples, mean = 0.0 (flags = 0x1)
0  -O                                                                        (1 = 100.0%)
1  ... 

Histogram: WebApp.Migrations.ScopeRefQueryRemoved recorded 1 samples, mean = 0.0 (flags = 0x1)
0  -O                                                                        (1 = 100.0%)
1  ... 

Histogram: WebApp.Migrations.ShortcutAppsToDiy2 recorded 1 samples, mean = 0.0 (flags = 0x1)
0  -O                                                                        (1 = 100.0%)
1  ... 

Histogram: WebApp.Uninstall.NonSyncIncompleteCount recorded 1 samples, mean = 0.0 (flags = 0x1)
0  -O                                                                        (1 = 100.0%)
1  ... 

Histogram: WebContentsObserver.DOMContentLoaded recorded 5 samples, mean = 0.0 (flags = 0x1)
0  -----O                                                                    (5 = 100.0%)
1  ... 

Histogram: WebContentsObserver.DidChangeVisibleSecurityState recorded 6 samples, mean = 0.0 (flags = 0x1)
0  ------O                                                                   (6 = 100.0%)
1  ... 

Histogram: WebContentsObserver.DidFinishLoad recorded 5 samples, mean = 0.0 (flags = 0x1)
0  -----O                                                                    (5 = 100.0%)
1  ... 

Histogram: WebContentsObserver.DidFinishNavigation recorded 6 samples, mean = 0.3 (flags = 0x1)
0  -----O                                                                    (5 = 83.3%)
1  O                                                                         (0 = 0.0%) {83.3%}
2  -O                                                                        (1 = 16.7%) {83.3%}
3  ... 

Histogram: WebContentsObserver.DidFirstVisuallyNonEmptyPaint recorded 2 samples, mean = 0.0 (flags = 0x1)
0  --O                                                                       (2 = 100.0%)
1  ... 

Histogram: WebContentsObserver.DidStartLoading recorded 5 samples, mean = 0.0 (flags = 0x1)
0  -----O                                                                    (5 = 100.0%)
1  ... 

Histogram: WebContentsObserver.DidStartNavigation recorded 6 samples, mean = 1.2 (flags = 0x1)
0  ---O                                                                      (3 = 50.0%)
1  -O                                                                        (1 = 16.7%) {50.0%}
2  -O                                                                        (1 = 16.7%) {66.7%}
3  O                                                                         (0 = 0.0%) {83.3%}
4  -O                                                                        (1 = 16.7%) {83.3%}
5  ... 

Histogram: WebContentsObserver.DidStartNavigation.MainFrame recorded 6 samples, mean = 1.2 (flags = 0x1)
0  ---O                                                                      (3 = 50.0%)
1  -O                                                                        (1 = 16.7%) {50.0%}
2  -O                                                                        (1 = 16.7%) {66.7%}
3  O                                                                         (0 = 0.0%) {83.3%}
4  -O                                                                        (1 = 16.7%) {83.3%}
5  ... 

Histogram: WebContentsObserver.DidStopLoading recorded 5 samples, mean = 0.0 (flags = 0x1)
0  -----O                                                                    (5 = 100.0%)
1  ... 

Histogram: WebContentsObserver.DidUpdateNavigationHandleTiming recorded 13 samples, mean = 0.0 (flags = 0x1)
0  -------------O                                                            (13 = 100.0%)
1  ... 

Histogram: WebContentsObserver.LoadProgressChanged recorded 26 samples, mean = 0.0 (flags = 0x1)
0  --------------------------O                                               (26 = 100.0%)
1  ... 

Histogram: WebContentsObserver.NavigationEntryChanged recorded 1 samples, mean = 0.0 (flags = 0x1)
0  -O                                                                        (1 = 100.0%)
1  ... 

Histogram: WebContentsObserver.NavigationEntryCommitted recorded 6 samples, mean = 0.0 (flags = 0x1)
0  ------O                                                                   (6 = 100.0%)
1  ... 

Histogram: WebContentsObserver.OnVisibilityChanged recorded 2 samples, mean = 1.0 (flags = 0x1)
0  -O                                                                        (1 = 50.0%)
1  O                                                                         (0 = 0.0%) {50.0%}
2  -O                                                                        (1 = 50.0%) {50.0%}
3  ... 

Histogram: WebContentsObserver.OnVisibilityWillChange recorded 2 samples, mean = 0.0 (flags = 0x1)
0  --O                                                                       (2 = 100.0%)
1  ... 

Histogram: WebContentsObserver.PrimaryMainDocumentElementAvailable recorded 5 samples, mean = 0.0 (flags = 0x1)
0  -----O                                                                    (5 = 100.0%)
1  ... 

Histogram: WebContentsObserver.RenderFrameCreated recorded 5 samples, mean = 0.0 (flags = 0x1)
0  -----O                                                                    (5 = 100.0%)
1  ... 

Histogram: WebContentsObserver.RenderFrameDeleted recorded 5 samples, mean = 0.0 (flags = 0x1)
0  -----O                                                                    (5 = 100.0%)
1  ... 

Histogram: WebContentsObserver.RenderViewReady recorded 4 samples, mean = 0.0 (flags = 0x1)
0  ----O                                                                     (4 = 100.0%)
1  ... 

Histogram: WebContentsObserver.TitleWasSet recorded 1 samples, mean = 0.0 (flags = 0x1)
0  -O                                                                        (1 = 100.0%)
1  ... 

Histogram: WebContentsObserver.TitleWasSetForMainFrame recorded 1 samples, mean = 0.0 (flags = 0x1)
0  -O                                                                        (1 = 100.0%)
1  ... 

Histogram: WebCore.Scripts.V8CrowdsourcedCompileHints.ModelQuality recorded 1 samples, mean = 0.0 (flags = 0x1)
0  -O                                                                        (1 = 100.0%)
1  ... 

Histogram: WebDatabase.InitResult recorded 2 samples, mean = 0.0 (flags = 0x1)
0  --O                                                                       (2 = 100.0%)
1  ... 

Histogram: WebUI.WebUIURLLoaderFactory.URLRequestLoadTime recorded 2 samples, mean = 19.5 (flags = 0x1)
0   -O                                                                        (1 = 50.0%)
1   ... 
34  -O                                                                        (1 = 50.0%) {50.0%}
40  ... 

Histogram: Webapp.NavigationCapturing.Result recorded 1 samples, mean = 13.0 (flags = 0x1)
0   ... 
13  -O                                                                        (1 = 100.0%) {0.0%}
14  O                                                                         (0 = 0.0%) {100.0%}

Histogram: WhatsNew.StartupType recorded 2 samples, mean = 1.5 (flags = 0x1)
0  -O                                                                        (1 = 50.0%)
1  ... 
3  -O                                                                        (1 = 50.0%) {50.0%}
4  ... 


